-- CREATE DATABASE hospital_system;

-- \c hospital_system


-- ******************************** ENUM CREATION STARTS HERE ******************************** --

CREATE TYPE time_type
	AS ENUM('Full-Time', 'Part-Time', 'On-Call');

CREATE TYPE employment_type
	AS ENUM('Permanent', 'Temporary', 'Contractor');

CREATE TYPE direction
	AS ENUM('South East', 'North East', 'South West', 'North West');

CREATE TYPE patient_status
	AS ENUM('Undergoing Tests','Under Treatment', 'End of Life Care', 'Deceased', 'Discharged');

CREATE TYPE severity
	AS ENUM('N/A', 'Low Mortality', 'Medium Mortality', 'High Mortality');

CREATE TYPE smoking_usage
	AS ENUM('Trying to quit', 'Used to smoke', 'None');

CREATE TYPE alcohol_usage
	AS ENUM('None', 'Monthly', 'Weekly', 'Daily');

CREATE TYPE exercise_amount
	AS ENUM('Sedentary', 'Daily', 'Weekly', 'Monthly');

CREATE TYPE dietary_type
	AS ENUM('Standard Western Diet', 'Vegan', 'Vegetarian', 'Pescatarian', 'Carnivore');

CREATE TYPE country
	AS ENUM('England', 'Wales', 'Northern Ireland', 'Scotland');

CREATE TYPE appointment_status
	AS ENUM('Cancelled', 'Did not attend', 'Attended', 'Rescheduled');

CREATE TYPE positive_negative
	AS ENUM('Positive', 'Negative');

CREATE TYPE sex
	AS ENUM('Male', 'Female');

CREATE TYPE address_type
	AS ENUM('Staff', 'Patient', 'Hospital');

CREATE TYPE feedback_status
	AS ENUM('Open', 'Closed');

	
-- ******************************** TABLE CREATION STARTS HERE ******************************** --

CREATE TABLE city(
	city_id SERIAL PRIMARY KEY,
	name VARCHAR(50) NOT NULL
);

CREATE TABLE address(
	address_id SERIAL PRIMARY KEY,
	city_id INT NOT NULL REFERENCES city(city_id),
	country country NOT NULL,
	address_line_1 VARCHAR(150) NOT NULL,
	address_line_2 VARCHAR(150),
	postcode VARCHAR(8) NOT NULL,
	direction direction NOT NULL,
	address_type address_type NOT NULL
);

CREATE TABLE department(
	department_id SERIAL PRIMARY KEY,
	name VARCHAR(50) NOT NULL,
	description TEXT NOT NULL
);

CREATE TABLE intervention_type(
	intervention_type_id SERIAL PRIMARY KEY,
	name VARCHAR(50) NOT NULL,
	description TEXT NOT NULL
);

CREATE TABLE intervention(
	intervention_id SERIAL PRIMARY KEY,
	intervention_type_id INT NOT NULL REFERENCES intervention_type(intervention_type_id),
	name VARCHAR(50) NOT NULL,
	description TEXT NOT NULL
);

CREATE TABLE illness_type(
	illness_type_id SERIAL PRIMARY KEY,
	name VARCHAR(50) NOT NULL,
	description TEXT NOT NULl
);

CREATE TABLE illness(
	illness_id SERIAL PRIMARY KEY,
	name VARCHAR(50) NOT NULL,
	severity severity NOT NULL,
	description TEXT NOT NULL
);

CREATE TABLE illness_types(
	illness_id INT NOT NULL REFERENCES illness(illness_id),
	illness_type_id INT NOT NULL REFERENCES illness_type(illness_type_id),
	PRIMARY KEY(illness_id, illness_type_id)
);

CREATE TABLE profession(
	profession_id SERIAL PRIMARY KEY,
	department_id INT NOT NULL REFERENCES department(department_id),
	name VARCHAR(50) NOT NULL,
	description TEXT
);

CREATE TABLE hospital(
	hospital_id SERIAL PRIMARY KEY,
	address_id INT NOT NULL REFERENCES address(address_id),
	nhs_hosp_id VARCHAR(20) NOT NULL UNIQUE,
	name VARCHAR(100) NOT NULL,
	telephone VARCHAR(11) NOT NULL UNIQUE,
	email VARCHAR(255) NOT NULL UNIQUE
);

CREATE TABLE hospital_department(
	hospital_id INT NOT NULL REFERENCES hospital(hospital_id),
	department_id INT NOT NULL REFERENCES department(department_id),
	extension VARCHAR(5) NOT NULL,
	email VARCHAR(255) NOT NULL,
	PRIMARY KEY(hospital_id, department_id)
);

CREATE TABLE staff(
	staff_id SERIAL PRIMARY KEY,
	address_id INT NOT NULL REFERENCES address(address_id),
	nhs_staff_id VARCHAR(20) NOT NULL UNIQUE,
	first_name VARCHAR(50) NOT NULL,
	middle_name VARCHAR(50),
	last_name VARCHAR(50) NOT NULL,
	telephone VARCHAR(11) NOT NULL UNIQUE,
	personal_email VARCHAR(255) NOT NULL UNIQUE,
	work_email VARCHAR(255) NOT NULL UNIQUE,
	date_of_birth DATE NOT NULL
);

CREATE TABLE staff_profession(
	staff_id INT NOT NULL REFERENCES staff(staff_id),
	profession_id INT NOT NULL REFERENCES profession(profession_id),
	hospital_id INT NOT NULL REFERENCES hospital(hospital_id),
	yearly_salary NUMERIC(8,2) NOT NULL,
	time_type time_type NOT NULL,
	employment_type employment_type NOT NULL,
	start_date DATE NOT NULL,
	end_date DATE,
	PRIMARY KEY(staff_id, profession_id, hospital_id)
);

CREATE TABLE shift(
	shift_id SERIAL PRIMARY KEY,
	staff_id INT NOT NULL REFERENCES staff(staff_id),
	hospital_id INT NOT NULL REFERENCES hospital(hospital_id),
	shift_date DATE NOT NULL,
	shift_start TIME NOT NULL,
	shift_end TIME NOT NULL,
	clocked_in TIME,
	clocked_out TIME
);

CREATE TABLE recreation(
	recreation_id SERIAL PRIMARY KEY,
	name VARCHAR(50) NOT NULL
);

CREATE TABLE patient(
	patient_id SERIAL PRIMARY KEY,
	address_id INT NOT NULL REFERENCES address(address_id),
	nhs_number VARCHAR(10) NOT NULL UNIQUE,
	first_name VARCHAR(50) NOT NULL,
	middle_name VARCHAR(50),
	last_name VARCHAR(50) NOT NULL,
	telephone VARCHAR(11),
	email VARCHAR(255) NOT NULL UNIQUE,
	sex sex NOT NULL,
	date_of_birth DATE NOT NULL
);

CREATE TABLE patient_recreational_usage(
	patient_id INT NOT NULL REFERENCES patient(patient_id),
	recreation_id INT NOT NULL REFERENCES recreation(recreation_id),
	recreation_amount alcohol_usage NOT NULL,
	PRIMARY KEY(patient_id, recreation_id)
);

CREATE TABLE patient_lifestyle(
	patient_lifestyle_id SERIAL PRIMARY KEY,
	patient_id INT NOT NULL REFERENCES patient(patient_id),
	smoking_usage smoking_usage NOT NULL,
	smoking_amount SMALLINT,
	alcohol_usage alcohol_usage NOT NULL,
	alcohol_amount NUMERIC(4,1),
	recreational_usage recreational_usage NOT NULL,
	exercise_amount exercise_amount NOT NULL,
	dietary_type dietary_type NOT NULL,
	notes TEXT
);

CREATE TABLE patient_indicator(
	patient_indicator_id SERIAL PRIMARY KEY,
	patient_id INT NOT NULL REFERENCES patient(patient_id),
	hdl NUMERIC(5,2),
	ldl NUMERIC(5,2),
	triglycerides NUMERIC(5,2),
	total_cholesterol NUMERIC(5,2),
	systolic SMALLINT,
	diastolic SMALLINT,
	blood_sugar NUMERIC(5,2),
	weight_kg NUMERIC(5,2),
	height_cm NUMERIC(5,2),
	date_confirmed DATE NOT NULL
);

CREATE TABLE patient_illness(
	patient_illness_id SERIAL PRIMARY KEY,
	patient_id INT NOT NULL REFERENCES patient(patient_id),
	illness_id INT NOT NULL REFERENCES illness(illness_id),
	staff_id INT NOT NULL REFERENCES staff(staff_id),
	symptoms TEXT,
	findings TEXT,
	diagnosis_date DATE NOT NULL
);

CREATE TABLE hospitalized(
	hospitalization_id SERIAL PRIMARY KEY,
	patient_id INT NOT NULL REFERENCES patient(patient_id),
	hospital_id INT NOT NULL REFERENCES hospital(hospital_id),
	patient_status patient_status NOT NULL,
	checked_in TIMESTAMP NOT NULL,
	checked_out TIMESTAMP
);

CREATE TABLE hospitalization_cause(
	hospitalization_id INT NOT NULL REFERENCES hospitalized(hospitalization_id),
	illness_id INT NOT NULL REFERENCES illness(illness_id),
	staff_id INT NOT NULL REFERENCES staff(staff_id),
	PRIMARY KEY(hospitalization_id, illness_id)
);

CREATE TABLE appointment(
	appointment_id SERIAL PRIMARY KEY,
	patient_id INT NOT NULL REFERENCES patient(patient_id),
	department_id INT NOT NULL REFERENCES department(department_id),
	hospital_id INT NOT NULL REFERENCES hospital(hospital_id),
	intervention_id INT NOT NULL REFERENCES intervention(intervention_id),
	notes TEXT,
	appointment_date TIMESTAMP NOT NULL,
	appointment_status appointment_status
);

CREATE TABLE staff_appointment(
	staff_id INT NOT NULL REFERENCES staff(staff_id),
	appointment_id INT NOT NULL REFERENCES appointment(appointment_id),
	PRIMARY KEY(staff_id, appointment_id)
);

CREATE TABLE appointment_result(
	appointment_result_id SERIAL PRIMARY KEY,
	appointment_id INT NOT NULL REFERENCES appointment(appointment_id),
	illness_id INT NOT NULL REFERENCES illness(illness_id),
	staff_id INT NOT NULL REFERENCES staff(staff_id),
	notes TEXT,
	confirmed_date DATE
);

CREATE TABLE finding(
	finding_id SERIAL PRIMARY KEY,
	name VARCHAR(50) NOT NULL
);

CREATE TABLE appointment_result_finding(
	appointment_result_id INT NOT NULL REFERENCES appointment_result(appointment_result_id),
	finding_id INT NOT NULL REFERENCES finding(finding_id),
	PRIMARY KEY(appointment_result_id, finding_id)
);

CREATE TABLE symptom(
	symptom_id SERIAL PRIMARY KEY,
	name VARCHAR(50) NOT NULL
);

CREATE TABLE appointment_symptom(
	appointment_id INT NOT NULL REFERENCES appointment(appointment_id),
	symptom_id INT NOT NULL REFERENCES symptom(symptom_id),
	PRIMARY KEY(appointment_id, symptom_id)
);

CREATE TABLE feedback(
	feedback_id SERIAL PRIMARY KEY,
	reviewer_id INT REFERENCES staff(staff_id),
	staff_id INT REFERENCES staff(staff_id),
	patient_id INT REFERENCES patient(patient_id),
	feedback_type positive_negative NOT NULL,
	feedback_status feedback_status NOT NULL,
	notes TEXT NOT NULL,
	verified BOOL DEFAULT FALSE
);

CREATE TABLE staff_performance(
	performance_id SERIAL PRIMARY KEY,
	staff_id INT NOT NULL REFERENCES staff(staff_id),
	performance_type positive_negative NOT NULL,
	performance_desc TEXT NOT NULL
);

CREATE TABLE stock_type(
	stock_type_id SERIAL PRIMARY KEY,
	name VARCHAR(50) NOT NULL
);

CREATE TABLE stock(
	stock_id SERIAL PRIMARY KEY,
	stock_type_id INT NOT NULL REFERENCES stock_type(stock_type_id),
	name VARCHAR(100) NOT NULL,
	description TEXT NOT NULL
);

CREATE TABLE hospital_stock(
	hospital_id INT NOT NULL REFERENCES hospital(hospital_id),
	stock_id INT NOT NULL REFERENCES stock(stock_id),
	total_amount INT NOT NULL,
	PRIMARY KEY(hospital_id, stock_id)
);

CREATE TABLE appointment_stock(
	appointment_id INT NOT NULL REFERENCES appointment(appointment_id),
	stock_id INT NOT NULL REFERENCES stock(stock_id),
	amount_used SMALLINT NOT NULL,
	PRIMARY KEY(appointment_id, stock_id)
);


-- **************************** TRIG / FUNC CREATION STARTS HERE **************************** --

CREATE OR REPLACE FUNCTION add_patient_illness()

	RETURNS TRIGGER AS
	$$

	BEGIN

		IF 
			new.illness_id != 19
		THEN

			INSERT INTO 
				patient_illness(patient_id, illness_id, staff_id, symptoms, findings, diagnosis_date)
			SELECT 
				a.patient_id, new.illness_id, new.staff_id, a.notes, new.notes, new.confirmed_date
			FROM
				appointment_result ar
			JOIN
				appointment a
			ON
				new.appointment_id = a.appointment_id
			LIMIT 1;

		END IF;

		RETURN NEW;
	END;
$$
LANGUAGE PLPGSQL;

CREATE TRIGGER trig_add_patient_illness

	AFTER INSERT ON

		appointment_result

	FOR EACH ROW

EXECUTE PROCEDURE add_patient_illness();

CREATE OR REPLACE FUNCTION update_hospital_stock()

	RETURNS TRIGGER AS
	$$

	BEGIN
		UPDATE
			hospital_stock hs
		SET
			total_amount = hs.total_amount - new.amount_used
		FROM
			appointment_stock ast
		JOIN
			appointment a
		ON
			new.appointment_id = a.appointment_id
		JOIN
			hospital h
		ON
			a.hospital_id = h.hospital_id
		WHERE
			new.stock_id = hs.stock_id
		AND
			hs.hospital_id = h.hospital_id;
		

		RETURN NEW;
	END;
$$
LANGUAGE PLPGSQL;

CREATE TRIGGER trig_update_hospital_stock

	AFTER INSERT ON

		appointment_stock

	FOR EACH ROW

EXECUTE PROCEDURE update_hospital_stock();


-- **************************** VIEW / QUERY CREATION STARTS HERE **************************** --

CREATE VIEW
	patient_heart_disease_indicators AS
		SELECT
			EXTRACT(YEAR FROM age(current_date, date_of_birth)) AS "Patient Age",
			pi.hdl AS "HDL Count",
			pi.ldl AS "LDL Count",
			pi.triglycerides AS "Triglycerides Count",
			pi.total_cholesterol AS "Total Cholesterol",
			pi.systolic AS "Systolic Pressure",
			pi.diastolic AS "Diastolic Pressure",
			pi.blood_sugar AS "Blood Sugar Level"
		FROM
			patient p
		JOIN
			patient_indicator pi
		ON
			p.patient_id = pi.patient_id
		JOIN
			patient_illness pil
		ON
			pi.patient_id = pil.patient_id
		WHERE
			pil.illness_id = 2;

CREATE VIEW
	patient_heart_disease_symptoms AS
		SELECT
			s.name AS "Coronary Heart Disease Symptoms",
			CONCAT(ROUND((COUNT(aps.symptom_id)::numeric / (SELECT COUNT(apr.appointment_id) FROM appointment_result apr WHERE apr.illness_id = 2) * 100), 2), '%') AS "Occurence Percentage"
		FROM
			symptom s
		JOIN
			appointment_symptom aps
		ON
			s.symptom_id = aps.symptom_id
		JOIN
			appointment_result apr
		ON
			aps.appointment_id = apr.appointment_id
		WHERE
			apr.illness_id = 2
		GROUP BY 
			s.symptom_id
		ORDER BY
			"Occurence Percentage" DESC;


-- ******************************** DATA INSERTION STARTS HERE ******************************** --

INSERT INTO 
	city(name)
		VALUES
			('Bath'),
			('Birmingham'),
			('Bradford'),
			('Brighton & Hove'),
			('Bristol'),
			('Cambridge'),
			('Canterbury'),
			('Carlisle'),
			('Chelmsford'),
			('Chester'),
			('Chichester'),
			('Colchester'),
			('Coventry'),
			('Derby'),
			('Doncaster'),
			('Durham'),
			('Ely'),
			('Exeter'),
			('Gloucester'),
			('Hereford'),
			('Kingston upon Hull'),
			('Lancaster'),
			('Leeds'),
			('Leicester'),
			('Lichfield'),
			('Lincoln'),
			('Liverpool'),
			('City of London'),
			('Manchester'),
			('Milton Keynes'),
			('Newcastle upon Tyne'),
			('Norwich'),
			('Nottingham'),
			('Oxford'),
			('Peterborough'),
			('Plymouth'),
			('Portsmouth'),
			('Preston'),
			('Ripon'),
			('Salford'),
			('Salisbury'),
			('Sheffield'),
			('Southampton'),
			('Southend-on-Sea'),
			('St Albans'),
			('Stoke-on-Trent'),
			('Sunderland'),
			('Truro'),
			('Wakefield'),
			('Wells'),
			('Westminster'),
			('Winchester'),
			('Wolverhampton'),
			('Worcester'),
			('York'),
			('Bangor'),
			('Cardiff'),
			('Newport'),
			('St Asaph'),
			('St Davids'),
			('Swansea'),
			('Wrexham'),
			('Aberdeen'),
			('Dundee'),
			('Dunfermline'),
			('Edinburgh'),
			('Glasgow'),
			('Inverness'),
			('Perth'),
			('Stirling'),
			('Belfast'),
			('Londonderry'),
			('Lisburn'),
			('Newry'),
			('Armagh'),
			('Bangor');

INSERT INTO
	department(name, description)
		VALUES
			('Accident & Emergency', 'Department handling accidents and emergency illnesses'),
			('Cardiology', 'Department focusing on heart health'),
			('Oncology', 'Department focusing on cancer treatment'),
			('Respiratory', 'Department focusing on lung health'),
			('Neurology', 'Department focusing on brain health'),
			('Radiology', 'Department focusing on CT, MRI, Ultrasound & X-Ray for diagnostic purposes'),
			('Gastroenterology', 'Department focusing on digestive health'),
			('Pharmacology', 'Department focusing on supplying patients with correct medication'),
			('Pathology', 'Department focusing on illnesses discovered through bodily fluids'),
			('Nursing', 'Department for standard nurses');

INSERT INTO
	intervention_type(name, description)
		VALUES
			('Surgery', 'Covers any surgical operation of the body'),
			('Scan', 'Creating images of bones or internal organs (MRI, X-Ray, CT, Ultrasound)'),
			('Blood / Lipid', 'Any procedure that involves blood analysis'),
			('Injection / Drips', 'Any type of injection (IM, SC, IV, ID)'),
			('Electrodiagnostic Monitoring', 'Electrical devices used to check the health of specific organs');

INSERT INTO
	intervention(intervention_id, intervention_type_id, name, description)
		VALUES
			(1, 1, 'Heart Transplant', 'Replacing a failing heart with a healthier organ'), -- Heart Surgery
			(2, 1, 'Coronary Artery Stent', 'Placing a stent in the one or more heart arteries due to blockage / plaque build up'), -- Heart Surgery
			(3, 1, 'Valve Repair', 'Repairing one or more heart valves'), -- Heart Surgery
			(4, 1, 'Lung Transplant', 'Replacing one or more lungs with a healthier organ'), -- Lung Surgery
			(5, 1, 'Lobectomy', 'Removing a lobe of the lung'), -- Lung Surgery
			(6, 1, 'Pneumonectomy', 'Removal of one lung'), -- Lung Surgery
			(7, 1, 'Craniotomy', 'Skull opening for access to the brain'), -- Brain Surgery
			(8, 1, 'Aneurysm Clipping', 'Isolating a brain aneurysm'), -- Brain Surgery
			(9, 1, 'Brain Tumor Removal', 'Removal of a tumour in the brain'), -- Brain Surgery
			(10, 2, 'Aortic Ultrasound', 'Scan of the aorta for abnormalities'), -- Aorta Ultrasound
			(11, 2, 'Penile Ultrasound', 'Scan of the penis for abnormalities'), -- Penile Ultrasound
			(12, 2, 'Neck Ultrasound', 'Scan of the neck for neck and throat abnormalities'), -- Neck Ultrasound
			(13, 2, 'Head MRI', 'Scan of the head for brain and neck abnormalities'), -- Head MRI
			(14, 2, 'Head CT', 'Scan of the head for brain and neck abnormalities'), -- Head MRI
			(15, 2, 'Chest CT', 'Scan of the chest to look for lung and heart abnormalities'), -- Chest CT
			(16, 2, 'Chest X-Ray', 'Scan of the chest to look for lung and heart abnormalities'), -- Chest X-Ray
			(17, 3, 'Blood Draw', 'Withdrawal of blood for analysis to look for abnormal values'), -- Blood Draw
			(18, 4, 'Chemotherapy Drip', 'Insertion of chemotherapy solution as a treatment for cancer'), -- Chemotherapy Drip
			(19, 4, 'Nutrient Drip', 'Insertion of nutrients to nourish patients unable to digest food and drink'), -- Nutrient Drip
			(20, 5, 'EKG', 'Measuring the electrical rhythm of the heart');

INSERT INTO
	illness_type(name, description)
		VALUES
			('Cardiovascular', 'Issues involving the heart'),
			('Neurological', 'Issues involving the brain'),
			('Respiratory', 'Issues involving lungs and airways'),
			('Gastrointestinal', 'Issues involving the stomach and intestines'),
			('Haematological', 'Issues involving the blood'),
			('None', 'N/A'),
			('Urological', 'Issues involving the genitalia'),
			('Cancer', 'Non-benign tumour growths in parts of the body');

INSERT INTO
	illness(illness_id, name, description, severity)
		VALUES
			(1, 'Heart Failure', 'Heart disease beyond repair', 'High Mortality'),
			(2, 'Coronary Artery Disease', 'Build up of plaque in one or more arteries of the heart', 'Medium Mortality'),
			(3, 'Valve Stenosis', 'Valve unable to open fully limiting bloodflow', 'Medium Mortality'),
			(4, 'Lung Failure', 'Lung issues that are beyond repair', 'High Mortality'),
			(5, 'Stage 1 Lung Cancer', 'One or more cancerous tumours on part of the lungs', 'Low Mortality'),
			(6, 'Stage 2 Lung Cancer', 'One or more cancerous tumours on part of the lungs', 'Medium Mortality'),
			(7, 'Stage 3 Lung Cancer', 'One or more cancerous tumours on part of the lungs', 'Medium Mortality'),
			(8, 'Stage 4 Lung Cancer', 'One or more cancerous tumours on part of the lungs', 'High Mortality'),
			(9, 'Lung Fungal Infection', 'Severe infection of the lungs', 'Low Mortality'),
			(10, 'Brain Aneurysm', 'Aneurysm of any location in the brain', 'Medium Mortality'),
			(11, 'Grade 1 Brain Cancer', 'One or more cancerous tumours on the brain', 'Low Mortality'),
			(12, 'Grade 2 Brain Cancer', 'One or more cancerous tumours on the brain', 'Medium Mortality'),
			(13, 'Grade 3 Brain Cancer', 'One or more cancerous tumours on the brain', 'High Mortality'),
			(14, 'Grade 4 Brain Cancer', 'One or more cancerous tumours on the brain', 'High Mortality'),
			(15, 'Irritable Bowel Syndrome (IBS)', 'Sensitive bowels that react to specific types of dietary context', 'Low Mortality'),
			(16, 'Gastroesophageal Reflux Disease (GERD)', 'Condition that causes stomach contents to raise up into the lower throat', 'Low Mortality'),
			(17, 'Acute Lymphoblastic Leukemia', 'Cancer of blood and bone marrow affecting lymphoblasts', 'Medium Mortality'),
			(18, 'Penile Fibrosis', 'Fibrosis / Scarring appearing on any internal structure of the penis', 'N/A'),
			(19, 'Symptoms Only', 'Symptoms present but no illness identified at this time', 'N/A');

INSERT INTO
	illness_types(illness_id, illness_type_id)
		VALUES
			(1, 1),
			(2, 1),
			(3, 1),
			(4, 3),
			(5, 3),
			(6, 3),
			(7, 3),
			(8, 3),
			(5, 8),
			(6, 8),
			(7, 8),
			(8, 8),
			(9, 3),
			(10, 2),
			(11, 2),
			(12, 2),
			(13, 2),
			(14, 2),
			(11, 8),
			(12, 8),
			(13, 8),
			(14, 8),
			(15, 4),
			(16, 4),
			(17, 5),
			(18, 7),
			(19, 6);

INSERT INTO
	address(city_id, country, address_line_1, address_line_2, postcode, direction, address_type)
		VALUES
			-- PATIENT ADDRESSES
			(1, 'England', '85 Bramble Close', 'Unit 96, Old Town', 'BA16 4MA', 'South West', 'Patient'),
			(1, 'England', '87 Meadow Way', 'Castle Ward Industrial Estate', 'BA4 3EK', 'South West', 'Patient'),
			(1, 'England', '191 Cathedral Close', 'Castle Ward Business Park', 'BA14 9YC', 'South West', 'Patient'),
			(2, 'England', '49 Cathedral Close', 'Unit 53, Springfield', 'B95 7SM', 'North West', 'Patient'),
			(2, 'England', '15 Cross Street', 'West End', 'B91 8NE', 'North West', 'Patient'),
			(2, 'England', '135 Hilltop Drive', 'Flat 25, Harbourside', 'B26 0HB', 'North West', 'Patient'),
			(3, 'England', '117 Victoria Road', 'Fairfield Business Park', 'BD36 5PS', 'North East', 'Patient'),
			(3, 'England', '102 North Street', 'Apt 4, Lakeside', 'BD31 5RW', 'North East', 'Patient'),
			(3, 'England', '115 The Crescent', 'St Marys Trading Estate', 'BD45 5FJ', 'North East', 'Patient'),
			(4, 'England', '192 Bramble Close', 'Apt 4, Newtown', 'BN50 0FU', 'South East', 'Patient'),
			(4, 'England', '55 West End', 'Unit 27, Lakeside', 'BN35 6SA', 'South East', 'Patient'),
			(4, 'England', '197 Westgate', 'Flat 17, Southbank', 'BN83 2WA', 'South East', 'Patient'),
			(5, 'England', '58 New Street', 'Summerhill Science Park', 'BS92 4ON', 'South West', 'Patient'),
			(5, 'England', '90 Abbey Road', 'Cathedral Quarter Industrial Estate', 'BS39 8WN', 'South West', 'Patient'),
			(5, 'England', '150 London Road', 'Flat 85, Meadowlands', 'BS48 8YW', 'South West', 'Patient'),
			(6, 'England', '156 Riverside', 'Lakeside Industrial Estate', 'CB62 1LJ', 'South East', 'Patient'),
			(6, 'England', '164 Hawthorn Close', 'Castle Ward Industrial Estate', 'CB92 4GE', 'South East', 'Patient'),
			(6, 'England', '133 Rosemary Lane', 'Unit 77, Old Town', 'CB52 5ZE', 'South East', 'Patient'),
			(7, 'England', '185 Station Road', 'Newtown Trading Estate', 'CT54 6NB', 'South East', 'Patient'),
			(7, 'England', '150 Bridle Path', 'Springfield Science Park', 'CT44 3ZT', 'South East', 'Patient'),
			(7, 'England', '164 School Lane', 'Meadowlands Business Park', 'CT22 8FK', 'South East', 'Patient'),
			(8, 'England', '25 School Lane', 'Hillfields', 'CA93 8FZ', 'North West', 'Patient'),
			(8, 'England', '86 South Street', 'Apt 46, University Quarter', 'CA29 4OL', 'North West', 'Patient'),
			(8, 'England', '96 New Street', 'Newtown Science Park', 'CA16 7BY', 'North West', 'Patient'),
			(9, 'England', '150 Orchard Way', 'West End Science Park', 'CM25 8DZ', 'South East', 'Patient'),
			(9, 'England', '98 The Avenue', 'Hampton Fields Industrial Estate', 'CM20 2GL', 'South East', 'Patient'),
			(9, 'England', '105 Hilltop Drive', 'Riverside Trading Estate', 'CM92 2CR', 'South East', 'Patient'),
			(10, 'England', '86 North Street', 'Kingsmead', 'CH8 0PJ', 'North West', 'Patient'),
			(10, 'England', '54 Rosemary Lane', 'St Marys', 'CH21 7CE', 'North West', 'Patient'),
			(10, 'England', '158 Castle Street', 'The Wharfside', 'CH62 6AB', 'North West', 'Patient'),
			(11, 'England', '137 Oakfield Road', 'City Centre Business Park', 'PO97 8GA', 'South East', 'Patient'),
			(11, 'England', '174 High Street', 'Unit 89, University Quarter', 'PO45 4ED', 'South East', 'Patient'),
			(11, 'England', '99 Cross Street', 'Newtown Science Park', 'PO9 0KK', 'South East', 'Patient'),
			(12, 'England', '117 Brookside', 'St Peters Retail Park', 'CO44 6ZE', 'South East', 'Patient'),
			(12, 'England', '88 Chapel Street', 'Abbeymead Business Park', 'CO22 6AH', 'South East', 'Patient'),
			(12, 'England', '58 Brookside', 'Cathedral Quarter', 'CO3 9SF', 'South East', 'Patient'),
			(13, 'England', '32 Maple Road', 'Flat 82, Wharfside', 'CV33 8WB', 'North East', 'Patient'),
			(13, 'England', '153 Victoria Road', 'Apt 3, St Pauls', 'CV7 1OP', 'North East', 'Patient'),
			(13, 'England', '98 Queen Street', 'Castle Ward Retail Park', 'CV90 2GZ', 'North East', 'Patient'),
			(14, 'England', '162 High Street', 'Hampton Fields Industrial Estate', 'DE13 8JW', 'North East', 'Patient'),
			(14, 'England', '156 Bramble Close', 'Hampton Fields', 'DE66 9DK', 'North East', 'Patient'),
			(14, 'England', '30 London Road', 'Cathedral Quarter Trading Estate', 'DE26 4SG', 'North East', 'Patient'),
			(15, 'England', '92 Bridle Path', 'The Newtown', 'DN6 8RG', 'North East', 'Patient'),
			(15, 'England', '177 School Lane', 'University Quarter Business Park', 'DN2 1DU', 'North East', 'Patient'),
			(15, 'England', '172 Chapel Street', 'West End', 'DN10 1JY', 'North East', 'Patient'),
			(16, 'England', '60 Abbey Road', 'Castle Ward Industrial Estate', 'DH7 1FB', 'North East', 'Patient'),
			(16, 'England', '75 Maple Road', 'Hampton Fields Business Park', 'DH15 1BA', 'North East', 'Patient'),
			(17, 'England', '36 Eastgate', 'Kingsmead', 'CB57 9JC', 'South East', 'Patient'),
			(17, 'England', '96 Cedar Drive', 'East Side', 'CB52 7JN', 'South East', 'Patient'),
			(18, 'England', '177 School Lane', 'The St Pauls', 'EX15 2BF', 'South West', 'Patient'),
			(18, 'England', '27 Harbour View', 'Southbank Science Park', 'EX87 7FW', 'South West', 'Patient'),
			(19, 'England', '98 Willow Avenue', 'City Centre Science Park', 'GL94 2RR', 'South West', 'Patient'),
			(19, 'England', '29 Harbour View', 'Old Town Trading Estate', 'GL34 5AZ', 'South West', 'Patient'),
			(20, 'England', '135 Foxglove Way', 'Hillfields Science Park', 'HR29 5SS', 'South West', 'Patient'),
			(20, 'England', '177 Bramble Close', 'East Side Science Park', 'HR85 3RM', 'South West', 'Patient'),
			(21, 'England', '170 Westgate', 'The Riverside', 'HU79 0AY', 'North East', 'Patient'),
			(21, 'England', '41 Cross Street', 'Southbank Trading Estate', 'HU10 7LH', 'North East', 'Patient'),
			(22, 'England', '85 Short Lane', 'Flat 29, Meadowlands', 'LA71 6NH', 'North West', 'Patient'),
			(22, 'England', '21 Abbey Road', 'Summerhill Trading Estate', 'LA58 1RP', 'North West', 'Patient'),
			(23, 'England', '81 Queen Street', 'Hillfields Trading Estate', 'LS3 1NO', 'North East', 'Patient'),
			(23, 'England', '10 The Green', 'City Centre Retail Park', 'LS78 9YK', 'North East', 'Patient'),
			(24, 'England', '131 The Green', 'Unit 86, St Pauls', 'LE59 5MB', 'North East', 'Patient'),
			(24, 'England', '58 Abbey Road', 'St James Business Park', 'LE80 9RZ', 'North East', 'Patient'),
			(25, 'England', '94 Bridle Path', 'East Side Trading Estate', 'WS13 0LM', 'North West', 'Patient'),
			(25, 'England', '163 Riverside', 'Meadowlands Retail Park', 'WS13 0FR', 'North West', 'Patient'),
			(26, 'England', '36 Bridle Path', 'The East Side', 'LN79 3GD', 'North East', 'Patient'),
			(26, 'England', '101 Market Street', 'Springfield Trading Estate', 'LN92 5DO', 'North East', 'Patient'),
			(27, 'England', '12 North Street', 'East Side Science Park', 'L58 7ZU', 'North West', 'Patient'),
			(27, 'England', '130 Kingsway', 'City Centre Trading Estate', 'L95 0TO', 'North West', 'Patient'),
			(28, 'England', '150 School Lane', 'Abbeymead Retail Park', 'EC2 2DN', 'South East', 'Patient'),
			(28, 'England', '169 Ferry Road', 'Kingsmead Science Park', 'EC4 6WH', 'South East', 'Patient'),
			(29, 'England', '71 Elm Street', 'Newtown Business Park', 'M18 2OW', 'North West', 'Patient'),
			(29, 'England', '180 Foxglove Way', 'Newtown Retail Park', 'M71 5TY', 'North West', 'Patient'),
			(30, 'England', '56 Oakfield Road', 'Unit 92, St Peters', 'MK38 5ZE', 'South East', 'Patient'),
			(30, 'England', '182 South Street', 'Meadowlands', 'MK89 5DM', 'South East', 'Patient'),
			(31, 'England', '144 School Lane', 'St Marys Science Park', 'NE91 6ZT', 'North East', 'Patient'),
			(31, 'England', '74 Castle Street', 'Flat 14, Meadowlands', 'NE4 6EB', 'North East', 'Patient'),
			(32, 'England', '172 Victoria Road', 'Unit 97, Castle Ward', 'NR21 4ZJ', 'North East', 'Patient'),
			(32, 'England', '38 Victoria Road', 'Cathedral Quarter Industrial Estate', 'NR70 0MP', 'North East', 'Patient'),
			(33, 'England', '27 Broadway', 'University Quarter Retail Park', 'NG83 8NH', 'North East', 'Patient'),
			(33, 'England', '131 Bramble Close', 'Fairfield Industrial Estate', 'NG7 6NO', 'North East', 'Patient'),
			(34, 'England', '176 Hawthorn Close', 'Old Town Retail Park', 'OX96 4GW', 'South East', 'Patient'),
			(34, 'England', '114 West End', 'Abbeymead Business Park', 'OX70 9GG', 'South East', 'Patient'),
			(35, 'England', '76 Cathedral Close', 'Lakeside', 'PE24 2SD', 'South East', 'Patient'),
			(35, 'England', '97 Church Street', 'The Castle Ward', 'PE34 2FU', 'South East', 'Patient'),
			(36, 'England', '66 High Street', 'Northgate Business Park', 'PL20 0EL', 'South West', 'Patient'),
			(36, 'England', '153 Victoria Road', 'Springfield Science Park', 'PL39 7UT', 'South West', 'Patient'),
			(37, 'England', '92 Green Lane', 'Meadowlands Business Park', 'PO24 8CS', 'South East', 'Patient'),
			(37, 'England', '41 Harbour View', 'St James Retail Park', 'PO12 5HG', 'South East', 'Patient'),
			(38, 'England', '170 Cedar Drive', 'Queens Park Business Park', 'PR28 9SR', 'North West', 'Patient'),
			(38, 'England', '144 Rosemary Lane', 'Flat 86, East Side', 'PR45 7HY', 'North West', 'Patient'),
			(39, 'England', '158 Broadway', 'Unit 88, Old Town', 'HG4 6DN', 'North East', 'Patient'),
			(39, 'England', '66 Millbrook Road', 'City Centre Industrial Estate', 'HG4 8SP', 'North East', 'Patient'),
			(40, 'England', '125 Church Street', 'St Pauls Industrial Estate', 'M42 8CD', 'North West', 'Patient'),
			(40, 'England', '43 Millbrook Road', 'City Centre Retail Park', 'M9 3ZY', 'North West', 'Patient'),
			(41, 'England', '199 Market Street', 'The Springfield', 'SP27 8OY', 'South West', 'Patient'),
			(41, 'England', '19 Foxglove Way', 'City Centre', 'SP92 5BC', 'South West', 'Patient'),
			(42, 'England', '19 Victoria Road', 'Summerhill', 'S72 1UH', 'North East', 'Patient'),
			(42, 'England', '67 Harbour View', 'The Northgate', 'S52 6LA', 'North East', 'Patient'),
			(43, 'England', '100 Westgate', 'Apt 1, St James', 'SO83 9CU', 'South East', 'Patient'),
			(43, 'England', '12 Bramble Close', 'Apt 65, Queens Park', 'SO14 4ZK', 'South East', 'Patient'),
			(44, 'England', '156 Park Avenue', 'Abbeymead Industrial Estate', 'SS49 6ZA', 'South East', 'Patient'),
			(44, 'England', '122 Manor Road', 'University Quarter Retail Park', 'SS96 6TK', 'South East', 'Patient'),
			(45, 'England', '163 Mill Lane', 'Lakeside Industrial Estate', 'AL83 5AT', 'South East', 'Patient'),
			(45, 'England', '143 Mill Lane', 'Apt 1, Old Town', 'AL74 9NT', 'South East', 'Patient'),
			(46, 'England', '141 Park Avenue', 'Cathedral Quarter Industrial Estate', 'ST95 5GO', 'North West', 'Patient'),
			(46, 'England', '166 Cross Street', 'Harbourside', 'ST29 9JG', 'North West', 'Patient'),
			(47, 'England', '30 The Crescent', 'Old Town Science Park', 'SR71 7YT', 'North East', 'Patient'),
			(47, 'England', '19 Riverside', 'Apt 13, Castle Ward', 'SR26 9RL', 'North East', 'Patient'),
			(48, 'England', '92 Kingsway', 'Unit 37, East Side', 'TR80 1GL', 'South West', 'Patient'),
			(48, 'England', '125 Cathedral Close', 'St Peters Business Park', 'TR40 9EU', 'South West', 'Patient'),
			(49, 'England', '146 Maple Road', 'Hampton Fields Business Park', 'WF1 5HH', 'North East', 'Patient'),
			(49, 'England', '183 Foxglove Way', 'The Castle Ward', 'WF18 5RP', 'North East', 'Patient'),
			(50, 'England', '115 Willow Avenue', 'Southbank Industrial Estate', 'BA5 2YW', 'South West', 'Patient'),
			(50, 'England', '21 Short Lane', 'St James', 'BA5 1CA', 'South West', 'Patient'),
			(51, 'England', '130 North Street', 'Flat 75, Springfield', 'SW1 9GB', 'South East', 'Patient'),
			(51, 'England', '142 New Street', 'St James Retail Park', 'SW1 5NH', 'South East', 'Patient'),
			(52, 'England', '198 Orchard Way', 'Riverside Industrial Estate', 'SO65 8CN', 'South East', 'Patient'),
			(52, 'England', '94 Cross Street', 'Flat 31, Lakeside', 'SO79 2SE', 'South East', 'Patient'),
			(53, 'England', '115 Manor Road', 'St Marys', 'WV85 2RM', 'North West', 'Patient'),
			(53, 'England', '11 West End', 'University Quarter Trading Estate', 'WV34 5HB', 'North West', 'Patient'),
			(54, 'England', '172 Market Street', 'Summerhill Retail Park', 'WR50 7PB', 'North West', 'Patient'),
			(54, 'England', '11 South Street', 'East Side Business Park', 'WR67 4JU', 'North West', 'Patient'),
			(55, 'England', '140 Hilltop Drive', 'Wharfside', 'YO49 5UY', 'North East', 'Patient'),
			(55, 'England', '20 The Avenue', 'Wharfside Industrial Estate', 'YO67 6MM', 'North East', 'Patient'),
			(56, 'Wales', '125 School Lane', 'City Centre Science Park', 'LL18 7FH', 'North West', 'Patient'),
			(56, 'Wales', '20 Cross Street', 'Cathedral Quarter Industrial Estate', 'LL24 2MW', 'North West', 'Patient'),
			(56, 'Wales', '184 Queen Street', 'Unit 43, Hampton Fields', 'LL93 1RZ', 'North West', 'Patient'),
			(56, 'Wales', '123 School Lane', 'Unit 21, St Marys', 'LL83 6AH', 'North West', 'Patient'),
			(56, 'Wales', '12 Kingsway', 'St Marys Science Park', 'LL18 8BU', 'North West', 'Patient'),
			(56, 'Wales', '38 Victoria Road', 'Castle Ward', 'LL67 6WU', 'North West', 'Patient'),
			(56, 'Wales', '164 Station Road', 'West End Industrial Estate', 'LL58 9RR', 'North West', 'Patient'),
			(56, 'Wales', '44 West End', 'The St Peters', 'LL75 2WZ', 'North West', 'Patient'),
			(56, 'Wales', '131 New Street', 'Hillfields', 'LL44 7WU', 'North West', 'Patient'),
			(56, 'Wales', '18 West End', 'The Wharfside', 'LL14 0GS', 'North West', 'Patient'),
			(56, 'Wales', '130 Westgate', 'The Springfield', 'LL78 1FR', 'North West', 'Patient'),
			(56, 'Wales', '158 Ferry Road', 'Flat 69, Summerhill', 'LL65 1CR', 'North West', 'Patient'),
			(56, 'Wales', '169 Kingsway', 'St James Science Park', 'LL87 6SO', 'North West', 'Patient'),
			(56, 'Wales', '95 Church Street', 'Hampton Fields Retail Park', 'LL62 6MU', 'North West', 'Patient'),
			(56, 'Wales', '190 Rosemary Lane', 'East Side Science Park', 'LL18 4RH', 'North West', 'Patient'),
			(56, 'Wales', '22 Riverside', 'St James Science Park', 'LL33 3AA', 'North West', 'Patient'),
			(56, 'Wales', '148 The Avenue', 'Apt 1, Meadowlands', 'LL49 3LO', 'North West', 'Patient'),
			(56, 'Wales', '93 London Road', 'Hampton Fields', 'LL75 4JT', 'North West', 'Patient'),
			(57, 'Wales', '109 Hilltop Drive', 'St Peters Business Park', 'CF88 6GO', 'South East', 'Patient'),
			(57, 'Wales', '142 The Green', 'Harbourside Trading Estate', 'CF72 8RJ', 'South East', 'Patient'),
			(57, 'Wales', '79 Hilltop Drive', 'Abbeymead Business Park', 'CF51 2ZD', 'South East', 'Patient'),
			(57, 'Wales', '192 West End', 'Summerhill Trading Estate', 'CF21 1GS', 'South East', 'Patient'),
			(57, 'Wales', '103 Cedar Drive', 'St Peters Retail Park', 'CF88 0FN', 'South East', 'Patient'),
			(57, 'Wales', '163 High Street', 'Apt 19, Springfield', 'CF61 9OC', 'South East', 'Patient'),
			(57, 'Wales', '17 New Street', 'Unit 11, Queens Park', 'CF78 0NN', 'South East', 'Patient'),
			(57, 'Wales', '158 South Street', 'Newtown Retail Park', 'CF77 0FY', 'South East', 'Patient'),
			(57, 'Wales', '127 Cathedral Close', 'Flat 85, Cathedral Quarter', 'CF67 4GB', 'South East', 'Patient'),
			(57, 'Wales', '154 Cross Street', 'Fairfield Retail Park', 'CF79 2ZB', 'South East', 'Patient'),
			(57, 'Wales', '93 Bridge Street', 'Flat 12, Harbourside', 'CF36 6MZ', 'South East', 'Patient'),
			(57, 'Wales', '102 Elm Street', 'Cathedral Quarter Science Park', 'CF2 1CT', 'South East', 'Patient'),
			(57, 'Wales', '73 Brookside', 'St Marys Retail Park', 'CF45 4HW', 'South East', 'Patient'),
			(57, 'Wales', '50 Abbey Road', 'The St Marys', 'CF34 2OS', 'South East', 'Patient'),
			(57, 'Wales', '28 The Green', 'Apt 38, Meadowlands', 'CF44 1SJ', 'South East', 'Patient'),
			(57, 'Wales', '138 Hilltop Drive', 'Fairfield Industrial Estate', 'CF49 9RH', 'South East', 'Patient'),
			(57, 'Wales', '194 Cedar Drive', 'Lakeside Trading Estate', 'CF76 0RD', 'South East', 'Patient'),
			(57, 'Wales', '67 Green Lane', 'The St Pauls', 'CF87 3LO', 'South East', 'Patient'),
			(58, 'Wales', '91 The Avenue', 'City Centre Retail Park', 'NP34 3KC', 'South East', 'Patient'),
			(58, 'Wales', '103 Westgate', 'West End Business Park', 'NP23 7LM', 'South East', 'Patient'),
			(58, 'Wales', '56 Hilltop Drive', 'Harbourside Industrial Estate', 'NP88 3RG', 'South East', 'Patient'),
			(58, 'Wales', '61 Foxglove Way', 'Unit 27, Castle Ward', 'NP30 3HW', 'South East', 'Patient'),
			(58, 'Wales', '92 Mill Lane', 'Apt 11, East Side', 'NP87 7WA', 'South East', 'Patient'),
			(58, 'Wales', '196 Millbrook Road', 'Flat 48, Southbank', 'NP80 5RU', 'South East', 'Patient'),
			(58, 'Wales', '71 Chapel Street', 'Abbeymead', 'NP36 6HU', 'South East', 'Patient'),
			(58, 'Wales', '33 Victoria Road', 'Summerhill Retail Park', 'NP62 8BS', 'South East', 'Patient'),
			(58, 'Wales', '89 Elm Street', 'Northgate', 'NP90 8PL', 'South East', 'Patient'),
			(58, 'Wales', '177 High Street', 'Flat 27, Lakeside', 'NP49 9DL', 'South East', 'Patient'),
			(58, 'Wales', '93 Broadway', 'Harbourside Industrial Estate', 'NP34 3JR', 'South East', 'Patient'),
			(58, 'Wales', '157 Cedar Drive', 'Harbourside Business Park', 'NP55 3OM', 'South East', 'Patient'),
			(58, 'Wales', '94 Elm Street', 'Northgate Industrial Estate', 'NP74 2UZ', 'South East', 'Patient'),
			(58, 'Wales', '59 London Road', 'Summerhill Industrial Estate', 'NP72 6NG', 'South East', 'Patient'),
			(58, 'Wales', '38 Foxglove Way', 'Southbank', 'NP23 6RE', 'South East', 'Patient'),
			(58, 'Wales', '162 The Avenue', 'Hillfields Retail Park', 'NP63 4JT', 'South East', 'Patient'),
			(58, 'Wales', '146 Victoria Road', 'The East Side', 'NP21 0GJ', 'South East', 'Patient'),
			(58, 'Wales', '122 North Street', 'Apt 96, Northgate', 'NP43 4MM', 'South East', 'Patient'),
			(59, 'Wales', '144 The Green', 'Queens Park Industrial Estate', 'LL53 1MZ', 'North East', 'Patient'),
			(59, 'Wales', '156 Oakfield Road', 'St Marys Science Park', 'LL84 8FK', 'North East', 'Patient'),
			(59, 'Wales', '91 Hawthorn Close', 'Southbank Retail Park', 'LL58 1NW', 'North East', 'Patient'),
			(59, 'Wales', '74 Abbey Road', 'Harbourside', 'LL44 6YW', 'North East', 'Patient'),
			(59, 'Wales', '147 Elm Street', 'Apt 21, West End', 'LL44 3LL', 'North East', 'Patient'),
			(59, 'Wales', '168 Riverside', 'St Peters Industrial Estate', 'LL51 4PM', 'North East', 'Patient'),
			(59, 'Wales', '192 Orchard Way', 'Northgate Retail Park', 'LL22 2AE', 'North East', 'Patient'),
			(59, 'Wales', '187 Bridge Street', 'Hillfields Industrial Estate', 'LL96 1GF', 'North East', 'Patient'),
			(59, 'Wales', '102 London Road', 'Apt 61, West End', 'LL71 0AN', 'North East', 'Patient'),
			(59, 'Wales', '135 Rosemary Lane', 'Apt 34, East Side', 'LL80 2CY', 'North East', 'Patient'),
			(59, 'Wales', '100 Meadow Way', 'Unit 95, University Quarter', 'LL37 7YE', 'North East', 'Patient'),
			(59, 'Wales', '34 The Avenue', 'City Centre', 'LL85 5LR', 'North East', 'Patient'),
			(59, 'Wales', '120 Millbrook Road', 'St James Industrial Estate', 'LL18 8FU', 'North East', 'Patient'),
			(59, 'Wales', '153 Abbey Road', 'Hampton Fields Science Park', 'LL82 8KM', 'North East', 'Patient'),
			(59, 'Wales', '124 Millbrook Road', 'Unit 12, Summerhill', 'LL57 4MO', 'North East', 'Patient'),
			(59, 'Wales', '67 Mill Lane', 'City Centre Industrial Estate', 'LL67 2MK', 'North East', 'Patient'),
			(59, 'Wales', '121 Millbrook Road', 'Flat 63, Fairfield', 'LL97 7KA', 'North East', 'Patient'),
			(59, 'Wales', '197 Castle Street', 'St Peters Industrial Estate', 'LL1 8MG', 'North East', 'Patient'),
			(60, 'Wales', '106 The Green', 'The Wharfside', 'SA21 6NH', 'South West', 'Patient'),
			(60, 'Wales', '68 Park Avenue', 'The St Pauls', 'SA67 9ZJ', 'South West', 'Patient'),
			(60, 'Wales', '73 South Street', 'Summerhill Retail Park', 'SA53 3CF', 'South West', 'Patient'),
			(60, 'Wales', '35 Riverside', 'Apt 59, St Pauls', 'SA80 7JW', 'South West', 'Patient'),
			(60, 'Wales', '126 Oakfield Road', 'City Centre Business Park', 'SA7 8AF', 'South West', 'Patient'),
			(60, 'Wales', '27 Riverside', 'Riverside Industrial Estate', 'SA57 0HC', 'South West', 'Patient'),
			(60, 'Wales', '39 High Street', 'Cathedral Quarter Trading Estate', 'SA54 4RM', 'South West', 'Patient'),
			(60, 'Wales', '119 Bramble Close', 'Flat 11, Kingsmead', 'SA97 2BJ', 'South West', 'Patient'),
			(60, 'Wales', '199 Elm Street', 'Apt 61, St James', 'SA24 3JN', 'South West', 'Patient'),
			(60, 'Wales', '4 Queen Street', 'Unit 99, Wharfside', 'SA57 3BG', 'South West', 'Patient'),
			(60, 'Wales', '118 Foxglove Way', 'Apt 86, Meadowlands', 'SA27 7NZ', 'South West', 'Patient'),
			(60, 'Wales', '80 Hawthorn Close', 'St Pauls', 'SA6 8SD', 'South West', 'Patient'),
			(60, 'Wales', '65 School Lane', 'Cathedral Quarter Industrial Estate', 'SA7 3DH', 'South West', 'Patient'),
			(60, 'Wales', '163 Castle Street', 'City Centre Business Park', 'SA36 9DN', 'South West', 'Patient'),
			(60, 'Wales', '63 High Street', 'Flat 89, St Marys', 'SA61 9EM', 'South West', 'Patient'),
			(60, 'Wales', '198 Park Avenue', 'Unit 64, Harbourside', 'SA12 9LY', 'South West', 'Patient'),
			(60, 'Wales', '16 Victoria Road', 'St Pauls Business Park', 'SA90 8DE', 'South West', 'Patient'),
			(60, 'Wales', '125 West End', 'St James Business Park', 'SA97 5PG', 'South West', 'Patient'),
			(61, 'Wales', '6 Bramble Close', 'The Queens Park', 'SA18 4BR', 'South West', 'Patient'),
			(61, 'Wales', '181 Cathedral Close', 'Newtown Retail Park', 'SA90 7GU', 'South West', 'Patient'),
			(61, 'Wales', '48 Millbrook Road', 'Kingsmead Business Park', 'SA60 4WT', 'South West', 'Patient'),
			(61, 'Wales', '42 Green Lane', 'Riverside Retail Park', 'SA38 4TM', 'South West', 'Patient'),
			(61, 'Wales', '117 High Street', 'Wharfside Retail Park', 'SA24 0WM', 'South West', 'Patient'),
			(61, 'Wales', '199 Broadway', 'Unit 93, Kingsmead', 'SA9 8NG', 'South West', 'Patient'),
			(61, 'Wales', '135 Westgate', 'Abbeymead Trading Estate', 'SA20 9KL', 'South West', 'Patient'),
			(61, 'Wales', '105 South Street', 'East Side Business Park', 'SA67 1BE', 'South West', 'Patient'),
			(61, 'Wales', '46 Church Street', 'Unit 63, East Side', 'SA25 1BU', 'South West', 'Patient'),
			(61, 'Wales', '165 Birch Lane', 'Meadowlands Trading Estate', 'SA90 9JB', 'South West', 'Patient'),
			(61, 'Wales', '94 West End', 'Fairfield Science Park', 'SA2 3YR', 'South West', 'Patient'),
			(61, 'Wales', '21 Abbey Road', 'Flat 72, Queens Park', 'SA96 6MB', 'South West', 'Patient'),
			(61, 'Wales', '158 Short Lane', 'Old Town Retail Park', 'SA10 4CG', 'South West', 'Patient'),
			(61, 'Wales', '133 London Road', 'Apt 30, Hillfields', 'SA69 6GG', 'South West', 'Patient'),
			(61, 'Wales', '135 Eastgate', 'Unit 81, St Marys', 'SA23 8TO', 'South West', 'Patient'),
			(61, 'Wales', '192 London Road', 'Queens Park Science Park', 'SA59 6DF', 'South West', 'Patient'),
			(61, 'Wales', '47 The Green', 'The Meadowlands', 'SA85 2TW', 'South West', 'Patient'),
			(61, 'Wales', '114 Willow Avenue', 'St James Business Park', 'SA48 6YO', 'South West', 'Patient'),
			(62, 'Wales', '186 Hawthorn Close', 'University Quarter Science Park', 'LL70 3NT', 'North East', 'Patient'),
			(62, 'Wales', '191 New Street', 'Northgate Business Park', 'LL51 0BK', 'North East', 'Patient'),
			(62, 'Wales', '153 Station Road', 'Riverside Retail Park', 'LL1 4HG', 'North East', 'Patient'),
			(62, 'Wales', '81 Station Road', 'St James Industrial Estate', 'LL72 9UE', 'North East', 'Patient'),
			(62, 'Wales', '25 Church Street', 'Queens Park Trading Estate', 'LL18 4MU', 'North East', 'Patient'),
			(62, 'Wales', '64 West End', 'Summerhill Industrial Estate', 'LL12 9NU', 'North East', 'Patient'),
			(62, 'Wales', '56 Brookside', 'Apt 42, Hillfields', 'LL62 2RU', 'North East', 'Patient'),
			(62, 'Wales', '25 Ferry Road', 'Old Town Industrial Estate', 'LL74 6CB', 'North East', 'Patient'),
			(62, 'Wales', '198 Cedar Drive', 'Springfield Business Park', 'LL54 1HY', 'North East', 'Patient'),
			(62, 'Wales', '155 High Street', 'The Old Town', 'LL68 0LT', 'North East', 'Patient'),
			(62, 'Wales', '145 Mill Lane', 'Meadowlands Business Park', 'LL29 2BZ', 'North East', 'Patient'),
			(62, 'Wales', '188 Elm Street', 'Abbeymead Trading Estate', 'LL74 8CH', 'North East', 'Patient'),
			(62, 'Wales', '111 Riverside', 'The Riverside', 'LL44 1RU', 'North East', 'Patient'),
			(62, 'Wales', '191 Victoria Road', 'Wharfside Retail Park', 'LL11 6SO', 'North East', 'Patient'),
			(62, 'Wales', '199 Bramble Close', 'Abbeymead', 'LL62 8GR', 'North East', 'Patient'),
			(62, 'Wales', '102 South Street', 'Cathedral Quarter Science Park', 'LL79 8HH', 'North East', 'Patient'),
			(62, 'Wales', '19 Short Lane', 'The Kingsmead', 'LL74 1DZ', 'North East', 'Patient'),
			(63, 'Scotland', '106 Castle Street', 'Queens Park Business Park', 'AB42 5WY', 'North East', 'Patient'),
			(63, 'Scotland', '7 Meadow Way', 'Queens Park', 'AB57 9EP', 'North East', 'Patient'),
			(63, 'Scotland', '12 West End', 'Unit 48, Lakeside', 'AB20 1DB', 'North East', 'Patient'),
			(63, 'Scotland', '63 Broadway', 'Springfield', 'AB2 5DK', 'North East', 'Patient'),
			(63, 'Scotland', '116 School Lane', 'Flat 27, Kingsmead', 'AB95 8GG', 'North East', 'Patient'),
			(63, 'Scotland', '140 The Avenue', 'St James Industrial Estate', 'AB80 2ZA', 'North East', 'Patient'),
			(63, 'Scotland', '97 Orchard Way', 'Old Town Retail Park', 'AB22 0KG', 'North East', 'Patient'),
			(63, 'Scotland', '179 Broadway', 'Old Town Industrial Estate', 'AB84 0CN', 'North East', 'Patient'),
			(63, 'Scotland', '170 Short Lane', 'East Side Business Park', 'AB38 6HN', 'North East', 'Patient'),
			(63, 'Scotland', '131 Bridle Path', 'Apt 63, Kingsmead', 'AB77 8CF', 'North East', 'Patient'),
			(63, 'Scotland', '51 Cross Street', 'St James Trading Estate', 'AB3 0HS', 'North East', 'Patient'),
			(63, 'Scotland', '79 Cedar Drive', 'Wharfside Trading Estate', 'AB21 0MZ', 'North East', 'Patient'),
			(63, 'Scotland', '91 Willow Avenue', 'University Quarter Industrial Estate', 'AB36 0YJ', 'North East', 'Patient'),
			(63, 'Scotland', '100 Station Road', 'Castle Ward Retail Park', 'AB20 5NZ', 'North East', 'Patient'),
			(63, 'Scotland', '36 Park Avenue', 'The Meadowlands', 'AB79 3OH', 'North East', 'Patient'),
			(63, 'Scotland', '147 Mill Lane', 'The Newtown', 'AB43 7TE', 'North East', 'Patient'),
			(64, 'Scotland', '53 South Street', 'St Marys', 'DD88 3EK', 'North East', 'Patient'),
			(64, 'Scotland', '177 Bridle Path', 'Riverside Retail Park', 'DD19 9FL', 'North East', 'Patient'),
			(64, 'Scotland', '18 The Green', 'Hillfields Retail Park', 'DD24 5EA', 'North East', 'Patient'),
			(64, 'Scotland', '196 Hawthorn Close', 'The Hampton Fields', 'DD57 4EG', 'North East', 'Patient'),
			(64, 'Scotland', '28 Kingsway', 'City Centre', 'DD79 9JW', 'North East', 'Patient'),
			(64, 'Scotland', '146 Broadway', 'Unit 30, St Peters', 'DD30 0MC', 'North East', 'Patient'),
			(64, 'Scotland', '177 School Lane', 'Meadowlands', 'DD61 5FN', 'North East', 'Patient'),
			(64, 'Scotland', '126 School Lane', 'Harbourside', 'DD29 0OA', 'North East', 'Patient'),
			(64, 'Scotland', '70 Harbour View', 'Unit 86, Hillfields', 'DD26 3CF', 'North East', 'Patient'),
			(64, 'Scotland', '113 Broadway', 'Fairfield Trading Estate', 'DD59 3ON', 'North East', 'Patient'),
			(64, 'Scotland', '199 Church Street', 'Hillfields Science Park', 'DD93 5NW', 'North East', 'Patient'),
			(64, 'Scotland', '191 Hilltop Drive', 'St James Science Park', 'DD83 0SD', 'North East', 'Patient'),
			(64, 'Scotland', '116 Abbey Road', 'Flat 67, University Quarter', 'DD69 6BT', 'North East', 'Patient'),
			(64, 'Scotland', '100 The Avenue', 'Flat 38, Cathedral Quarter', 'DD57 6KK', 'North East', 'Patient'),
			(64, 'Scotland', '119 Manor Road', 'The Newtown', 'DD7 8EP', 'North East', 'Patient'),
			(64, 'Scotland', '166 Cathedral Close', 'Apt 65, Hillfields', 'DD15 2UT', 'North East', 'Patient'),
			(65, 'Scotland', '35 Elm Street', 'The Kingsmead', 'KY4 2PU', 'South East', 'Patient'),
			(65, 'Scotland', '183 Oakfield Road', 'West End Trading Estate', 'KY42 2DC', 'South East', 'Patient'),
			(65, 'Scotland', '30 Bridle Path', 'St Pauls Trading Estate', 'KY11 8NS', 'South East', 'Patient'),
			(65, 'Scotland', '157 Manor Road', 'The St James', 'KY6 2LU', 'South East', 'Patient'),
			(65, 'Scotland', '169 Mill Lane', 'Riverside', 'KY92 0OK', 'South East', 'Patient'),
			(65, 'Scotland', '80 Brookside', 'Newtown Trading Estate', 'KY24 1EG', 'South East', 'Patient'),
			(65, 'Scotland', '1 Broadway', 'City Centre Industrial Estate', 'KY64 7TA', 'South East', 'Patient'),
			(65, 'Scotland', '156 Chapel Street', 'Unit 76, Cathedral Quarter', 'KY85 7PO', 'South East', 'Patient'),
			(65, 'Scotland', '114 Park Avenue', 'St Peters Science Park', 'KY32 8JW', 'South East', 'Patient'),
			(65, 'Scotland', '161 The Green', 'Unit 24, Old Town', 'KY19 0YM', 'South East', 'Patient'),
			(65, 'Scotland', '10 Mill Lane', 'Flat 74, Lakeside', 'KY78 4LC', 'South East', 'Patient'),
			(65, 'Scotland', '13 London Road', 'The Harbourside', 'KY87 4WZ', 'South East', 'Patient'),
			(65, 'Scotland', '178 Bramble Close', 'St Marys Science Park', 'KY23 7UM', 'South East', 'Patient'),
			(65, 'Scotland', '10 Park Avenue', 'Kingsmead Industrial Estate', 'KY49 1OT', 'South East', 'Patient'),
			(65, 'Scotland', '17 Riverside', 'Riverside Trading Estate', 'KY89 4LS', 'South East', 'Patient'),
			(65, 'Scotland', '106 The Avenue', 'Unit 27, Fairfield', 'KY79 0DU', 'South East', 'Patient'),
			(66, 'Scotland', '187 North Street', 'West End Retail Park', 'EH93 9KO', 'South East', 'Patient'),
			(66, 'Scotland', '156 Hawthorn Close', 'Meadowlands Industrial Estate', 'EH80 5EW', 'South East', 'Patient'),
			(66, 'Scotland', '145 Chapel Street', 'Hillfields Retail Park', 'EH64 7FW', 'South East', 'Patient'),
			(66, 'Scotland', '60 Bridle Path', 'Cathedral Quarter Industrial Estate', 'EH16 0PY', 'South East', 'Patient'),
			(66, 'Scotland', '31 Foxglove Way', 'Unit 79, Summerhill', 'EH54 6BL', 'South East', 'Patient'),
			(66, 'Scotland', '90 The Green', 'Unit 82, City Centre', 'EH26 4JC', 'South East', 'Patient'),
			(66, 'Scotland', '79 Meadow Way', 'St James Retail Park', 'EH1 1ZL', 'South East', 'Patient'),
			(66, 'Scotland', '88 Elm Street', 'St Peters Science Park', 'EH23 3LL', 'South East', 'Patient'),
			(66, 'Scotland', '173 School Lane', 'Summerhill Trading Estate', 'EH83 2RE', 'South East', 'Patient'),
			(66, 'Scotland', '161 Abbey Road', 'Kingsmead Retail Park', 'EH53 0SK', 'South East', 'Patient'),
			(66, 'Scotland', '145 Brookside', 'St James Business Park', 'EH3 3UZ', 'South East', 'Patient'),
			(66, 'Scotland', '85 Willow Avenue', 'Apt 36, Riverside', 'EH4 5NY', 'South East', 'Patient'),
			(66, 'Scotland', '137 Manor Road', 'St Peters Science Park', 'EH24 9DK', 'South East', 'Patient'),
			(66, 'Scotland', '181 Hawthorn Close', 'Flat 53, Castle Ward', 'EH12 7HM', 'South East', 'Patient'),
			(66, 'Scotland', '116 Meadow Way', 'Unit 39, Meadowlands', 'EH23 1MB', 'South East', 'Patient'),
			(66, 'Scotland', '52 Park Avenue', 'Meadowlands Trading Estate', 'EH62 8EG', 'South East', 'Patient'),
			(67, 'Scotland', '88 School Lane', 'Newtown Retail Park', 'G19 1SZ', 'South West', 'Patient'),
			(67, 'Scotland', '34 Market Street', 'Flat 50, Northgate', 'G92 8DA', 'South West', 'Patient'),
			(67, 'Scotland', '80 Church Street', 'West End Science Park', 'G60 0DS', 'South West', 'Patient'),
			(67, 'Scotland', '197 Eastgate', 'City Centre Industrial Estate', 'G98 4YG', 'South West', 'Patient'),
			(67, 'Scotland', '83 Oakfield Road', 'Unit 36, Newtown', 'G69 5PZ', 'South West', 'Patient'),
			(67, 'Scotland', '31 Short Lane', 'Harbourside', 'G15 0WT', 'South West', 'Patient'),
			(67, 'Scotland', '132 London Road', 'Unit 45, St James', 'G71 5JE', 'South West', 'Patient'),
			(67, 'Scotland', '181 Riverside', 'University Quarter Science Park', 'G10 4WL', 'South West', 'Patient'),
			(67, 'Scotland', '139 Cathedral Close', 'Flat 4, Riverside', 'G61 0DN', 'South West', 'Patient'),
			(67, 'Scotland', '14 Park Avenue', 'The Wharfside', 'G91 9UY', 'South West', 'Patient'),
			(67, 'Scotland', '177 Bramble Close', 'St Peters Trading Estate', 'G40 5GZ', 'South West', 'Patient'),
			(67, 'Scotland', '137 Park Avenue', 'St Marys Trading Estate', 'G12 7DP', 'South West', 'Patient'),
			(67, 'Scotland', '80 Westgate', 'Southbank Trading Estate', 'G29 2WJ', 'South West', 'Patient'),
			(67, 'Scotland', '94 Elm Street', 'Fairfield', 'G43 5PR', 'South West', 'Patient'),
			(67, 'Scotland', '8 Green Lane', 'East Side Trading Estate', 'G62 7FK', 'South West', 'Patient'),
			(67, 'Scotland', '197 Willow Avenue', 'St Marys Science Park', 'G66 1ND', 'South West', 'Patient'),
			(68, 'Scotland', '84 The Green', 'Apt 39, Summerhill', 'IV69 7NU', 'North West', 'Patient'),
			(68, 'Scotland', '106 Bridge Street', 'University Quarter Science Park', 'IV21 7NC', 'North West', 'Patient'),
			(68, 'Scotland', '88 Market Street', 'Hampton Fields Science Park', 'IV73 5TH', 'North West', 'Patient'),
			(68, 'Scotland', '45 Eastgate', 'Apt 92, Hillfields', 'IV74 7DU', 'North West', 'Patient'),
			(68, 'Scotland', '153 Abbey Road', 'St James Business Park', 'IV57 2KN', 'North West', 'Patient'),
			(68, 'Scotland', '18 Ferry Road', 'Apt 77, Lakeside', 'IV49 5RY', 'North West', 'Patient'),
			(68, 'Scotland', '170 Victoria Road', 'Apt 18, Cathedral Quarter', 'IV75 0EZ', 'North West', 'Patient'),
			(68, 'Scotland', '39 Cathedral Close', 'Newtown Retail Park', 'IV79 9PG', 'North West', 'Patient'),
			(68, 'Scotland', '53 Westgate', 'Newtown Business Park', 'IV87 4OM', 'North West', 'Patient'),
			(68, 'Scotland', '23 Orchard Way', 'Flat 66, St Peters', 'IV52 2KB', 'North West', 'Patient'),
			(68, 'Scotland', '95 The Green', 'Flat 91, City Centre', 'IV72 5DK', 'North West', 'Patient'),
			(68, 'Scotland', '8 Bridge Street', 'The Fairfield', 'IV51 5NN', 'North West', 'Patient'),
			(68, 'Scotland', '98 Castle Street', 'Cathedral Quarter Retail Park', 'IV23 7EG', 'North West', 'Patient'),
			(68, 'Scotland', '143 Birch Lane', 'Springfield Business Park', 'IV20 4ZE', 'North West', 'Patient'),
			(68, 'Scotland', '35 High Street', 'Apt 3, St Pauls', 'IV19 7ZO', 'North West', 'Patient'),
			(69, 'Scotland', '35 Park Avenue', 'St Pauls', 'PH59 9OW', 'North East', 'Patient'),
			(69, 'Scotland', '47 Abbey Road', 'Hampton Fields Retail Park', 'PH58 6MH', 'North East', 'Patient'),
			(69, 'Scotland', '48 Castle Street', 'City Centre Science Park', 'PH64 3SJ', 'North East', 'Patient'),
			(69, 'Scotland', '106 Millbrook Road', 'Queens Park Science Park', 'PH5 9RM', 'North East', 'Patient'),
			(69, 'Scotland', '29 Orchard Way', 'Fairfield Trading Estate', 'PH19 8JP', 'North East', 'Patient'),
			(69, 'Scotland', '133 Park Avenue', 'St Peters Retail Park', 'PH32 7YZ', 'North East', 'Patient'),
			(69, 'Scotland', '172 Green Lane', 'Summerhill Retail Park', 'PH40 9BL', 'North East', 'Patient'),
			(69, 'Scotland', '137 High Street', 'Northgate Trading Estate', 'PH61 9LO', 'North East', 'Patient'),
			(69, 'Scotland', '91 Riverside', 'Harbourside Industrial Estate', 'PH89 9KU', 'North East', 'Patient'),
			(69, 'Scotland', '67 Victoria Road', 'St Marys Trading Estate', 'PH74 0ZK', 'North East', 'Patient'),
			(69, 'Scotland', '189 Broadway', 'Flat 63, Newtown', 'PH11 2SC', 'North East', 'Patient'),
			(69, 'Scotland', '72 New Street', 'St Peters', 'PH36 4AD', 'North East', 'Patient'),
			(69, 'Scotland', '155 The Crescent', 'Hillfields Science Park', 'PH85 7MF', 'North East', 'Patient'),
			(69, 'Scotland', '67 Bramble Close', 'Unit 24, Southbank', 'PH68 0LC', 'North East', 'Patient'),
			(69, 'Scotland', '38 Ferry Road', 'Springfield', 'PH97 6NH', 'North East', 'Patient'),
			(70, 'Scotland', '170 Cathedral Close', 'Cathedral Quarter', 'FK94 5BY', 'North West', 'Patient'),
			(70, 'Scotland', '68 Rosemary Lane', 'Apt 22, Old Town', 'FK60 6RK', 'North West', 'Patient'),
			(70, 'Scotland', '122 Foxglove Way', 'University Quarter Retail Park', 'FK88 6RJ', 'North West', 'Patient'),
			(70, 'Scotland', '38 The Avenue', 'The City Centre', 'FK58 6ZL', 'North West', 'Patient'),
			(70, 'Scotland', '136 Westgate', 'Flat 69, East Side', 'FK82 5OW', 'North West', 'Patient'),
			(70, 'Scotland', '167 Short Lane', 'Castle Ward Business Park', 'FK13 4YU', 'North West', 'Patient'),
			(70, 'Scotland', '101 Abbey Road', 'Unit 87, Hillfields', 'FK76 3SL', 'North West', 'Patient'),
			(70, 'Scotland', '174 Bramble Close', 'Kingsmead', 'FK2 0CA', 'North West', 'Patient'),
			(70, 'Scotland', '106 London Road', 'East Side Retail Park', 'FK58 5HK', 'North West', 'Patient'),
			(70, 'Scotland', '65 Oakfield Road', 'Flat 80, City Centre', 'FK12 0WZ', 'North West', 'Patient'),
			(70, 'Scotland', '56 Ferry Road', 'Apt 16, Fairfield', 'FK12 9EN', 'North West', 'Patient'),
			(70, 'Scotland', '169 Rosemary Lane', 'Summerhill Science Park', 'FK15 2JK', 'North West', 'Patient'),
			(70, 'Scotland', '120 Eastgate', 'Apt 59, St Pauls', 'FK36 6ZL', 'North West', 'Patient'),
			(70, 'Scotland', '66 Manor Road', 'Apt 8, Castle Ward', 'FK49 6LB', 'North West', 'Patient'),
			(70, 'Scotland', '67 New Street', 'Northgate', 'FK63 3WN', 'North West', 'Patient'),
			(71, 'Northern Ireland', '46 South Street', 'East Side Trading Estate', 'BT70 6GW', 'North East', 'Patient'),
			(71, 'Northern Ireland', '165 London Road', 'Fairfield Trading Estate', 'BT14 0CC', 'North East', 'Patient'),
			(71, 'Northern Ireland', '147 Brookside', 'Abbeymead Industrial Estate', 'BT3 7EY', 'North East', 'Patient'),
			(71, 'Northern Ireland', '164 High Street', 'Flat 50, Lakeside', 'BT35 2LN', 'North East', 'Patient'),
			(71, 'Northern Ireland', '148 High Street', 'Fairfield Retail Park', 'BT63 7ON', 'North East', 'Patient'),
			(71, 'Northern Ireland', '187 Green Lane', 'University Quarter Retail Park', 'BT50 7DU', 'North East', 'Patient'),
			(71, 'Northern Ireland', '138 Willow Avenue', 'Lakeside Business Park', 'BT52 0YY', 'North East', 'Patient'),
			(71, 'Northern Ireland', '24 Maple Road', 'Kingsmead Retail Park', 'BT59 4YG', 'North East', 'Patient'),
			(71, 'Northern Ireland', '46 The Green', 'Flat 85, Wharfside', 'BT25 4ND', 'North East', 'Patient'),
			(71, 'Northern Ireland', '162 Bramble Close', 'Southbank Business Park', 'BT81 7GE', 'North East', 'Patient'),
			(71, 'Northern Ireland', '10 Oakfield Road', 'Flat 76, Hillfields', 'BT31 7NC', 'North East', 'Patient'),
			(71, 'Northern Ireland', '139 South Street', 'Southbank Industrial Estate', 'BT58 0BL', 'North East', 'Patient'),
			(71, 'Northern Ireland', '15 Cedar Drive', 'Flat 16, Wharfside', 'BT28 8PZ', 'North East', 'Patient'),
			(71, 'Northern Ireland', '138 Mill Lane', 'University Quarter Science Park', 'BT5 2RY', 'North East', 'Patient'),
			(71, 'Northern Ireland', '5 School Lane', 'Old Town Science Park', 'BT90 2AF', 'North East', 'Patient'),
			(71, 'Northern Ireland', '162 Victoria Road', 'Springfield Industrial Estate', 'BT59 9FU', 'North East', 'Patient'),
			(71, 'Northern Ireland', '17 London Road', 'Apt 77, Southbank', 'BT79 3CG', 'North East', 'Patient'),
			(71, 'Northern Ireland', '110 Cedar Drive', 'The Kingsmead', 'BT88 9TE', 'North East', 'Patient'),
			(71, 'Northern Ireland', '83 Market Street', 'Flat 23, St Marys', 'BT43 1DJ', 'North East', 'Patient'),
			(71, 'Northern Ireland', '37 Rosemary Lane', 'The Harbourside', 'BT48 8FP', 'North East', 'Patient'),
			(71, 'Northern Ireland', '63 Orchard Way', 'Flat 13, Riverside', 'BT81 9NF', 'North East', 'Patient'),
			(72, 'Northern Ireland', '5 Chapel Street', 'Apt 1, City Centre', 'BT23 1YU', 'North West', 'Patient'),
			(72, 'Northern Ireland', '73 Harbour View', 'Fairfield Trading Estate', 'BT27 2YJ', 'North West', 'Patient'),
			(72, 'Northern Ireland', '134 Cathedral Close', 'The University Quarter', 'BT79 0WF', 'North West', 'Patient'),
			(72, 'Northern Ireland', '184 Chapel Street', 'West End Science Park', 'BT39 5OA', 'North West', 'Patient'),
			(72, 'Northern Ireland', '143 Bridge Street', 'Unit 68, East Side', 'BT13 9MT', 'North West', 'Patient'),
			(72, 'Northern Ireland', '130 West End', 'Abbeymead Trading Estate', 'BT85 3JB', 'North West', 'Patient'),
			(72, 'Northern Ireland', '50 Queen Street', 'Lakeside', 'BT64 2FZ', 'North West', 'Patient'),
			(72, 'Northern Ireland', '12 Victoria Road', 'Newtown Business Park', 'BT56 4LW', 'North West', 'Patient'),
			(72, 'Northern Ireland', '195 Abbey Road', 'Flat 95, East Side', 'BT7 8FF', 'North West', 'Patient'),
			(72, 'Northern Ireland', '8 Chapel Street', 'East Side Retail Park', 'BT31 7UU', 'North West', 'Patient'),
			(72, 'Northern Ireland', '84 Harbour View', 'Unit 87, Hillfields', 'BT42 3DL', 'North West', 'Patient'),
			(72, 'Northern Ireland', '59 London Road', 'Unit 53, Hillfields', 'BT26 6HC', 'North West', 'Patient'),
			(72, 'Northern Ireland', '121 Orchard Way', 'Old Town Trading Estate', 'BT19 3WP', 'North West', 'Patient'),
			(72, 'Northern Ireland', '46 Birch Lane', 'Riverside Business Park', 'BT93 3YM', 'North West', 'Patient'),
			(72, 'Northern Ireland', '70 Oakfield Road', 'Riverside Business Park', 'BT89 9BJ', 'North West', 'Patient'),
			(72, 'Northern Ireland', '35 Queen Street', 'Northgate Trading Estate', 'BT22 5HK', 'North West', 'Patient'),
			(72, 'Northern Ireland', '155 Manor Road', 'Harbourside Science Park', 'BT71 3CO', 'North West', 'Patient'),
			(72, 'Northern Ireland', '134 Chapel Street', 'Unit 61, St Marys', 'BT60 4AO', 'North West', 'Patient'),
			(72, 'Northern Ireland', '189 Bridge Street', 'Unit 56, Kingsmead', 'BT75 3UE', 'North West', 'Patient'),
			(72, 'Northern Ireland', '147 High Street', 'The Old Town', 'BT61 8BO', 'North West', 'Patient'),
			(72, 'Northern Ireland', '136 Elm Street', 'Summerhill Trading Estate', 'BT13 7RH', 'North West', 'Patient'),
			(73, 'Northern Ireland', '22 The Green', 'Flat 94, Fairfield', 'BT53 3EM', 'South East', 'Patient'),
			(73, 'Northern Ireland', '76 Bridge Street', 'Apt 62, City Centre', 'BT86 4FP', 'South East', 'Patient'),
			(73, 'Northern Ireland', '147 Foxglove Way', 'City Centre Science Park', 'BT60 2NF', 'South East', 'Patient'),
			(73, 'Northern Ireland', '95 North Street', 'Fairfield Trading Estate', 'BT1 1NL', 'South East', 'Patient'),
			(73, 'Northern Ireland', '136 Church Street', 'Hampton Fields Industrial Estate', 'BT35 9TU', 'South East', 'Patient'),
			(73, 'Northern Ireland', '54 Westgate', 'Apt 43, St Peters', 'BT95 0SZ', 'South East', 'Patient'),
			(73, 'Northern Ireland', '94 Victoria Road', 'Apt 47, Wharfside', 'BT60 9BM', 'South East', 'Patient'),
			(73, 'Northern Ireland', '94 The Crescent', 'Fairfield Retail Park', 'BT72 3EL', 'South East', 'Patient'),
			(73, 'Northern Ireland', '62 Millbrook Road', 'Apt 62, St Pauls', 'BT95 9GH', 'South East', 'Patient'),
			(73, 'Northern Ireland', '83 Willow Avenue', 'Meadowlands Industrial Estate', 'BT55 4BC', 'South East', 'Patient'),
			(73, 'Northern Ireland', '96 Willow Avenue', 'Southbank Trading Estate', 'BT68 1RT', 'South East', 'Patient'),
			(73, 'Northern Ireland', '174 Millbrook Road', 'Northgate Industrial Estate', 'BT48 1GP', 'South East', 'Patient'),
			(73, 'Northern Ireland', '23 Park Avenue', 'The Harbourside', 'BT10 1FJ', 'South East', 'Patient'),
			(73, 'Northern Ireland', '29 Bramble Close', 'Southbank', 'BT27 8YA', 'South East', 'Patient'),
			(73, 'Northern Ireland', '76 Harbour View', 'Riverside Retail Park', 'BT45 6PY', 'South East', 'Patient'),
			(73, 'Northern Ireland', '6 Riverside', 'Unit 3, West End', 'BT30 8YL', 'South East', 'Patient'),
			(73, 'Northern Ireland', '106 Orchard Way', 'St Pauls Business Park', 'BT42 7UZ', 'South East', 'Patient'),
			(73, 'Northern Ireland', '179 The Avenue', 'Northgate Retail Park', 'BT39 9EK', 'South East', 'Patient'),
			(73, 'Northern Ireland', '44 New Street', 'Unit 48, Southbank', 'BT37 0EM', 'South East', 'Patient'),
			(73, 'Northern Ireland', '73 Abbey Road', 'St Peters', 'BT92 8KF', 'South East', 'Patient'),
			(73, 'Northern Ireland', '45 Bridle Path', 'Harbourside', 'BT15 0LU', 'South East', 'Patient'),
			(74, 'Northern Ireland', '33 Cathedral Close', 'Queens Park Industrial Estate', 'BT27 8BZ', 'South East', 'Patient'),
			(74, 'Northern Ireland', '82 Willow Avenue', 'Queens Park', 'BT70 2TK', 'South East', 'Patient'),
			(74, 'Northern Ireland', '32 Station Road', 'The Southbank', 'BT19 7LE', 'South East', 'Patient'),
			(74, 'Northern Ireland', '2 Foxglove Way', 'Meadowlands Retail Park', 'BT83 4RK', 'South East', 'Patient'),
			(74, 'Northern Ireland', '194 Hilltop Drive', 'Summerhill', 'BT94 7LD', 'South East', 'Patient'),
			(74, 'Northern Ireland', '188 School Lane', 'Flat 87, Riverside', 'BT71 1KA', 'South East', 'Patient'),
			(74, 'Northern Ireland', '103 Broadway', 'Unit 46, Northgate', 'BT12 5BW', 'South East', 'Patient'),
			(74, 'Northern Ireland', '165 Oakfield Road', 'Meadowlands Science Park', 'BT36 3AC', 'South East', 'Patient'),
			(74, 'Northern Ireland', '138 Cathedral Close', 'Apt 51, Meadowlands', 'BT25 7LW', 'South East', 'Patient'),
			(74, 'Northern Ireland', '155 Cross Street', 'Flat 47, Lakeside', 'BT51 2OM', 'South East', 'Patient'),
			(74, 'Northern Ireland', '99 Maple Road', 'Flat 45, Newtown', 'BT45 4PT', 'South East', 'Patient'),
			(74, 'Northern Ireland', '23 Market Street', 'Hillfields Trading Estate', 'BT57 4FO', 'South East', 'Patient'),
			(74, 'Northern Ireland', '187 Harbour View', 'Springfield', 'BT77 1EG', 'South East', 'Patient'),
			(74, 'Northern Ireland', '78 School Lane', 'Kingsmead Retail Park', 'BT76 6CA', 'South East', 'Patient'),
			(74, 'Northern Ireland', '105 North Street', 'Hampton Fields Industrial Estate', 'BT72 7UE', 'South East', 'Patient'),
			(74, 'Northern Ireland', '52 The Crescent', 'The Newtown', 'BT63 0KU', 'South East', 'Patient'),
			(74, 'Northern Ireland', '78 Chapel Street', 'Hillfields Retail Park', 'BT29 0AE', 'South East', 'Patient'),
			(74, 'Northern Ireland', '68 Meadow Way', 'East Side Trading Estate', 'BT86 4OF', 'South East', 'Patient'),
			(74, 'Northern Ireland', '126 Bramble Close', 'Unit 16, City Centre', 'BT98 4RC', 'South East', 'Patient'),
			(74, 'Northern Ireland', '154 Foxglove Way', 'St Marys Business Park', 'BT73 6JY', 'South East', 'Patient'),
			(74, 'Northern Ireland', '176 School Lane', 'Apt 66, Queens Park', 'BT94 9AJ', 'South East', 'Patient'),
			(75, 'Northern Ireland', '42 Orchard Way', 'Flat 41, Riverside', 'BT60 2MF', 'South West', 'Patient'),
			(75, 'Northern Ireland', '14 Short Lane', 'Hampton Fields Business Park', 'BT46 0KK', 'South West', 'Patient'),
			(75, 'Northern Ireland', '136 North Street', 'Apt 25, Meadowlands', 'BT81 2DW', 'South West', 'Patient'),
			(75, 'Northern Ireland', '193 Manor Road', 'Kingsmead Retail Park', 'BT88 4JZ', 'South West', 'Patient'),
			(75, 'Northern Ireland', '179 Bramble Close', 'East Side Business Park', 'BT75 5EA', 'South West', 'Patient'),
			(75, 'Northern Ireland', '36 The Avenue', 'Queens Park Industrial Estate', 'BT53 5FD', 'South West', 'Patient'),
			(75, 'Northern Ireland', '56 Mill Lane', 'University Quarter Retail Park', 'BT72 9ST', 'South West', 'Patient'),
			(75, 'Northern Ireland', '183 The Green', 'Apt 59, Hampton Fields', 'BT10 1EA', 'South West', 'Patient'),
			(75, 'Northern Ireland', '123 Willow Avenue', 'Fairfield Industrial Estate', 'BT18 7WS', 'South West', 'Patient'),
			(75, 'Northern Ireland', '196 Cedar Drive', 'Fairfield', 'BT4 1HE', 'South West', 'Patient'),
			(75, 'Northern Ireland', '178 Mill Lane', 'Unit 17, Newtown', 'BT27 2CO', 'South West', 'Patient'),
			(75, 'Northern Ireland', '177 Rosemary Lane', 'Apt 3, West End', 'BT62 6BG', 'South West', 'Patient'),
			(75, 'Northern Ireland', '28 Church Street', 'St Marys Retail Park', 'BT61 1JB', 'South West', 'Patient'),
			(75, 'Northern Ireland', '17 Meadow Way', 'Flat 13, Abbeymead', 'BT16 9GU', 'South West', 'Patient'),
			(75, 'Northern Ireland', '52 The Crescent', 'City Centre Business Park', 'BT19 4UM', 'South West', 'Patient'),
			(75, 'Northern Ireland', '91 Manor Road', 'Abbeymead Retail Park', 'BT79 3SU', 'South West', 'Patient'),
			(75, 'Northern Ireland', '18 London Road', 'Abbeymead Science Park', 'BT68 3GK', 'South West', 'Patient'),
			(75, 'Northern Ireland', '44 Rosemary Lane', 'City Centre Retail Park', 'BT13 3SR', 'South West', 'Patient'),
			(75, 'Northern Ireland', '94 Bramble Close', 'Harbourside Science Park', 'BT87 1FM', 'South West', 'Patient'),
			(75, 'Northern Ireland', '98 Castle Street', 'Unit 30, Meadowlands', 'BT53 1LD', 'South West', 'Patient'),
			(75, 'Northern Ireland', '120 Queen Street', 'Riverside Retail Park', 'BT98 5KT', 'South West', 'Patient'),
			(76, 'Northern Ireland', '185 Church Street', 'Apt 64, Kingsmead', 'BT15 6KP', 'North East', 'Patient'),
			(76, 'Northern Ireland', '154 Foxglove Way', 'Lakeside Industrial Estate', 'BT29 8OK', 'North East', 'Patient'),
			(76, 'Northern Ireland', '110 Oakfield Road', 'Apt 61, Springfield', 'BT87 5FA', 'North East', 'Patient'),
			(76, 'Northern Ireland', '173 Chapel Street', 'Apt 57, Wharfside', 'BT67 1DE', 'North East', 'Patient'),
			(76, 'Northern Ireland', '102 Elm Street', 'East Side Science Park', 'BT22 1MG', 'North East', 'Patient'),
			(76, 'Northern Ireland', '87 Oakfield Road', 'Wharfside Science Park', 'BT30 6RJ', 'North East', 'Patient'),
			(76, 'Northern Ireland', '196 Bridle Path', 'St Marys Science Park', 'BT97 6MR', 'North East', 'Patient'),
			(76, 'Northern Ireland', '171 Ferry Road', 'The Southbank', 'BT36 2PD', 'North East', 'Patient'),
			(76, 'Northern Ireland', '32 New Street', 'Southbank Trading Estate', 'BT81 2AD', 'North East', 'Patient'),
			(76, 'Northern Ireland', '189 Victoria Road', 'Apt 87, Southbank', 'BT4 2NW', 'North East', 'Patient'),
			(76, 'Northern Ireland', '174 Hawthorn Close', 'Newtown', 'BT80 1CZ', 'North East', 'Patient'),
			(76, 'Northern Ireland', '193 The Avenue', 'Summerhill Trading Estate', 'BT26 4ZR', 'North East', 'Patient'),
			(76, 'Northern Ireland', '126 Cross Street', 'St James Industrial Estate', 'BT70 8AB', 'North East', 'Patient'),
			(76, 'Northern Ireland', '111 Queen Street', 'The Northgate', 'BT49 7PB', 'North East', 'Patient'),
			(76, 'Northern Ireland', '9 The Crescent', 'Lakeside Retail Park', 'BT91 2RO', 'North East', 'Patient'),
			(76, 'Northern Ireland', '35 Meadow Way', 'The Southbank', 'BT15 9ZR', 'North East', 'Patient'),
			(76, 'Northern Ireland', '169 The Green', 'St Marys Retail Park', 'BT61 8FS', 'North East', 'Patient'),
			(76, 'Northern Ireland', '15 Elm Street', 'Southbank Industrial Estate', 'BT49 9ZM', 'North East', 'Patient'),
			(76, 'Northern Ireland', '197 Riverside', 'Old Town Business Park', 'BT76 0EM', 'North East', 'Patient'),
			(76, 'Northern Ireland', '90 Foxglove Way', 'City Centre Science Park', 'BT81 5ND', 'North East', 'Patient'),

			-- HOSPITAL ADDRESSES

			(2, 'England', '12 King Street', 'Digbeth', 'B5 6RD', 'North West', 'Hospital'),
			(5, 'England', '87 Park Lane', 'Clifton', 'BS8 2AB', 'South West', 'Hospital'),
			(23, 'England', '45 Mill Road', 'Headingley', 'LS6 3HT', 'North East', 'Hospital'),
			(28, 'England', '101 Queen Victoria Street', 'Bank', 'EC4V 4AA', 'South East', 'Hospital'),
			(33, 'England', '66 Market Street', 'Hyson Green', 'NG7 6AQ', 'North East', 'Hospital'),
			(57, 'Wales', '18 Cathedral Road', 'Pontcanna', 'CF11 9LH', 'South East', 'Hospital'),
			(58, 'Wales', '94 Commercial Street', 'Maindee', 'NP20 1LP', 'South East', 'Hospital'),
			(59, 'Wales', '22 High Street', 'Lower Denbigh', 'LL17 0RD', 'North East', 'Hospital'),
			(60, 'Wales', '7 St Davids Road', 'Cathedral Close', 'SA62 6RD', 'South West', 'Hospital'),
			(61, 'Wales', '63 Oxford Street', 'Uplands', 'SA2 0JP', 'South West', 'Hospital'),
			(66, 'Scotland', '29 Princes Street', 'New Town', 'EH2 4AD', 'South East', 'Hospital'),
			(67, 'Scotland', '145 Sauchiehall Street', 'Anderston', 'G2 3EZ', 'South West', 'Hospital'),
			(68, 'Scotland', '52 Academy Street', 'Merkinch', 'IV1 1LX', 'North East', 'Hospital'),
			(69, 'Scotland', '36 High Street', 'Craigie', 'PH2 8PH', 'North East', 'Hospital'),
			(70, 'Scotland', '8 Baker Street', 'Raploch', 'FK8 1BJ', 'North East', 'Hospital'),
			(71, 'Northern Ireland', '44 Donegall Place', 'City Centre', 'BT1 5BB', 'South East', 'Hospital'),
			(72, 'Northern Ireland', '13 Strand Road', 'Cityside', 'BT48 7AB', 'North West', 'Hospital'),
			(73, 'Northern Ireland', '67 Bow Street', 'Hilden', 'BT28 1BJ', 'South East', 'Hospital'),
			(74, 'Northern Ireland', '22 Hill Street', 'Damolly', 'BT34 2BN', 'South East', 'Hospital'),
			(75, 'Northern Ireland', '90 Scotch Street', 'Drumarg', 'BT61 7DF', 'South West', 'Hospital'),

			-- STAFF ADDRESSES

			(2, 'England', '164 Station Road', 'City Centre', 'B5 2JJ', 'North West', 'Staff'),
			(2, 'England', '189 Station Road', 'Docklands', 'B9 6DX', 'North West', 'Staff'),
			(2, 'England', '9 High Street', 'West End', 'B4 9JU', 'North West', 'Staff'),
			(2, 'England', '7 Mill Lane', 'Meadowfield', 'B9 7RJ', 'North West', 'Staff'),
			(2, 'England', '151 Park Avenue', 'City Centre', 'B3 4RM', 'North West', 'Staff'),
			(2, 'England', '40 Victoria Road', 'Southgate', 'B2 1DP', 'North West', 'Staff'),
			(2, 'England', '92 Green Lane', 'Southgate', 'B5 8BS', 'North West', 'Staff'),
			(2, 'England', '32 Oak Road', 'Old Town', 'B2 9WL', 'North West', 'Staff'),
			(2, 'England', '227 Green Lane', 'Southgate', 'B4 3DB', 'North West', 'Staff'),
			(2, 'England', '198 Park Avenue', 'West End', 'B4 4EP', 'North West', 'Staff'),
			(2, 'England', '117 Broadway', 'Southgate', 'B3 3NN', 'North West', 'Staff'),
			(2, 'England', '172 Park Avenue', 'Docklands', 'B2 2YZ', 'North West', 'Staff'),
			(2, 'England', '137 Castle Road', 'Meadowfield', 'B3 4SP', 'North West', 'Staff'),
			(2, 'England', '237 Broadway', 'University Quarter', 'B4 3MB', 'North West', 'Staff'),
			(2, 'England', '211 High Street', 'Southgate', 'B7 3KD', 'North West', 'Staff'),
			(2, 'England', '234 George Street', 'Southgate', 'B4 6ZT', 'North West', 'Staff'),
			(2, 'England', '227 Oak Road', 'Docklands', 'B8 2FK', 'North West', 'Staff'),
			(2, 'England', '64 Castle Road', 'University Quarter', 'B9 6KX', 'North West', 'Staff'),
			(2, 'England', '230 George Street', 'Old Town', 'B6 8JF', 'North West', 'Staff'),
			(2, 'England', '127 Station Road', 'City Centre', 'B2 2FZ', 'North West', 'Staff'),
			(5, 'England', '203 Broadway', 'Old Town', 'BS2 9PP', 'South West', 'Staff'),
			(5, 'England', '120 Mill Lane', 'Northside', 'BS9 8AE', 'South West', 'Staff'),
			(5, 'England', '193 Park Avenue', 'Docklands', 'BS6 6EL', 'South West', 'Staff'),
			(5, 'England', '41 King Street', 'City Centre', 'BS5 8UG', 'South West', 'Staff'),
			(5, 'England', '234 Station Road', 'Docklands', 'BS5 9ZU', 'South West', 'Staff'),
			(5, 'England', '51 Church Street', 'Southgate', 'BS3 0WU', 'South West', 'Staff'),
			(5, 'England', '154 London Road', 'Harbourside', 'BS1 4EN', 'South West', 'Staff'),
			(5, 'England', '62 High Street', 'Meadowfield', 'BS2 1DT', 'South West', 'Staff'),
			(5, 'England', '195 Mill Lane', 'Riverside', 'BS3 2TW', 'South West', 'Staff'),
			(5, 'England', '68 Mill Lane', 'Upper Town', 'BS7 3HW', 'South West', 'Staff'),
			(5, 'England', '183 Park Avenue', 'Old Town', 'BS6 7SU', 'South West', 'Staff'),
			(5, 'England', '31 Victoria Road', 'Meadowfield', 'BS2 9MA', 'South West', 'Staff'),
			(5, 'England', '142 Victoria Road', 'Upper Town', 'BS4 0AD', 'South West', 'Staff'),
			(5, 'England', '59 Station Road', 'City Centre', 'BS6 3DU', 'South West', 'Staff'),
			(5, 'England', '72 Broadway', 'Harbourside', 'BS4 9WF', 'South West', 'Staff'),
			(5, 'England', '148 King Street', 'Meadowfield', 'BS8 1RH', 'South West', 'Staff'),
			(5, 'England', '25 Broadway', 'Old Town', 'BS6 7RR', 'South West', 'Staff'),
			(5, 'England', '222 Castle Road', 'City Centre', 'BS2 5BP', 'South West', 'Staff'),
			(5, 'England', '205 Green Lane', 'West End', 'BS4 8HH', 'South West', 'Staff'),
			(5, 'England', '115 Church Street', 'Old Town', 'BS3 3KS', 'South West', 'Staff'),
			(23, 'England', '224 Oak Road', 'West End', 'LS8 0WE', 'North East', 'Staff'),
			(23, 'England', '167 Mill Lane', 'City Centre', 'LS2 6JG', 'North East', 'Staff'),
			(23, 'England', '125 King Street', 'Meadowfield', 'LS7 6BG', 'North East', 'Staff'),
			(23, 'England', '1 Queen Street', 'Northside', 'LS8 8LR', 'North East', 'Staff'),
			(23, 'England', '170 Castle Road', 'Harbourside', 'LS3 3HL', 'North East', 'Staff'),
			(23, 'England', '248 High Street', 'Upper Town', 'LS9 0BM', 'North East', 'Staff'),
			(23, 'England', '13 George Street', 'Harbourside', 'LS9 0UG', 'North East', 'Staff'),
			(23, 'England', '246 Mill Lane', 'West End', 'LS3 1DY', 'North East', 'Staff'),
			(23, 'England', '173 Green Lane', 'Meadowfield', 'LS7 3EX', 'North East', 'Staff'),
			(23, 'England', '149 George Street', 'City Centre', 'LS2 9RX', 'North East', 'Staff'),
			(23, 'England', '134 London Road', 'Northside', 'LS4 4MJ', 'North East', 'Staff'),
			(23, 'England', '102 Church Street', 'Docklands', 'LS5 1SM', 'North East', 'Staff'),
			(23, 'England', '3 King Street', 'Upper Town', 'LS2 3DW', 'North East', 'Staff'),
			(23, 'England', '130 Park Avenue', 'Riverside', 'LS6 5DJ', 'North East', 'Staff'),
			(23, 'England', '73 Church Street', 'Harbourside', 'LS9 8LY', 'North East', 'Staff'),
			(23, 'England', '3 Broadway', 'University Quarter', 'LS5 4EF', 'North East', 'Staff'),
			(23, 'England', '30 Oak Road', 'West End', 'LS9 4FK', 'North East', 'Staff'),
			(23, 'England', '155 Victoria Road', 'Southgate', 'LS4 8ZK', 'North East', 'Staff'),
			(23, 'England', '126 Park Avenue', 'City Centre', 'LS2 4ZR', 'North East', 'Staff'),
			(23, 'England', '12 High Street', 'Southgate', 'LS3 2ZK', 'North East', 'Staff'),
			(28, 'England', '190 King Street', 'University Quarter', 'EC7 1WA', 'South East', 'Staff'),
			(28, 'England', '20 Oak Road', 'Riverside', 'EC9 9BN', 'South East', 'Staff'),
			(28, 'England', '142 Church Street', 'Old Town', 'EC3 5BL', 'South East', 'Staff'),
			(28, 'England', '231 Oak Road', 'City Centre', 'EC6 1HJ', 'South East', 'Staff'),
			(28, 'England', '91 Market Street', 'University Quarter', 'EC7 3YF', 'South East', 'Staff'),
			(28, 'England', '222 Church Street', 'Riverside', 'EC7 5AG', 'South East', 'Staff'),
			(28, 'England', '201 Oak Road', 'Old Town', 'EC4 1KG', 'South East', 'Staff'),
			(28, 'England', '98 Green Lane', 'City Centre', 'EC8 7JH', 'South East', 'Staff'),
			(28, 'England', '90 Park Avenue', 'Meadowfield', 'EC4 6AH', 'South East', 'Staff'),
			(28, 'England', '85 Park Avenue', 'West End', 'EC5 8NZ', 'South East', 'Staff'),
			(28, 'England', '103 Broadway', 'University Quarter', 'EC6 4AE', 'South East', 'Staff'),
			(28, 'England', '46 George Street', 'Northside', 'EC1 6EY', 'South East', 'Staff'),
			(28, 'England', '89 Castle Road', 'Southgate', 'EC7 1YU', 'South East', 'Staff'),
			(28, 'England', '99 Oak Road', 'Upper Town', 'EC4 6KB', 'South East', 'Staff'),
			(28, 'England', '1 Mill Lane', 'University Quarter', 'EC4 1NR', 'South East', 'Staff'),
			(28, 'England', '243 Broadway', 'Southgate', 'EC6 8EL', 'South East', 'Staff'),
			(28, 'England', '80 Broadway', 'Old Town', 'EC6 8PL', 'South East', 'Staff'),
			(28, 'England', '33 Victoria Road', 'Old Town', 'EC7 9GY', 'South East', 'Staff'),
			(28, 'England', '78 Queen Street', 'University Quarter', 'EC1 3LL', 'South East', 'Staff'),
			(28, 'England', '111 Market Street', 'Upper Town', 'EC6 7SS', 'South East', 'Staff'),
			(33, 'England', '173 Victoria Road', 'University Quarter', 'NG8 4GD', 'North East', 'Staff'),
			(33, 'England', '132 Broadway', 'Docklands', 'NG6 4DJ', 'North East', 'Staff'),
			(33, 'England', '58 Market Street', 'Meadowfield', 'NG3 3AB', 'North East', 'Staff'),
			(33, 'England', '122 George Street', 'West End', 'NG8 9RZ', 'North East', 'Staff'),
			(33, 'England', '50 Castle Road', 'Old Town', 'NG8 2PJ', 'North East', 'Staff'),
			(33, 'England', '168 Castle Road', 'City Centre', 'NG2 2RJ', 'North East', 'Staff'),
			(33, 'England', '206 Castle Road', 'University Quarter', 'NG8 3BW', 'North East', 'Staff'),
			(33, 'England', '235 Green Lane', 'West End', 'NG8 8FS', 'North East', 'Staff'),
			(33, 'England', '144 George Street', 'Southgate', 'NG8 6YU', 'North East', 'Staff'),
			(33, 'England', '213 Oak Road', 'University Quarter', 'NG8 7GT', 'North East', 'Staff'),
			(33, 'England', '67 Market Street', 'Meadowfield', 'NG5 3UT', 'North East', 'Staff'),
			(33, 'England', '71 King Street', 'West End', 'NG5 5JK', 'North East', 'Staff'),
			(33, 'England', '82 Oak Road', 'University Quarter', 'NG2 3FF', 'North East', 'Staff'),
			(33, 'England', '99 Castle Road', 'Riverside', 'NG4 6DR', 'North East', 'Staff'),
			(33, 'England', '85 Mill Lane', 'Harbourside', 'NG7 6BH', 'North East', 'Staff'),
			(33, 'England', '100 Oak Road', 'Upper Town', 'NG1 7XP', 'North East', 'Staff'),
			(33, 'England', '2 London Road', 'Northside', 'NG7 8RW', 'North East', 'Staff'),
			(33, 'England', '205 George Street', 'Meadowfield', 'NG8 6JK', 'North East', 'Staff'),
			(33, 'England', '125 High Street', 'Old Town', 'NG6 7PG', 'North East', 'Staff'),
			(33, 'England', '236 Church Street', 'Upper Town', 'NG9 9AP', 'North East', 'Staff'),
			(57, 'Wales', '145 Broadway', 'City Centre', 'CF2 2ZR', 'South East', 'Staff'),
			(57, 'Wales', '222 King Street', 'Riverside', 'CF1 5KP', 'South East', 'Staff'),
			(57, 'Wales', '55 King Street', 'Southgate', 'CF6 6PK', 'South East', 'Staff'),
			(57, 'Wales', '65 Green Lane', 'West End', 'CF8 0AW', 'South East', 'Staff'),
			(57, 'Wales', '244 London Road', 'Meadowfield', 'CF2 0ZB', 'South East', 'Staff'),
			(57, 'Wales', '244 Victoria Road', 'Meadowfield', 'CF1 3YF', 'South East', 'Staff'),
			(57, 'Wales', '33 King Street', 'Docklands', 'CF2 7XH', 'South East', 'Staff'),
			(57, 'Wales', '180 Park Avenue', 'Southgate', 'CF3 1YY', 'South East', 'Staff'),
			(57, 'Wales', '200 Green Lane', 'Riverside', 'CF5 0EX', 'South East', 'Staff'),
			(57, 'Wales', '238 Park Avenue', 'Upper Town', 'CF7 1PH', 'South East', 'Staff'),
			(57, 'Wales', '152 Castle Road', 'Docklands', 'CF4 9EL', 'South East', 'Staff'),
			(57, 'Wales', '207 Station Road', 'Upper Town', 'CF1 6NW', 'South East', 'Staff'),
			(57, 'Wales', '170 London Road', 'West End', 'CF9 0ZM', 'South East', 'Staff'),
			(57, 'Wales', '218 Queen Street', 'Harbourside', 'CF2 7RN', 'South East', 'Staff'),
			(57, 'Wales', '182 Church Street', 'Old Town', 'CF3 4UZ', 'South East', 'Staff'),
			(57, 'Wales', '158 Market Street', 'University Quarter', 'CF8 9SR', 'South East', 'Staff'),
			(57, 'Wales', '69 London Road', 'Meadowfield', 'CF2 3KS', 'South East', 'Staff'),
			(57, 'Wales', '193 King Street', 'Upper Town', 'CF7 7MA', 'South East', 'Staff'),
			(57, 'Wales', '218 London Road', 'Riverside', 'CF8 4HN', 'South East', 'Staff'),
			(57, 'Wales', '88 Park Avenue', 'Upper Town', 'CF5 8WA', 'South East', 'Staff'),
			(58, 'Wales', '243 Victoria Road', 'West End', 'NP4 8RT', 'South East', 'Staff'),
			(58, 'Wales', '195 Victoria Road', 'Harbourside', 'NP8 1SA', 'South East', 'Staff'),
			(58, 'Wales', '76 Victoria Road', 'Old Town', 'NP4 5LX', 'South East', 'Staff'),
			(58, 'Wales', '122 Mill Lane', 'University Quarter', 'NP6 5RW', 'South East', 'Staff'),
			(58, 'Wales', '91 Castle Road', 'Harbourside', 'NP5 3LK', 'South East', 'Staff'),
			(58, 'Wales', '31 Castle Road', 'Meadowfield', 'NP6 2EW', 'South East', 'Staff'),
			(58, 'Wales', '50 Victoria Road', 'Harbourside', 'NP5 9XU', 'South East', 'Staff'),
			(58, 'Wales', '73 Station Road', 'Meadowfield', 'NP5 2JN', 'South East', 'Staff'),
			(58, 'Wales', '78 High Street', 'University Quarter', 'NP3 0KB', 'South East', 'Staff'),
			(58, 'Wales', '142 Park Avenue', 'Riverside', 'NP8 9EA', 'South East', 'Staff'),
			(58, 'Wales', '73 King Street', 'Harbourside', 'NP8 0MG', 'South East', 'Staff'),
			(58, 'Wales', '65 Green Lane', 'Harbourside', 'NP2 7DP', 'South East', 'Staff'),
			(58, 'Wales', '19 George Street', 'Docklands', 'NP1 9FF', 'South East', 'Staff'),
			(58, 'Wales', '243 Park Avenue', 'West End', 'NP4 6EW', 'South East', 'Staff'),
			(58, 'Wales', '156 George Street', 'Upper Town', 'NP4 7UP', 'South East', 'Staff'),
			(58, 'Wales', '233 King Street', 'Northside', 'NP7 9LX', 'South East', 'Staff'),
			(58, 'Wales', '16 George Street', 'West End', 'NP4 4ZH', 'South East', 'Staff'),
			(58, 'Wales', '170 Station Road', 'Riverside', 'NP4 1GW', 'South East', 'Staff'),
			(58, 'Wales', '41 High Street', 'Old Town', 'NP8 4YT', 'South East', 'Staff'),
			(58, 'Wales', '9 Victoria Road', 'Northside', 'NP5 3SD', 'South East', 'Staff'),
			(59, 'Wales', '237 Park Avenue', 'Docklands', 'LL17 6XH', 'North East', 'Staff'),
			(59, 'Wales', '30 Mill Lane', 'Meadowfield', 'LL17 4ZF', 'North East', 'Staff'),
			(59, 'Wales', '212 Church Street', 'West End', 'LL17 4BG', 'North East', 'Staff'),
			(59, 'Wales', '153 Castle Road', 'Upper Town', 'LL17 1LS', 'North East', 'Staff'),
			(59, 'Wales', '120 Castle Road', 'Northside', 'LL17 8PK', 'North East', 'Staff'),
			(59, 'Wales', '139 King Street', 'Harbourside', 'LL17 0DY', 'North East', 'Staff'),
			(59, 'Wales', '228 Queen Street', 'Southgate', 'LL17 0YK', 'North East', 'Staff'),
			(59, 'Wales', '24 Victoria Road', 'Docklands', 'LL17 0XX', 'North East', 'Staff'),
			(59, 'Wales', '196 Broadway', 'Northside', 'LL17 2XB', 'North East', 'Staff'),
			(59, 'Wales', '121 Mill Lane', 'Docklands', 'LL17 2SK', 'North East', 'Staff'),
			(59, 'Wales', '150 Queen Street', 'Docklands', 'LL17 7TD', 'North East', 'Staff'),
			(59, 'Wales', '90 Queen Street', 'Southgate', 'LL17 2ME', 'North East', 'Staff'),
			(59, 'Wales', '85 Queen Street', 'Harbourside', 'LL17 8LP', 'North East', 'Staff'),
			(59, 'Wales', '10 King Street', 'West End', 'LL17 5MK', 'North East', 'Staff'),
			(59, 'Wales', '30 Market Street', 'Old Town', 'LL17 8UA', 'North East', 'Staff'),
			(59, 'Wales', '119 Queen Street', 'City Centre', 'LL17 5HU', 'North East', 'Staff'),
			(59, 'Wales', '160 Market Street', 'Harbourside', 'LL17 0ZS', 'North East', 'Staff'),
			(59, 'Wales', '53 Park Avenue', 'University Quarter', 'LL17 7FL', 'North East', 'Staff'),
			(59, 'Wales', '226 Castle Road', 'Harbourside', 'LL17 9EA', 'North East', 'Staff'),
			(59, 'Wales', '205 Victoria Road', 'Riverside', 'LL17 0LW', 'North East', 'Staff'),
			(60, 'Wales', '142 Queen Street', 'West End', 'SA62 7JE', 'South West', 'Staff'),
			(60, 'Wales', '243 Station Road', 'Docklands', 'SA62 4FT', 'South West', 'Staff'),
			(60, 'Wales', '131 Castle Road', 'Northside', 'SA62 7RT', 'South West', 'Staff'),
			(60, 'Wales', '63 King Street', 'University Quarter', 'SA62 3FP', 'South West', 'Staff'),
			(60, 'Wales', '236 George Street', 'University Quarter', 'SA62 4FD', 'South West', 'Staff'),
			(60, 'Wales', '198 Market Street', 'Old Town', 'SA62 4MU', 'South West', 'Staff'),
			(60, 'Wales', '211 High Street', 'Northside', 'SA62 9LX', 'South West', 'Staff'),
			(60, 'Wales', '169 King Street', 'Riverside', 'SA62 7SW', 'South West', 'Staff'),
			(60, 'Wales', '89 London Road', 'University Quarter', 'SA62 7WP', 'South West', 'Staff'),
			(60, 'Wales', '239 London Road', 'Meadowfield', 'SA62 6JX', 'South West', 'Staff'),
			(60, 'Wales', '60 Green Lane', 'Old Town', 'SA62 7BM', 'South West', 'Staff'),
			(60, 'Wales', '181 Oak Road', 'Old Town', 'SA62 2PZ', 'South West', 'Staff'),
			(60, 'Wales', '127 High Street', 'Riverside', 'SA62 5UX', 'South West', 'Staff'),
			(60, 'Wales', '223 Station Road', 'Harbourside', 'SA62 7EU', 'South West', 'Staff'),
			(60, 'Wales', '4 Castle Road', 'Riverside', 'SA62 2RZ', 'South West', 'Staff'),
			(60, 'Wales', '20 King Street', 'Northside', 'SA62 6MY', 'South West', 'Staff'),
			(60, 'Wales', '167 Station Road', 'Southgate', 'SA62 5WP', 'South West', 'Staff'),
			(60, 'Wales', '161 Castle Road', 'Harbourside', 'SA62 9WB', 'South West', 'Staff'),
			(60, 'Wales', '18 Victoria Road', 'Docklands', 'SA62 1LJ', 'South West', 'Staff'),
			(60, 'Wales', '112 Station Road', 'Docklands', 'SA62 2ES', 'South West', 'Staff'),
			(61, 'Wales', '178 Park Avenue', 'City Centre', 'SA2 0BM', 'South West', 'Staff'),
			(61, 'Wales', '76 London Road', 'Southgate', 'SA2 3RF', 'South West', 'Staff'),
			(61, 'Wales', '136 Queen Street', 'Upper Town', 'SA2 2GG', 'South West', 'Staff'),
			(61, 'Wales', '21 George Street', 'Old Town', 'SA2 7YJ', 'South West', 'Staff'),
			(61, 'Wales', '234 George Street', 'Riverside', 'SA2 4JS', 'South West', 'Staff'),
			(61, 'Wales', '118 Park Avenue', 'Docklands', 'SA2 4AS', 'South West', 'Staff'),
			(61, 'Wales', '174 Mill Lane', 'Riverside', 'SA2 5DS', 'South West', 'Staff'),
			(61, 'Wales', '151 Park Avenue', 'Docklands', 'SA2 7RK', 'South West', 'Staff'),
			(61, 'Wales', '217 Park Avenue', 'Meadowfield', 'SA2 1PT', 'South West', 'Staff'),
			(61, 'Wales', '61 Queen Street', 'Upper Town', 'SA2 4NX', 'South West', 'Staff'),
			(61, 'Wales', '180 Park Avenue', 'City Centre', 'SA2 0PK', 'South West', 'Staff'),
			(61, 'Wales', '145 Green Lane', 'Docklands', 'SA2 7BY', 'South West', 'Staff'),
			(61, 'Wales', '214 Oak Road', 'Northside', 'SA2 5JY', 'South West', 'Staff'),
			(61, 'Wales', '57 Broadway', 'Meadowfield', 'SA2 2YK', 'South West', 'Staff'),
			(61, 'Wales', '161 Station Road', 'Docklands', 'SA2 4ZB', 'South West', 'Staff'),
			(61, 'Wales', '202 King Street', 'City Centre', 'SA2 2XN', 'South West', 'Staff'),
			(61, 'Wales', '24 Oak Road', 'Northside', 'SA2 2MR', 'South West', 'Staff'),
			(61, 'Wales', '52 Church Street', 'University Quarter', 'SA2 8NU', 'South West', 'Staff'),
			(61, 'Wales', '234 Park Avenue', 'Riverside', 'SA2 4KT', 'South West', 'Staff'),
			(61, 'Wales', '192 Green Lane', 'Southgate', 'SA2 1ES', 'South West', 'Staff'),
			(66, 'Scotland', '37 Market Street', 'Meadowfield', 'EH7 1WN', 'South East', 'Staff'),
			(66, 'Scotland', '203 Queen Street', 'City Centre', 'EH5 7WE', 'South East', 'Staff'),
			(66, 'Scotland', '95 Broadway', 'Docklands', 'EH5 5XP', 'South East', 'Staff'),
			(66, 'Scotland', '28 Broadway', 'Meadowfield', 'EH8 8AY', 'South East', 'Staff'),
			(66, 'Scotland', '84 Oak Road', 'Upper Town', 'EH4 7ZD', 'South East', 'Staff'),
			(66, 'Scotland', '233 Castle Road', 'Northside', 'EH7 0EF', 'South East', 'Staff'),
			(66, 'Scotland', '243 High Street', 'Northside', 'EH8 3EE', 'South East', 'Staff'),
			(66, 'Scotland', '228 Mill Lane', 'Riverside', 'EH7 8SN', 'South East', 'Staff'),
			(66, 'Scotland', '108 George Street', 'Riverside', 'EH7 7ZE', 'South East', 'Staff'),
			(66, 'Scotland', '158 Queen Street', 'Northside', 'EH1 7NH', 'South East', 'Staff'),
			(66, 'Scotland', '114 Victoria Road', 'Southgate', 'EH2 5NW', 'South East', 'Staff'),
			(66, 'Scotland', '16 Queen Street', 'Northside', 'EH4 1ES', 'South East', 'Staff'),
			(66, 'Scotland', '170 Victoria Road', 'Docklands', 'EH1 3BM', 'South East', 'Staff'),
			(66, 'Scotland', '33 Market Street', 'Upper Town', 'EH4 3DW', 'South East', 'Staff'),
			(66, 'Scotland', '151 Victoria Road', 'Meadowfield', 'EH6 0FY', 'South East', 'Staff'),
			(66, 'Scotland', '71 Green Lane', 'Riverside', 'EH3 2WK', 'South East', 'Staff'),
			(66, 'Scotland', '29 Broadway', 'City Centre', 'EH3 3AN', 'South East', 'Staff'),
			(66, 'Scotland', '151 London Road', 'City Centre', 'EH3 2KB', 'South East', 'Staff'),
			(66, 'Scotland', '190 Queen Street', 'University Quarter', 'EH2 7DT', 'South East', 'Staff'),
			(66, 'Scotland', '200 London Road', 'University Quarter', 'EH2 3SU', 'South East', 'Staff'),
			(67, 'Scotland', '243 George Street', 'City Centre', 'G9 0LS', 'South West', 'Staff'),
			(67, 'Scotland', '16 King Street', 'Old Town', 'G7 7ET', 'South West', 'Staff'),
			(67, 'Scotland', '19 Oak Road', 'West End', 'G6 1YF', 'South West', 'Staff'),
			(67, 'Scotland', '33 Park Avenue', 'Upper Town', 'G9 9MP', 'South West', 'Staff'),
			(67, 'Scotland', '136 Park Avenue', 'Harbourside', 'G9 1YR', 'South West', 'Staff'),
			(67, 'Scotland', '204 Castle Road', 'West End', 'G9 7HR', 'South West', 'Staff'),
			(67, 'Scotland', '228 Victoria Road', 'Old Town', 'G6 6SP', 'South West', 'Staff'),
			(67, 'Scotland', '187 Station Road', 'Southgate', 'G7 5MK', 'South West', 'Staff'),
			(67, 'Scotland', '245 Church Street', 'Docklands', 'G8 1DD', 'South West', 'Staff'),
			(67, 'Scotland', '24 Queen Street', 'West End', 'G6 0FW', 'South West', 'Staff'),
			(67, 'Scotland', '151 Mill Lane', 'University Quarter', 'G6 5ER', 'South West', 'Staff'),
			(67, 'Scotland', '224 Broadway', 'Old Town', 'G1 4LY', 'South West', 'Staff'),
			(67, 'Scotland', '91 Station Road', 'Upper Town', 'G9 7HF', 'South West', 'Staff'),
			(67, 'Scotland', '58 Green Lane', 'West End', 'G6 1WN', 'South West', 'Staff'),
			(67, 'Scotland', '196 Park Avenue', 'Upper Town', 'G4 9RW', 'South West', 'Staff'),
			(67, 'Scotland', '158 Broadway', 'Docklands', 'G9 4AY', 'South West', 'Staff'),
			(67, 'Scotland', '8 Church Street', 'Northside', 'G5 0MN', 'South West', 'Staff'),
			(67, 'Scotland', '47 Green Lane', 'Riverside', 'G7 0DF', 'South West', 'Staff'),
			(67, 'Scotland', '24 Castle Road', 'University Quarter', 'G4 7PR', 'South West', 'Staff'),
			(67, 'Scotland', '88 Church Street', 'Southgate', 'G5 9MX', 'South West', 'Staff'),
			(68, 'Scotland', '22 Oak Road', 'City Centre', 'IV3 0GY', 'North East', 'Staff'),
			(68, 'Scotland', '173 Station Road', 'Northside', 'IV8 9RT', 'North East', 'Staff'),
			(68, 'Scotland', '114 Queen Street', 'Northside', 'IV4 5UE', 'North East', 'Staff'),
			(68, 'Scotland', '111 Station Road', 'Northside', 'IV8 0UL', 'North East', 'Staff'),
			(68, 'Scotland', '57 Queen Street', 'Upper Town', 'IV1 4AH', 'North East', 'Staff'),
			(68, 'Scotland', '243 Victoria Road', 'Riverside', 'IV5 1LM', 'North East', 'Staff'),
			(68, 'Scotland', '2 King Street', 'Old Town', 'IV3 8FP', 'North East', 'Staff'),
			(68, 'Scotland', '181 Victoria Road', 'University Quarter', 'IV9 6ND', 'North East', 'Staff'),
			(68, 'Scotland', '221 Castle Road', 'City Centre', 'IV7 1AS', 'North East', 'Staff'),
			(68, 'Scotland', '221 London Road', 'Upper Town', 'IV7 6XP', 'North East', 'Staff'),
			(68, 'Scotland', '75 Station Road', 'Old Town', 'IV1 9MG', 'North East', 'Staff'),
			(68, 'Scotland', '118 Green Lane', 'Southgate', 'IV2 3RE', 'North East', 'Staff'),
			(68, 'Scotland', '112 George Street', 'Old Town', 'IV9 4DP', 'North East', 'Staff'),
			(68, 'Scotland', '191 London Road', 'Meadowfield', 'IV6 8GD', 'North East', 'Staff'),
			(68, 'Scotland', '163 Station Road', 'University Quarter', 'IV9 5HN', 'North East', 'Staff'),
			(68, 'Scotland', '187 Green Lane', 'Docklands', 'IV3 2JE', 'North East', 'Staff'),
			(68, 'Scotland', '66 Victoria Road', 'Riverside', 'IV3 2ZD', 'North East', 'Staff'),
			(68, 'Scotland', '244 Market Street', 'Docklands', 'IV8 9SX', 'North East', 'Staff'),
			(68, 'Scotland', '115 Broadway', 'Upper Town', 'IV6 2ZM', 'North East', 'Staff'),
			(68, 'Scotland', '113 Station Road', 'Harbourside', 'IV8 4ZL', 'North East', 'Staff'),
			(69, 'Scotland', '152 High Street', 'Southgate', 'PH9 7DL', 'North East', 'Staff'),
			(69, 'Scotland', '116 High Street', 'City Centre', 'PH6 1LD', 'North East', 'Staff'),
			(69, 'Scotland', '158 George Street', 'University Quarter', 'PH7 8SX', 'North East', 'Staff'),
			(69, 'Scotland', '245 Market Street', 'City Centre', 'PH8 3XZ', 'North East', 'Staff'),
			(69, 'Scotland', '83 George Street', 'Harbourside', 'PH9 7FB', 'North East', 'Staff'),
			(69, 'Scotland', '27 Market Street', 'Southgate', 'PH2 2UZ', 'North East', 'Staff'),
			(69, 'Scotland', '11 Victoria Road', 'Harbourside', 'PH8 9UU', 'North East', 'Staff'),
			(69, 'Scotland', '41 London Road', 'Southgate', 'PH5 5PR', 'North East', 'Staff'),
			(69, 'Scotland', '174 George Street', 'City Centre', 'PH6 1DM', 'North East', 'Staff'),
			(69, 'Scotland', '143 Broadway', 'Old Town', 'PH5 2KY', 'North East', 'Staff'),
			(69, 'Scotland', '86 Station Road', 'Upper Town', 'PH3 6NL', 'North East', 'Staff'),
			(69, 'Scotland', '34 George Street', 'West End', 'PH5 5WP', 'North East', 'Staff'),
			(69, 'Scotland', '209 Church Street', 'Docklands', 'PH9 6DZ', 'North East', 'Staff'),
			(69, 'Scotland', '131 London Road', 'City Centre', 'PH6 3LG', 'North East', 'Staff'),
			(69, 'Scotland', '88 Market Street', 'Harbourside', 'PH4 2JF', 'North East', 'Staff'),
			(69, 'Scotland', '20 Park Avenue', 'West End', 'PH9 0WU', 'North East', 'Staff'),
			(69, 'Scotland', '170 London Road', 'Upper Town', 'PH3 2YP', 'North East', 'Staff'),
			(69, 'Scotland', '42 Church Street', 'Upper Town', 'PH3 6SB', 'North East', 'Staff'),
			(69, 'Scotland', '94 Broadway', 'Meadowfield', 'PH8 7YL', 'North East', 'Staff'),
			(69, 'Scotland', '60 Mill Lane', 'Meadowfield', 'PH5 5TH', 'North East', 'Staff'),
			(70, 'Scotland', '174 George Street', 'Harbourside', 'FK8 8LP', 'North East', 'Staff'),
			(70, 'Scotland', '136 Queen Street', 'Riverside', 'FK4 4YF', 'North East', 'Staff'),
			(70, 'Scotland', '14 Broadway', 'Harbourside', 'FK6 8WE', 'North East', 'Staff'),
			(70, 'Scotland', '218 Station Road', 'Northside', 'FK2 7GK', 'North East', 'Staff'),
			(70, 'Scotland', '232 Mill Lane', 'Riverside', 'FK7 7DJ', 'North East', 'Staff'),
			(70, 'Scotland', '227 London Road', 'City Centre', 'FK7 8BP', 'North East', 'Staff'),
			(70, 'Scotland', '96 Victoria Road', 'Old Town', 'FK2 0NJ', 'North East', 'Staff'),
			(70, 'Scotland', '82 Oak Road', 'West End', 'FK6 0FF', 'North East', 'Staff'),
			(70, 'Scotland', '74 Oak Road', 'Harbourside', 'FK3 9TS', 'North East', 'Staff'),
			(70, 'Scotland', '2 Oak Road', 'West End', 'FK1 2KH', 'North East', 'Staff'),
			(70, 'Scotland', '141 Castle Road', 'Upper Town', 'FK9 4RE', 'North East', 'Staff'),
			(70, 'Scotland', '61 Park Avenue', 'West End', 'FK1 9JR', 'North East', 'Staff'),
			(70, 'Scotland', '118 Station Road', 'West End', 'FK8 0YW', 'North East', 'Staff'),
			(70, 'Scotland', '162 Mill Lane', 'Upper Town', 'FK4 6FL', 'North East', 'Staff'),
			(70, 'Scotland', '1 George Street', 'Southgate', 'FK4 2XR', 'North East', 'Staff'),
			(70, 'Scotland', '171 Broadway', 'West End', 'FK9 8ND', 'North East', 'Staff'),
			(70, 'Scotland', '140 Mill Lane', 'University Quarter', 'FK9 7AP', 'North East', 'Staff'),
			(70, 'Scotland', '12 Broadway', 'Old Town', 'FK6 5KA', 'North East', 'Staff'),
			(70, 'Scotland', '202 Station Road', 'Southgate', 'FK4 9ZE', 'North East', 'Staff'),
			(70, 'Scotland', '189 Market Street', 'Southgate', 'FK3 8BN', 'North East', 'Staff'),
			(71, 'Northern Ireland', '87 Green Lane', 'Docklands', 'BT1 7GS', 'South East', 'Staff'),
			(71, 'Northern Ireland', '162 Church Street', 'Riverside', 'BT1 0DS', 'South East', 'Staff'),
			(71, 'Northern Ireland', '76 Victoria Road', 'City Centre', 'BT1 5HB', 'South East', 'Staff'),
			(71, 'Northern Ireland', '239 Park Avenue', 'University Quarter', 'BT1 7PW', 'South East', 'Staff'),
			(71, 'Northern Ireland', '65 High Street', 'Docklands', 'BT1 5HL', 'South East', 'Staff'),
			(71, 'Northern Ireland', '221 Market Street', 'City Centre', 'BT1 4ZM', 'South East', 'Staff'),
			(71, 'Northern Ireland', '32 Market Street', 'Southgate', 'BT1 7RP', 'South East', 'Staff'),
			(71, 'Northern Ireland', '230 Queen Street', 'Southgate', 'BT1 7GT', 'South East', 'Staff'),
			(71, 'Northern Ireland', '95 Oak Road', 'University Quarter', 'BT1 6KD', 'South East', 'Staff'),
			(71, 'Northern Ireland', '21 Queen Street', 'Upper Town', 'BT1 4GW', 'South East', 'Staff'),
			(71, 'Northern Ireland', '83 Station Road', 'West End', 'BT1 4ML', 'South East', 'Staff'),
			(71, 'Northern Ireland', '115 George Street', 'Old Town', 'BT1 5GS', 'South East', 'Staff'),
			(71, 'Northern Ireland', '115 High Street', 'Southgate', 'BT1 4YR', 'South East', 'Staff'),
			(71, 'Northern Ireland', '164 Market Street', 'City Centre', 'BT1 6DZ', 'South East', 'Staff'),
			(71, 'Northern Ireland', '94 Mill Lane', 'Docklands', 'BT1 2GA', 'South East', 'Staff'),
			(71, 'Northern Ireland', '218 George Street', 'Docklands', 'BT1 2SB', 'South East', 'Staff'),
			(71, 'Northern Ireland', '18 Victoria Road', 'Docklands', 'BT1 6NN', 'South East', 'Staff'),
			(71, 'Northern Ireland', '244 George Street', 'City Centre', 'BT1 7YF', 'South East', 'Staff'),
			(71, 'Northern Ireland', '243 London Road', 'Southgate', 'BT1 9SD', 'South East', 'Staff'),
			(71, 'Northern Ireland', '36 Mill Lane', 'Southgate', 'BT1 4PM', 'South East', 'Staff'),
			(72, 'Northern Ireland', '64 Station Road', 'City Centre', 'BT48 8GT', 'North West', 'Staff'),
			(72, 'Northern Ireland', '100 Oak Road', 'University Quarter', 'BT48 4EK', 'North West', 'Staff'),
			(72, 'Northern Ireland', '181 King Street', 'Meadowfield', 'BT48 7YL', 'North West', 'Staff'),
			(72, 'Northern Ireland', '52 Station Road', 'Riverside', 'BT48 2DS', 'North West', 'Staff'),
			(72, 'Northern Ireland', '231 Castle Road', 'Harbourside', 'BT48 5DM', 'North West', 'Staff'),
			(72, 'Northern Ireland', '182 Station Road', 'University Quarter', 'BT48 4WL', 'North West', 'Staff'),
			(72, 'Northern Ireland', '218 Church Street', 'Docklands', 'BT48 8GN', 'North West', 'Staff'),
			(72, 'Northern Ireland', '58 Station Road', 'Meadowfield', 'BT48 7FJ', 'North West', 'Staff'),
			(72, 'Northern Ireland', '7 London Road', 'University Quarter', 'BT48 7XN', 'North West', 'Staff'),
			(72, 'Northern Ireland', '206 Mill Lane', 'Riverside', 'BT48 1YD', 'North West', 'Staff'),
			(72, 'Northern Ireland', '80 Queen Street', 'Harbourside', 'BT48 6UR', 'North West', 'Staff'),
			(72, 'Northern Ireland', '211 George Street', 'West End', 'BT48 1FM', 'North West', 'Staff'),
			(72, 'Northern Ireland', '116 King Street', 'Docklands', 'BT48 2UN', 'North West', 'Staff'),
			(72, 'Northern Ireland', '225 Green Lane', 'University Quarter', 'BT48 2ZX', 'North West', 'Staff'),
			(72, 'Northern Ireland', '197 Church Street', 'Old Town', 'BT48 1UB', 'North West', 'Staff'),
			(72, 'Northern Ireland', '133 Church Street', 'Northside', 'BT48 5GG', 'North West', 'Staff'),
			(72, 'Northern Ireland', '240 Castle Road', 'Meadowfield', 'BT48 4NU', 'North West', 'Staff'),
			(72, 'Northern Ireland', '217 Station Road', 'Northside', 'BT48 8HZ', 'North West', 'Staff'),
			(72, 'Northern Ireland', '71 Church Street', 'Docklands', 'BT48 8LY', 'North West', 'Staff'),
			(72, 'Northern Ireland', '24 Mill Lane', 'Docklands', 'BT48 9GX', 'North West', 'Staff'),
			(73, 'Northern Ireland', '40 Church Street', 'Docklands', 'BT28 5YY', 'South East', 'Staff'),
			(73, 'Northern Ireland', '216 Oak Road', 'Upper Town', 'BT28 1BA', 'South East', 'Staff'),
			(73, 'Northern Ireland', '12 Broadway', 'Upper Town', 'BT28 3KZ', 'South East', 'Staff'),
			(73, 'Northern Ireland', '197 George Street', 'Old Town', 'BT28 0YZ', 'South East', 'Staff'),
			(73, 'Northern Ireland', '128 Oak Road', 'Docklands', 'BT28 4WL', 'South East', 'Staff'),
			(73, 'Northern Ireland', '124 Victoria Road', 'Docklands', 'BT28 7PL', 'South East', 'Staff'),
			(73, 'Northern Ireland', '19 Castle Road', 'City Centre', 'BT28 6GS', 'South East', 'Staff'),
			(73, 'Northern Ireland', '124 King Street', 'Meadowfield', 'BT28 2MY', 'South East', 'Staff'),
			(73, 'Northern Ireland', '81 Green Lane', 'Southgate', 'BT28 2NP', 'South East', 'Staff'),
			(73, 'Northern Ireland', '195 London Road', 'University Quarter', 'BT28 5WE', 'South East', 'Staff'),
			(73, 'Northern Ireland', '62 King Street', 'West End', 'BT28 3KS', 'South East', 'Staff'),
			(73, 'Northern Ireland', '37 Station Road', 'City Centre', 'BT28 9LP', 'South East', 'Staff'),
			(73, 'Northern Ireland', '108 Victoria Road', 'Riverside', 'BT28 5MX', 'South East', 'Staff'),
			(73, 'Northern Ireland', '49 Market Street', 'Riverside', 'BT28 7TU', 'South East', 'Staff'),
			(73, 'Northern Ireland', '128 Oak Road', 'Northside', 'BT28 1TA', 'South East', 'Staff'),
			(73, 'Northern Ireland', '242 Queen Street', 'University Quarter', 'BT28 3SJ', 'South East', 'Staff'),
			(73, 'Northern Ireland', '150 London Road', 'City Centre', 'BT28 7BL', 'South East', 'Staff'),
			(73, 'Northern Ireland', '153 Oak Road', 'Docklands', 'BT28 8TL', 'South East', 'Staff'),
			(73, 'Northern Ireland', '3 Green Lane', 'West End', 'BT28 4RF', 'South East', 'Staff'),
			(73, 'Northern Ireland', '187 London Road', 'Old Town', 'BT28 6NB', 'South East', 'Staff'),
			(74, 'Northern Ireland', '14 George Street', 'University Quarter', 'BT34 8HN', 'South East', 'Staff'),
			(74, 'Northern Ireland', '74 Station Road', 'Old Town', 'BT34 8US', 'South East', 'Staff'),
			(74, 'Northern Ireland', '72 Green Lane', 'Upper Town', 'BT34 2YE', 'South East', 'Staff'),
			(74, 'Northern Ireland', '250 Station Road', 'Old Town', 'BT34 8NM', 'South East', 'Staff'),
			(74, 'Northern Ireland', '241 London Road', 'Riverside', 'BT34 8HY', 'South East', 'Staff'),
			(74, 'Northern Ireland', '103 Mill Lane', 'City Centre', 'BT34 2BB', 'South East', 'Staff'),
			(74, 'Northern Ireland', '183 London Road', 'Harbourside', 'BT34 2US', 'South East', 'Staff'),
			(74, 'Northern Ireland', '156 Oak Road', 'University Quarter', 'BT34 9FM', 'South East', 'Staff'),
			(74, 'Northern Ireland', '82 Church Street', 'Old Town', 'BT34 9YL', 'South East', 'Staff'),
			(74, 'Northern Ireland', '87 Mill Lane', 'University Quarter', 'BT34 9WT', 'South East', 'Staff'),
			(74, 'Northern Ireland', '77 King Street', 'City Centre', 'BT34 1NM', 'South East', 'Staff'),
			(74, 'Northern Ireland', '107 George Street', 'Northside', 'BT34 9ZA', 'South East', 'Staff'),
			(74, 'Northern Ireland', '122 Park Avenue', 'Docklands', 'BT34 3XX', 'South East', 'Staff'),
			(74, 'Northern Ireland', '185 High Street', 'Upper Town', 'BT34 8TG', 'South East', 'Staff'),
			(74, 'Northern Ireland', '162 Castle Road', 'Upper Town', 'BT34 3PF', 'South East', 'Staff'),
			(74, 'Northern Ireland', '9 George Street', 'West End', 'BT34 7HA', 'South East', 'Staff'),
			(74, 'Northern Ireland', '81 Queen Street', 'Riverside', 'BT34 6RH', 'South East', 'Staff'),
			(74, 'Northern Ireland', '129 Market Street', 'Upper Town', 'BT34 2TB', 'South East', 'Staff'),
			(74, 'Northern Ireland', '133 Victoria Road', 'University Quarter', 'BT34 8MT', 'South East', 'Staff'),
			(74, 'Northern Ireland', '97 London Road', 'Riverside', 'BT34 5SW', 'South East', 'Staff'),
			(75, 'Northern Ireland', '140 London Road', 'Docklands', 'BT61 9ZK', 'South West', 'Staff'),
			(75, 'Northern Ireland', '124 Victoria Road', 'Meadowfield', 'BT61 4KW', 'South West', 'Staff'),
			(75, 'Northern Ireland', '58 Park Avenue', 'Northside', 'BT61 5HT', 'South West', 'Staff'),
			(75, 'Northern Ireland', '123 London Road', 'University Quarter', 'BT61 1KL', 'South West', 'Staff'),
			(75, 'Northern Ireland', '147 Broadway', 'University Quarter', 'BT61 5PP', 'South West', 'Staff'),
			(75, 'Northern Ireland', '245 Market Street', 'Riverside', 'BT61 4LB', 'South West', 'Staff'),
			(75, 'Northern Ireland', '245 Castle Road', 'West End', 'BT61 4NS', 'South West', 'Staff'),
			(75, 'Northern Ireland', '192 King Street', 'Meadowfield', 'BT61 4HW', 'South West', 'Staff'),
			(75, 'Northern Ireland', '239 Mill Lane', 'Northside', 'BT61 9FE', 'South West', 'Staff'),
			(75, 'Northern Ireland', '190 George Street', 'Meadowfield', 'BT61 8JB', 'South West', 'Staff'),
			(75, 'Northern Ireland', '58 Broadway', 'Meadowfield', 'BT61 6BE', 'South West', 'Staff'),
			(75, 'Northern Ireland', '85 Castle Road', 'Harbourside', 'BT61 0EF', 'South West', 'Staff'),
			(75, 'Northern Ireland', '247 Mill Lane', 'Riverside', 'BT61 7RZ', 'South West', 'Staff'),
			(75, 'Northern Ireland', '123 Broadway', 'Meadowfield', 'BT61 4LM', 'South West', 'Staff'),
			(75, 'Northern Ireland', '166 High Street', 'West End', 'BT61 3ZX', 'South West', 'Staff'),
			(75, 'Northern Ireland', '137 Castle Road', 'City Centre', 'BT61 2GR', 'South West', 'Staff'),
			(75, 'Northern Ireland', '240 Oak Road', 'City Centre', 'BT61 2PT', 'South West', 'Staff'),
			(75, 'Northern Ireland', '240 Castle Road', 'Northside', 'BT61 4BA', 'South West', 'Staff'),
			(75, 'Northern Ireland', '146 George Street', 'West End', 'BT61 7ML', 'South West', 'Staff'),
			(75, 'Northern Ireland', '165 Mill Lane', 'University Quarter', 'BT61 8TF', 'South West', 'Staff');

INSERT INTO
	patient(address_id, nhs_number, first_name, middle_name, last_name, telephone, email, sex, date_of_birth)
		VALUES
			(1, '1154479627', 'Ruth', 'Henry', 'Griffiths', '08694486959', 'ruth.griffiths@email.com', 'Female', '1957-12-23'),
			(2, '1013721510', 'Francis', NULL, 'Davidson', '08636887258', 'francis.davidson@email.com', 'Female', '1938-08-07'),
			(3, '4388899375', 'Sian', 'Janice', 'Cox', '08495621372', 'sian.cox@email.com', 'Male', '1936-06-24'),
			(4, '7833918785', 'Marie', 'Robert', 'Oliver', '08658902601', 'marie.oliver@email.com', 'Male', '1937-05-26'),
			(5, '7941552166', 'Charlie', NULL, 'Barnes', '08961143519', 'charlie.barnes@email.com', 'Male', '2006-08-01'),
			(6, '7937416089', 'Richard', NULL, 'Moore', '08698490277', 'richard.moore@email.com', 'Male', '2022-02-05'),
			(7, '7406403910', 'Francesca', 'Samantha', 'Harrison', '08843098839', 'francesca.harrison@email.com', 'Male', '1954-08-26'),
			(8, '1016668700', 'Lucy', NULL, 'Wright', '08530214656', 'lucy.wright@email.com', 'Female', '1925-07-14'),
			(9, '7072867908', 'Sam', NULL, 'Harrison', '08801184895', 'sam.harrison@email.com', 'Female', '1970-12-15'),
			(10, '7837770143', 'Ricky', NULL, 'Bryan', '08439376904', 'ricky.bryan@email.com', 'Male', '1970-06-17'),
			(11, '2284210205', 'Timothy', NULL, 'Green', '08181845184', 'timothy.green@email.com', 'Female', '1937-10-23'),
			(12, '2304618499', 'Sarah', NULL, 'Baker', '08697357790', 'sarah.baker@email.com', 'Female', '2006-10-25'),
			(13, '8350305641', 'Arthur', 'Kelly', 'Gough', '08163356588', 'arthur.gough@email.com', 'Male', '1997-08-18'),
			(14, '0799118384', 'Harry', NULL, 'Simpson', '08434165182', 'harry.simpson@email.com', 'Female', '1976-03-02'),
			(15, '4739473121', 'Jason', NULL, 'Fisher', '08394237333', 'jason.fisher@email.com', 'Female', '2010-03-16'),
			(16, '1697972965', 'Marian', 'Linda', 'Young', '08339521117', 'marian.young@email.com', 'Male', '2003-03-24'),
			(17, '9041379772', 'Alex', NULL, 'Campbell', '08807595794', 'alex.campbell@email.com', 'Female', '1930-11-19'),
			(18, '3854678544', 'Irene', 'Gregory', 'Wilson', '08846392086', 'irene.wilson@email.com', 'Female', '1935-07-05'),
			(19, '2512868230', 'Donald', NULL, 'Taylor', '08085627187', 'donald.taylor@email.com', 'Female', '1976-05-20'),
			(20, '2474517123', 'Ricky', NULL, 'Price', '08036915594', 'ricky.price@email.com', 'Male', '1974-04-20'),
			(21, '1751830469', 'Ben', NULL, 'Middleton', '08347955276', 'ben.middleton@email.com', 'Male', '1953-02-28'),
			(22, '3097289623', 'Vanessa', NULL, 'Phillips', '08556472929', 'vanessa.phillips@email.com', 'Male', '2017-09-05'),
			(23, '9908811729', 'Eileen', NULL, 'Hammond', '08438663227', 'eileen.hammond@email.com', 'Male', '2011-01-25'),
			(24, '4057202590', 'Ronald', 'Duncan', 'Wilkinson', '08728857448', 'ronald.wilkinson@email.com', 'Male', '1946-11-20'),
			(25, '0244550229', 'Bethany', NULL, 'Lamb', '08203471754', 'bethany.lamb@email.com', 'Female', '2011-10-02'),
			(26, '3689702838', 'Charlene', NULL, 'Randall', '08845061593', 'charlene.randall@email.com', 'Male', '2017-10-28'),
			(27, '0920242869', 'Victor', NULL, 'Watts', '08455877169', 'victor.watts@email.com', 'Female', '1932-04-05'),
			(28, '2901476797', 'Bernard', NULL, 'Fuller', '08225699611', 'bernard.fuller@email.com', 'Male', '1967-08-01'),
			(29, '5254599102', 'Joanne', NULL, 'Phillips', '08554496475', 'joanne.phillips@email.com', 'Female', '1953-05-13'),
			(30, '8705932525', 'Kirsty', NULL, 'Hawkins', '08202341326', 'kirsty.hawkins@email.com', 'Male', '1967-06-23'),
			(31, '5499045301', 'Phillip', 'Hannah', 'Lynch', '08780068114', 'phillip.lynch@email.com', 'Male', '2012-02-21'),
			(32, '0385677005', 'Clare', 'Bradley', 'Wilkins', '08643347228', 'clare.wilkins@email.com', 'Male', '1958-03-19'),
			(33, '3119079030', 'Chelsea', 'Fiona', 'Powell', '08557784872', 'chelsea.powell@email.com', 'Male', '1982-12-16'),
			(34, '6183242102', 'Carole', NULL, 'Matthews', '08796884578', 'carole.matthews@email.com', 'Male', '1954-07-01'),
			(35, '3734670656', 'Ashley', NULL, 'Bond', '08745642400', 'ashley.bond@email.com', 'Male', '1937-01-08'),
			(36, '4013990490', 'Anthony', NULL, 'Taylor', '08780774064', 'anthony.taylor@email.com', 'Male', '1945-06-13'),
			(37, '9013983735', 'Teresa', NULL, 'Walsh', '08853686632', 'teresa.walsh@email.com', 'Female', '2017-04-05'),
			(38, '2176591803', 'Mary', NULL, 'Anderson', '08341638944', 'mary.anderson@email.com', 'Female', '1977-01-05'),
			(39, '4736471027', 'Margaret', NULL, 'Wright', '08122417974', 'margaret.wright@email.com', 'Female', '1988-05-07'),
			(40, '0983584168', 'Debra', 'Andrea', 'Smith', '08020802144', 'debra.smith@email.com', 'Male', '1926-03-18'),
			(41, '5719285654', 'Gail', NULL, 'Atkinson', '08031207356', 'gail.atkinson@email.com', 'Female', '2017-06-06'),
			(42, '8583339452', 'Paula', NULL, 'Myers', '08757051204', 'paula.myers@email.com', 'Female', '2011-11-19'),
			(43, '0438983640', 'Maurice', 'Tracy', 'Griffiths', '08723460136', 'maurice.griffiths@email.com', 'Female', '1946-03-05'),
			(44, '0047113826', 'Sandra', 'Marcus', 'Harper', '08037183764', 'sandra.harper@email.com', 'Female', '1992-10-11'),
			(45, '2873342708', 'Antony', 'Kenneth', 'Buckley', '08088147435', 'antony.buckley@email.com', 'Male', '2009-10-01'),
			(46, '2535841438', 'Joel', NULL, 'Gray', '08313650249', 'joel.gray@email.com', 'Male', '1993-09-28'),
			(47, '0275884252', 'Tina', NULL, 'Ryan', '08300979251', 'tina.ryan@email.com', 'Male', '1975-07-16'),
			(48, '2909656101', 'Shaun', 'Melanie', 'Powell', '08195005281', 'shaun.powell@email.com', 'Male', '1924-09-22'),
			(49, '7447012045', 'June', NULL, 'Duncan', '08585730652', 'june.duncan@email.com', 'Female', '1927-04-20'),
			(50, '8346578713', 'Nathan', NULL, 'Murray', '08778487392', 'nathan.murray@email.com', 'Female', '1966-07-02'),
			(51, '8819148580', 'Shane', NULL, 'Tomlinson', '08749821827', 'shane.tomlinson@email.com', 'Female', '2001-11-12'),
			(52, '6120183667', 'Jason', NULL, 'Cunningham', '08857086209', 'jason.cunningham@email.com', 'Female', '1990-10-16'),
			(53, '5886753396', 'Brian', NULL, 'Stewart', '08351863878', 'brian.stewart@email.com', 'Male', '1997-02-23'),
			(54, '4437575844', 'Malcolm', NULL, 'Clarke', '08565118102', 'malcolm.clarke@email.com', 'Male', '1989-05-02'),
			(55, '0025787298', 'Georgina', NULL, 'O''Brien', '08317310967', 'georgina.o''brien@email.com', 'Female', '1996-06-18'),
			(56, '0927532697', 'Lynda', 'Phillip', 'Davison', '08391037170', 'lynda.davison@email.com', 'Female', '1998-01-17'),
			(57, '3568044206', 'Hollie', NULL, 'Lawson', '08650948014', 'hollie.lawson@email.com', 'Male', '1967-01-27'),
			(58, '3651777392', 'Tracey', NULL, 'Turner', '08811386338', 'tracey.turner@email.com', 'Male', '2013-02-04'),
			(59, '9367632016', 'Karen', NULL, 'Williams', '08288619576', 'karen.williams@email.com', 'Male', '1995-02-02'),
			(60, '4324451076', 'Alison', 'Eric', 'O''Neill', '08286852897', 'alison.o''neill@email.com', 'Female', '1933-05-12'),
			(61, '5171339596', 'Tom', NULL, 'Brown', '08855665939', 'tom.brown@email.com', 'Male', '2000-01-14'),
			(62, '2513412528', 'Bernard', NULL, 'Fox', '08845776004', 'bernard.fox@email.com', 'Male', '1925-08-17'),
			(63, '2595269495', 'Steven', NULL, 'Walters', '08404335048', 'steven.walters@email.com', 'Male', '1932-08-29'),
			(64, '6914630316', 'Bernard', 'Ryan', 'Townsend', '08752245933', 'bernard.townsend@email.com', 'Female', '1969-08-14'),
			(65, '1541006762', 'Steven', NULL, 'Lewis', '08196931572', 'steven.lewis@email.com', 'Female', '1962-07-20'),
			(66, '6617979688', 'Aimee', NULL, 'Jones', '08919409610', 'aimee.jones@email.com', 'Female', '1998-01-14'),
			(67, '6413836702', 'Wayne', NULL, 'Wood', '08661390604', 'wayne.wood@email.com', 'Male', '2002-05-14'),
			(68, '2706537947', 'Melissa', NULL, 'Jones', '08925832067', 'melissa.jones@email.com', 'Male', '1989-01-07'),
			(69, '6922219693', 'Jane', 'Lewis', 'Bates', '08462251790', 'jane.bates@email.com', 'Female', '2014-05-03'),
			(70, '1694097499', 'Sharon', 'Victoria', 'Nixon', '08686227837', 'sharon.nixon@email.com', 'Female', '1988-03-17'),
			(71, '3657661565', 'Alexander', NULL, 'Davies', '08389833146', 'alexander.davies@email.com', 'Female', '2012-08-04'),
			(72, '5877175355', 'Nigel', NULL, 'Long', '08911665535', 'nigel.long@email.com', 'Female', '2023-10-04'),
			(73, '1497310324', 'Declan', NULL, 'Roberts', '08042597927', 'declan.roberts@email.com', 'Male', '1939-07-09'),
			(74, '4105648149', 'Frederick', NULL, 'Bates', '08335211039', 'frederick.bates@email.com', 'Male', '1997-08-20'),
			(75, '0998616229', 'Lucy', NULL, 'Davidson', '08405147705', 'lucy.davidson@email.com', 'Male', '1949-08-15'),
			(76, '7029667066', 'Ricky', NULL, 'Hall', '08338848792', 'ricky.hall@email.com', 'Male', '1934-11-28'),
			(77, '1826199062', 'Angela', NULL, 'Mann', '08804204394', 'angela.mann@email.com', 'Male', '1999-07-19'),
			(78, '2414183285', 'Nigel', NULL, 'Bentley', '08016451046', 'nigel.bentley@email.com', 'Male', '1998-03-22'),
			(79, '2064361103', 'Stephen', NULL, 'Morgan', '08815798123', 'stephen.morgan@email.com', 'Female', '1956-10-26'),
			(80, '3030548687', 'Mohammed', NULL, 'Stevenson', '08003845762', 'mohammed.stevenson@email.com', 'Male', '1990-02-28'),
			(81, '2994680443', 'Allan', NULL, 'Taylor', '08554384046', 'allan.taylor@email.com', 'Male', '1932-08-17'),
			(82, '3102786814', 'Roger', NULL, 'Lamb', '08432562168', 'roger.lamb@email.com', 'Male', '1977-10-13'),
			(83, '9818063565', 'Arthur', NULL, 'Bennett', '08926495782', 'arthur.bennett@email.com', 'Male', '1986-07-29'),
			(84, '5064890901', 'Mitchell', NULL, 'Davison', '08983248262', 'mitchell.davison@email.com', 'Male', '2024-01-26'),
			(85, '3534624751', 'Suzanne', NULL, 'Adams', '08881252056', 'suzanne.adams@email.com', 'Female', '1990-11-19'),
			(86, '6676650618', 'Dean', NULL, 'Barrett', '08423122099', 'dean.barrett@email.com', 'Female', '1954-04-11'),
			(87, '1124903521', 'Kevin', NULL, 'Jackson', '08939330517', 'kevin.jackson@email.com', 'Male', '1998-06-10'),
			(88, '5299124190', 'Benjamin', NULL, 'Morris', '08975267722', 'benjamin.morris@email.com', 'Male', '1932-06-05'),
			(89, '3242415415', 'Adam', 'Stephanie', 'Jackson', '08604633312', 'adam.jackson@email.com', 'Female', '1996-12-07'),
			(90, '2966851612', 'Charles', NULL, 'George', '08757366096', 'charles.george@email.com', 'Female', '1993-10-06'),
			(91, '5786527858', 'Jonathan', NULL, 'Barton', '08998808177', 'jonathan.barton@email.com', 'Male', '1933-12-22'),
			(92, '2268388516', 'Marilyn', NULL, 'Townsend', '08388608680', 'marilyn.townsend@email.com', 'Male', '1956-08-29'),
			(93, '5497334843', 'Sophie', 'Shirley', 'Baldwin', '08644726490', 'sophie.baldwin@email.com', 'Male', '1958-02-27'),
			(94, '6296194311', 'Rosemary', NULL, 'Wright', '08718129826', 'rosemary.wright@email.com', 'Female', '2008-12-11'),
			(95, '3863794026', 'Jonathan', NULL, 'Burton', '08027937145', 'jonathan.burton@email.com', 'Male', '2004-02-01'),
			(96, '3445655743', 'Anna', NULL, 'Norris', '08111751868', 'anna.norris@email.com', 'Male', '1960-02-20'),
			(97, '2268018242', 'Dennis', NULL, 'Davies', '08602592222', 'dennis.davies@email.com', 'Male', '1967-05-30'),
			(98, '1799042102', 'Shane', NULL, 'Phillips', '08474212309', 'shane.phillips@email.com', 'Female', '1942-06-17'),
			(99, '6008350583', 'Vanessa', 'Clare', 'Berry', '08778097339', 'vanessa.berry@email.com', 'Female', '1967-09-06'),
			(100, '8821009968', 'Liam', NULL, 'Bailey', '08719903849', 'liam.bailey@email.com', 'Male', '2009-03-09'),
			(101, '4937597383', 'Lynne', 'Liam', 'Turner', '08205020994', 'lynne.turner@email.com', 'Female', '1997-10-26'),
			(102, '4714345581', 'Allan', NULL, 'Lowe', '08016224999', 'allan.lowe@email.com', 'Male', '1942-09-04'),
			(103, '3556909275', 'Damien', NULL, 'Wallace', '08950145561', 'damien.wallace@email.com', 'Female', '1957-11-23'),
			(104, '4303911718', 'Lauren', NULL, 'Kirby', '08147214586', 'lauren.kirby@email.com', 'Male', '1984-04-14'),
			(105, '7883171210', 'Paige', NULL, 'Campbell', '08901981794', 'paige.campbell@email.com', 'Female', '2007-11-24'),
			(106, '4225831323', 'Hilary', NULL, 'Hill', '08548995299', 'hilary.hill@email.com', 'Female', '2015-07-18'),
			(107, '2400499154', 'Andrea', NULL, 'Burns', '08772934301', 'andrea.burns@email.com', 'Male', '2014-12-08'),
			(108, '7836134074', 'Stuart', NULL, 'Singh', '08139660558', 'stuart.singh@email.com', 'Male', '1942-12-04'),
			(109, '0043973598', 'Arthur', 'Kenneth', 'Clark', '08344144885', 'arthur.clark@email.com', 'Male', '1999-12-10'),
			(110, '4914766072', 'Dean', 'Rachael', 'Sharpe', '08556990235', 'dean.sharpe@email.com', 'Female', '1953-04-25'),
			(111, '1986652404', 'Glenn', NULL, 'Martin', '08770272785', 'glenn.martin@email.com', 'Female', '2010-12-20'),
			(112, '7116719022', 'Arthur', NULL, 'Lowe', '08608495880', 'arthur.lowe@email.com', 'Male', '1958-10-29'),
			(113, '2677345401', 'Lee', NULL, 'Green', '08551240568', 'lee.green@email.com', 'Male', '1982-04-19'),
			(114, '3273158514', 'Martyn', NULL, 'Thomas', '08629145046', 'martyn.thomas@email.com', 'Male', '1970-01-17'),
			(115, '4966319314', 'Callum', NULL, 'Todd', '08357438421', 'callum.todd@email.com', 'Female', '1960-04-19'),
			(116, '6995777387', 'Shaun', NULL, 'Cox', '08317807823', 'shaun.cox@email.com', 'Female', '1999-09-25'),
			(117, '4432830965', 'Diana', NULL, 'Rowe', '08845218230', 'diana.rowe@email.com', 'Female', '1925-12-18'),
			(118, '8877190659', 'Nathan', NULL, 'Tucker', '08810409157', 'nathan.tucker@email.com', 'Male', '2018-09-11'),
			(119, '4994717464', 'Kieran', 'Lauren', 'Kaur', '08409435334', 'kieran.kaur@email.com', 'Female', '2003-12-05'),
			(120, '1091043006', 'Lynn', NULL, 'Kennedy', '08714224109', 'lynn.kennedy@email.com', 'Male', '1941-12-29'),
			(121, '8023806174', 'Luke', 'Simon', 'Brookes', '08585424932', 'luke.brookes@email.com', 'Male', '1973-05-06'),
			(122, '3368844431', 'Rhys', NULL, 'Richardson', '08587020701', 'rhys.richardson@email.com', 'Female', '2015-06-02'),
			(123, '5542622189', 'Timothy', 'Yvonne', 'Nixon', '08662997954', 'timothy.nixon@email.com', 'Female', '1979-12-16'),
			(124, '4732104696', 'Jasmine', NULL, 'Morris', '08817921717', 'jasmine.morris@email.com', 'Female', '1956-11-13'),
			(125, '4249818299', 'Ben', NULL, 'Simpson', '08773329456', 'ben.simpson@email.com', 'Male', '1948-09-29'),
			(126, '0272614933', 'Amy', NULL, 'Jennings', '08557701715', 'amy.jennings@email.com', 'Female', '2024-11-22'),
			(127, '0592962229', 'Brett', NULL, 'Gill', '08245992816', 'brett.gill@email.com', 'Male', '1980-09-06'),
			(128, '5075273545', 'Aimee', NULL, 'Taylor', '08148769639', 'aimee.taylor@email.com', 'Male', '1958-06-04'),
			(129, '1102481934', 'Vincent', NULL, 'Walsh', '08761539669', 'vincent.walsh@email.com', 'Female', '2020-02-03'),
			(130, '8451462704', 'Raymond', NULL, 'Cooper', '08321971997', 'raymond.cooper@email.com', 'Female', '1929-12-02'),
			(131, '0016761847', 'Pauline', NULL, 'Morton', '08724619196', 'pauline.morton@email.com', 'Female', '1987-04-18'),
			(132, '5277221704', 'Bruce', NULL, 'Rogers', '08013290227', 'bruce.rogers@email.com', 'Female', '1955-08-16'),
			(133, '7889255466', 'Francis', NULL, 'Brown', '08973354946', 'francis.brown@email.com', 'Female', '1950-12-07'),
			(134, '5618537474', 'Tracey', NULL, 'Mills', '08909862405', 'tracey.mills@email.com', 'Male', '1934-02-04'),
			(135, '8693806868', 'Ricky', 'Natasha', 'Parsons', '08851403696', 'ricky.parsons@email.com', 'Female', '1979-01-17'),
			(136, '5274205493', 'Josephine', NULL, 'Robinson', '08666832723', 'josephine.robinson@email.com', 'Female', '1997-08-17'),
			(137, '5620533645', 'Mohamed', NULL, 'Singh', '08562422010', 'mohamed.singh@email.com', 'Male', '1940-05-06'),
			(138, '0561648408', 'Elliot', NULL, 'Carpenter', '08762126796', 'elliot.carpenter@email.com', 'Male', '1960-10-11'),
			(139, '6438156149', 'Ian', NULL, 'Griffiths', '08687653269', 'ian.griffiths@email.com', 'Male', '1983-10-17'),
			(140, '0388629127', 'Leigh', NULL, 'Briggs', '08384689500', 'leigh.briggs@email.com', 'Female', '1967-05-04'),
			(141, '1051238282', 'Amanda', NULL, 'Butler', '08197128478', 'amanda.butler@email.com', 'Male', '1994-04-02'),
			(142, '9232719374', 'Connor', NULL, 'Cooper', '08913718949', 'connor.cooper@email.com', 'Male', '2003-02-14'),
			(143, '0028772175', 'Karl', NULL, 'Smith', '08807787956', 'karl.smith@email.com', 'Female', '2021-02-10'),
			(144, '2885158799', 'Amanda', NULL, 'Winter', '08442094940', 'amanda.winter@email.com', 'Female', '1997-12-06'),
			(145, '1305548851', 'Joyce', NULL, 'Peters', '08904904712', 'joyce.peters@email.com', 'Male', '2025-08-17'),
			(146, '2191361939', 'Vanessa', NULL, 'Chapman', '08442944401', 'vanessa.chapman@email.com', 'Male', '1983-05-07'),
			(147, '4527111161', 'Brian', NULL, 'Wells', '08275243728', 'brian.wells@email.com', 'Male', '1969-08-03'),
			(148, '0170127706', 'Sara', NULL, 'Sinclair', '08129276637', 'sara.sinclair@email.com', 'Male', '1941-08-11'),
			(149, '9245937526', 'Clifford', 'Dorothy', 'O''Sullivan', '08504102767', 'clifford.o''sullivan@email.com', 'Female', '1980-03-25'),
			(150, '3164752553', 'Toby', NULL, 'Ahmed', '08836674286', 'toby.ahmed@email.com', 'Male', '1964-11-20'),
			(151, '5411998679', 'Andrea', 'Emily', 'Clarke', '08765801856', 'andrea.clarke@email.com', 'Female', '2015-02-22'),
			(152, '5437993712', 'Jessica', NULL, 'Davies', '08414967393', 'jessica.davies@email.com', 'Female', '1948-05-01'),
			(153, '0478686337', 'Amber', NULL, 'Pearce', '08258001061', 'amber.pearce@email.com', 'Male', '1979-12-01'),
			(154, '2729806990', 'Lorraine', NULL, 'Lee', '08534430091', 'lorraine.lee@email.com', 'Male', '1966-01-02'),
			(155, '4754121267', 'Mitchell', NULL, 'Kelly', '08391119269', 'mitchell.kelly@email.com', 'Male', '2003-08-02'),
			(156, '0097882081', 'Lynda', NULL, 'Waters', '08244717465', 'lynda.waters@email.com', 'Female', '1987-12-07'),
			(157, '0698720506', 'Angela', 'Allan', 'Williams', '08140665044', 'angela.williams@email.com', 'Male', '1994-03-21'),
			(158, '5280988516', 'Elaine', NULL, 'James', '08739627128', 'elaine.james@email.com', 'Female', '2024-10-23'),
			(159, '4191825537', 'Leslie', 'Glen', 'Slater', '08174101194', 'leslie.slater@email.com', 'Female', '1994-10-20'),
			(160, '9163756289', 'Cheryl', 'Albert', 'Parkinson', '08720064256', 'cheryl.parkinson@email.com', 'Male', '1937-05-11'),
			(161, '7759492995', 'Damian', NULL, 'Davies', '08776618306', 'damian.davies@email.com', 'Female', '1955-03-22'),
			(162, '3834735977', 'Joe', 'Jordan', 'Kennedy', '08855460158', 'joe.kennedy@email.com', 'Female', '1957-12-21'),
			(163, '4161692845', 'Alice', 'Liam', 'Talbot', '08743280634', 'alice.talbot@email.com', 'Female', '1986-08-18'),
			(164, '4688623924', 'Elizabeth', NULL, 'Shah', '08571732030', 'elizabeth.shah@email.com', 'Male', '2002-12-30'),
			(165, '9479851583', 'Gordon', NULL, 'Edwards', '08184787005', 'gordon.edwards@email.com', 'Male', '1976-11-27'),
			(166, '8697829221', 'Olivia', NULL, 'Matthews', '08061387829', 'olivia.matthews@email.com', 'Male', '1944-09-24'),
			(167, '6384066658', 'Abbie', NULL, 'Holmes', '08027079032', 'abbie.holmes@email.com', 'Male', '1939-02-26'),
			(168, '6093204899', 'Diane', 'Bethan', 'Lloyd', '08041792911', 'diane.lloyd@email.com', 'Male', '1995-02-21'),
			(169, '0260647468', 'Gillian', NULL, 'Parker', '08931365651', 'gillian.parker@email.com', 'Male', '1958-07-25'),
			(170, '9091334123', 'Adrian', NULL, 'Murphy', '08309251142', 'adrian.murphy@email.com', 'Female', '1987-11-20'),
			(171, '2753046374', 'Dorothy', 'Yvonne', 'Hill', '08582739021', 'dorothy.hill@email.com', 'Female', '2005-09-09'),
			(172, '6692966278', 'Elliott', NULL, 'Giles', '08071002194', 'elliott.giles@email.com', 'Female', '1984-11-18'),
			(173, '5262181599', 'Molly', NULL, 'Sharp', '08723248763', 'molly.sharp@email.com', 'Male', '1993-05-07'),
			(174, '0162456506', 'Rachel', NULL, 'Burke', '08092791456', 'rachel.burke@email.com', 'Male', '1999-03-19'),
			(175, '3075622086', 'Katie', NULL, 'Bartlett', '08318195883', 'katie.bartlett@email.com', 'Female', '1989-04-02'),
			(176, '6518017046', 'Barbara', NULL, 'Smith', '08340312772', 'barbara.smith@email.com', 'Male', '1958-04-19'),
			(177, '7503731453', 'Kim', NULL, 'White', '08005436459', 'kim.white@email.com', 'Female', '1995-08-06'),
			(178, '7129387005', 'Danielle', 'Henry', 'Johnson', '08082207811', 'danielle.johnson@email.com', 'Male', '1984-07-07'),
			(179, '9396856218', 'Martin', NULL, 'Edwards', '08995635315', 'martin.edwards@email.com', 'Male', '1956-07-24'),
			(180, '2787429671', 'Abdul', 'Sheila', 'Goodwin', '08636317970', 'abdul.goodwin@email.com', 'Female', '1935-08-13'),
			(181, '4065965756', 'Ashley', 'Jacqueline', 'Hayes', '08972652735', 'ashley.hayes@email.com', 'Female', '2019-02-04'),
			(182, '8281489325', 'Carl', 'Philip', 'Cole', '08209042177', 'carl.cole@email.com', 'Female', '1981-02-10'),
			(183, '0072290349', 'Jane', 'Natalie', 'Butcher', '08534929298', 'jane.butcher@email.com', 'Male', '1981-03-27'),
			(184, '7470168733', 'Benjamin', 'Emily', 'Martin', '08873977406', 'benjamin.martin@email.com', 'Male', '1977-08-27'),
			(185, '4220969029', 'Fiona', 'Michael', 'Harding', '08693929060', 'fiona.harding@email.com', 'Male', '2002-12-31'),
			(186, '1669784801', 'Jessica', NULL, 'Jones', '08806867177', 'jessica.jones@email.com', 'Male', '1972-07-10'),
			(187, '1128801336', 'Joel', 'Samantha', 'Mitchell', '08063254310', 'joel.mitchell@email.com', 'Female', '1997-11-25'),
			(188, '6349578856', 'Janice', NULL, 'Roberts', '08279907726', 'janice.roberts@email.com', 'Male', '1954-08-31'),
			(189, '7889579868', 'Holly', NULL, 'Lloyd', '08570165804', 'holly.lloyd@email.com', 'Female', '1983-12-19'),
			(190, '4948083136', 'Danielle', NULL, 'Day', '08989319508', 'danielle.day@email.com', 'Female', '1970-05-25'),
			(191, '6405377351', 'Aimee', NULL, 'Davies', '08165790552', 'aimee.davies@email.com', 'Male', '1979-09-04'),
			(192, '5868501429', 'Roger', NULL, 'Gray', '08325381793', 'roger.gray@email.com', 'Male', '1942-01-07'),
			(193, '2871012269', 'Brenda', NULL, 'Wilkinson', '08486401557', 'brenda.wilkinson@email.com', 'Female', '1978-04-10'),
			(194, '9956046618', 'Jenna', NULL, 'Armstrong', '08178847951', 'jenna.armstrong@email.com', 'Male', '1928-05-03'),
			(195, '6767721903', 'Jake', NULL, 'Graham', '08711624112', 'jake.graham@email.com', 'Female', '1943-02-12'),
			(196, '0947775204', 'Bethany', 'Elliot', 'Clayton', '08272380468', 'bethany.clayton@email.com', 'Male', '1976-03-30'),
			(197, '6440892687', 'Toby', NULL, 'Kelly', '08670431038', 'toby.kelly@email.com', 'Female', '1969-02-17'),
			(198, '4034505415', 'Tom', NULL, 'Carter', '08557988774', 'tom.carter@email.com', 'Male', '1976-03-31'),
			(199, '3974014890', 'Ricky', NULL, 'Mitchell', '08424375402', 'ricky.mitchell@email.com', 'Female', '1982-01-09'),
			(200, '8886101581', 'Howard', 'Pauline', 'Lee', '08292842222', 'howard.lee@email.com', 'Male', '1927-04-15'),
			(201, '9058147700', 'Sheila', 'Bruce', 'Barnett', '08592745238', 'sheila.barnett@email.com', 'Male', '1955-03-02'),
			(202, '5705964016', 'Francesca', NULL, 'Rees', '08525782841', 'francesca.rees@email.com', 'Male', '2013-05-08'),
			(203, '0873753001', 'Simon', NULL, 'Mitchell', '08727520885', 'simon.mitchell@email.com', 'Female', '1958-04-21'),
			(204, '5887704358', 'Marc', NULL, 'Bryant', '08492975170', 'marc.bryant@email.com', 'Male', '2009-03-18'),
			(205, '3816846022', 'Carl', NULL, 'Smith', '08140693751', 'carl.smith@email.com', 'Female', '1989-02-05'),
			(206, '8013267736', 'Aimee', 'Charlie', 'Clark', '08398343018', 'aimee.clark@email.com', 'Female', '1987-12-09'),
			(207, '4330365414', 'Beth', NULL, 'Smith', '08186375998', 'beth.smith@email.com', 'Male', '1974-11-08'),
			(208, '0507236887', 'Mohammed', NULL, 'Butler', '08562656504', 'mohammed.butler@email.com', 'Female', '2022-06-01'),
			(209, '4192832764', 'Geoffrey', NULL, 'Hobbs', '08781376742', 'geoffrey.hobbs@email.com', 'Female', '1946-12-08'),
			(210, '7565512567', 'Graeme', NULL, 'Griffiths', '08629912347', 'graeme.griffiths@email.com', 'Female', '1928-02-22'),
			(211, '5521570433', 'Graeme', 'Nicola', 'Allen', '08961064628', 'graeme.allen@email.com', 'Female', '1978-08-19'),
			(212, '6068536153', 'Joe', NULL, 'Wallis', '08232648704', 'joe.wallis@email.com', 'Female', '2018-08-22'),
			(213, '3965223955', 'Teresa', NULL, 'Smith', '08730024471', 'teresa.smith@email.com', 'Female', '2019-07-15'),
			(214, '1557924991', 'Josh', NULL, 'Baker', '08730147195', 'josh.baker@email.com', 'Female', '2006-05-13'),
			(215, '4677378263', 'Trevor', NULL, 'Coles', '08471589042', 'trevor.coles@email.com', 'Male', '2001-09-02'),
			(216, '2236231665', 'Luke', 'Anne', 'Ward', '08725204565', 'luke.ward@email.com', 'Male', '2014-09-06'),
			(217, '5604945198', 'Lauren', 'Eileen', 'Rees', '08818321928', 'lauren.rees@email.com', 'Female', '1971-02-02'),
			(218, '8887947055', 'James', NULL, 'Baker', '08445189520', 'james.baker@email.com', 'Male', '1991-05-14'),
			(219, '6001338908', 'Kenneth', NULL, 'Williams', '08576521328', 'kenneth.williams@email.com', 'Male', '1973-12-10'),
			(220, '9282722992', 'Heather', NULL, 'Norman', '08898881671', 'heather.norman@email.com', 'Male', '1987-03-21'),
			(221, '3561595148', 'Lindsey', NULL, 'Gould', '08075452798', 'lindsey.gould@email.com', 'Female', '1948-08-14'),
			(222, '4717099917', 'Zoe', 'Mathew', 'Arnold', '08401322342', 'zoe.arnold@email.com', 'Male', '2008-06-22'),
			(223, '5496513709', 'Shannon', 'Natalie', 'Russell', '08161107603', 'shannon.russell@email.com', 'Male', '1983-12-06'),
			(224, '2513542784', 'Jenna', 'Duncan', 'Phillips', '08890714014', 'jenna.phillips@email.com', 'Male', '1936-06-11'),
			(225, '2604223253', 'Ricky', NULL, 'Wallace', '08193932501', 'ricky.wallace@email.com', 'Male', '1957-11-02'),
			(226, '5335554398', 'Gillian', NULL, 'Pearce', '08495528938', 'gillian.pearce@email.com', 'Male', '2015-08-03'),
			(227, '1627204653', 'Jessica', 'Olivia', 'Holt', '08908334280', 'jessica.holt@email.com', 'Male', '1968-11-18'),
			(228, '3116566701', 'Justin', NULL, 'Jones', '08875927125', 'justin.jones@email.com', 'Female', '1972-12-09'),
			(229, '2278248963', 'Garry', NULL, 'Cook', '08836151718', 'garry.cook@email.com', 'Male', '2005-10-14'),
			(230, '6971179808', 'Rita', NULL, 'Shaw', '08548015716', 'rita.shaw@email.com', 'Female', '2000-04-16'),
			(231, '7212646471', 'Mark', NULL, 'Lewis', '08473864631', 'mark.lewis@email.com', 'Female', '1950-08-26'),
			(232, '2880957015', 'Graham', NULL, 'Smith', '08520716781', 'graham.smith@email.com', 'Male', '1979-12-18'),
			(233, '8059826204', 'Wendy', 'Cameron', 'Duffy', '08691215353', 'wendy.duffy@email.com', 'Female', '2018-08-22'),
			(234, '8326842450', 'Alice', 'Abigail', 'Berry', '08674994657', 'alice.berry@email.com', 'Female', '1985-08-23'),
			(235, '3884969653', 'Andrew', NULL, 'Green', '08842711477', 'andrew.green@email.com', 'Male', '1954-10-22'),
			(236, '9911914856', 'Carol', NULL, 'Marshall', '08201017026', 'carol.marshall@email.com', 'Female', '1966-04-28'),
			(237, '8241724825', 'Cheryl', 'Elaine', 'Jackson', '08991187734', 'cheryl.jackson@email.com', 'Female', '1999-12-23'),
			(238, '7234309805', 'Melanie', NULL, 'Ward', '08485880061', 'melanie.ward@email.com', 'Female', '1999-07-22'),
			(239, '3287083172', 'Mohamed', NULL, 'Parsons', '08677002842', 'mohamed.parsons@email.com', 'Female', '1986-05-27'),
			(240, '5067165726', 'Mathew', NULL, 'Parkes', '08467197889', 'mathew.parkes@email.com', 'Female', '1956-01-10'),
			(241, '3867749649', 'Trevor', NULL, 'Atkinson', '08280647969', 'trevor.atkinson@email.com', 'Female', '1967-08-05'),
			(242, '8628902330', 'Trevor', NULL, 'Reid', '08450090255', 'trevor.reid@email.com', 'Male', '2018-07-31'),
			(243, '9861434103', 'Jeffrey', NULL, 'Bates', '08561655650', 'jeffrey.bates@email.com', 'Male', '2025-03-04'),
			(244, '6103579727', 'Pamela', 'Joan', 'White', '08491141520', 'pamela.white@email.com', 'Female', '1996-01-19'),
			(245, '6851604817', 'Jodie', 'Oliver', 'Bird', '08698640790', 'jodie.bird@email.com', 'Female', '1951-01-25'),
			(246, '9353875842', 'Bryan', NULL, 'Wilson', '08659171357', 'bryan.wilson@email.com', 'Female', '1949-01-26'),
			(247, '4656482366', 'Josh', 'Eleanor', 'Brown', '08456371834', 'josh.brown@email.com', 'Female', '1941-11-16'),
			(248, '1531952058', 'Henry', 'Alexander', 'Thomas', '08963919195', 'henry.thomas@email.com', 'Female', '1999-12-17'),
			(249, '7439533942', 'Iain', 'Malcolm', 'Harrison', '08876351484', 'iain.harrison@email.com', 'Female', '2011-06-18'),
			(250, '0504556238', 'Abigail', NULL, 'Webb', '08536649878', 'abigail.webb@email.com', 'Male', '1926-04-26'),
			(251, '6131712748', 'Marion', NULL, 'Kirby', '08829737489', 'marion.kirby@email.com', 'Female', '1989-10-20'),
			(252, '2923309584', 'Chloe', NULL, 'Cook', '08083572324', 'chloe.cook@email.com', 'Female', '1931-08-22'),
			(253, '7571775140', 'Howard', NULL, 'Singh', '08136442493', 'howard.singh@email.com', 'Female', '1989-09-01'),
			(254, '6256527047', 'Geoffrey', 'Joanne', 'Fuller', '08230347786', 'geoffrey.fuller@email.com', 'Female', '1991-07-29'),
			(255, '7401640052', 'Liam', NULL, 'Mellor', '08032420448', 'liam.mellor@email.com', 'Male', '2018-01-27'),
			(256, '6177115921', 'Alexander', NULL, 'Hayes', '08070015941', 'alexander.hayes@email.com', 'Female', '2001-04-01'),
			(257, '0913075626', 'Leon', NULL, 'Cunningham', '08162319818', 'leon.cunningham@email.com', 'Female', '1958-06-05'),
			(258, '3070534578', 'Terence', NULL, 'Bevan', '08139155963', 'terence.bevan@email.com', 'Female', '1981-04-16'),
			(259, '8593174612', 'Lynda', 'Marian', 'Anderson', '08123476490', 'lynda.anderson@email.com', 'Female', '1955-05-13'),
			(260, '5526965827', 'Zoe', NULL, 'Palmer', '08158673425', 'zoe.palmer@email.com', 'Female', '1984-11-25'),
			(261, '7467621202', 'Joel', NULL, 'Taylor', '08409003486', 'joel.taylor@email.com', 'Female', '1983-01-05'),
			(262, '7849912165', 'Stewart', NULL, 'Pearce', '08518376064', 'stewart.pearce@email.com', 'Female', '1932-11-05'),
			(263, '3900532931', 'Kathryn', 'Nigel', 'Hunt', '08343275604', 'kathryn.hunt@email.com', 'Male', '1952-12-05'),
			(264, '6845775901', 'Kayleigh', NULL, 'Kelly', '08776561248', 'kayleigh.kelly@email.com', 'Male', '2014-07-14'),
			(265, '3953767242', 'Jonathan', NULL, 'Fraser', '08985700272', 'jonathan.fraser@email.com', 'Male', '1948-04-21'),
			(266, '3150983930', 'Lynn', NULL, 'Tucker', '08459112382', 'lynn.tucker@email.com', 'Female', '1925-01-05'),
			(267, '5016315999', 'Michelle', NULL, 'Price', '08577242954', 'michelle.price@email.com', 'Male', '2005-06-19'),
			(268, '1031051834', 'Pauline', 'Dale', 'Harris', '08526693008', 'pauline.harris@email.com', 'Male', '1963-11-10'),
			(269, '5850643171', 'Diana', NULL, 'Bird', '08734206969', 'diana.bird@email.com', 'Female', '1986-06-11'),
			(270, '6247317810', 'Steven', 'Arthur', 'Holmes', '08529108677', 'steven.holmes@email.com', 'Male', '2009-09-19'),
			(271, '9334721228', 'Joan', 'Joe', 'Adams', '08334476263', 'joan.adams@email.com', 'Male', '1982-07-05'),
			(272, '2499856984', 'Geoffrey', NULL, 'Dunn', '08436262044', 'geoffrey.dunn@email.com', 'Male', '2012-10-16'),
			(273, '7016608801', 'Kieran', NULL, 'Walker', '08359710725', 'kieran.walker@email.com', 'Female', '1944-01-03'),
			(274, '7556464170', 'Steven', NULL, 'Howard', '08669411800', 'steven.howard@email.com', 'Female', '1966-07-07'),
			(275, '2074466609', 'Marilyn', NULL, 'Morris', '08759900489', 'marilyn.morris@email.com', 'Female', '2002-02-12'),
			(276, '1714677418', 'Gerard', NULL, 'Williams', '08652809242', 'gerard.williams@email.com', 'Female', '1988-06-09'),
			(277, '3149864300', 'Charlene', NULL, 'Rogers', '08721586241', 'charlene.rogers@email.com', 'Female', '1979-06-06'),
			(278, '9368998094', 'Abdul', 'Valerie', 'Knight', '08274564494', 'abdul.knight@email.com', 'Female', '1984-03-24'),
			(279, '2322602563', 'Jonathan', NULL, 'Anderson', '08257287032', 'jonathan.anderson@email.com', 'Male', '1983-06-13'),
			(280, '2517785289', 'Brandon', 'Richard', 'Butler', '08074276170', 'brandon.butler@email.com', 'Female', '1937-01-28'),
			(281, '4925192546', 'Bernard', NULL, 'Hunt', '08877712151', 'bernard.hunt@email.com', 'Male', '2002-12-07'),
			(282, '1574733848', 'Kate', NULL, 'Watson', '08228499390', 'kate.watson@email.com', 'Male', '2016-02-23'),
			(283, '8728080100', 'Max', NULL, 'Allen', '08137150416', 'max.allen@email.com', 'Female', '1948-06-28'),
			(284, '2996065307', 'Pauline', NULL, 'Reynolds', '08152017774', 'pauline.reynolds@email.com', 'Male', '1984-11-01'),
			(285, '2788165803', 'Ricky', NULL, 'Clayton', '08097592304', 'ricky.clayton@email.com', 'Female', '2004-04-23'),
			(286, '1637351609', 'Amanda', NULL, 'Thomson', '08189616423', 'amanda.thomson@email.com', 'Female', '1991-07-28'),
			(287, '2618914117', 'George', 'Michelle', 'Jones', '08326642147', 'george.jones@email.com', 'Female', '1970-01-04'),
			(288, '0332309821', 'Danny', NULL, 'Davies', '08492515837', 'danny.davies@email.com', 'Female', '1946-07-15'),
			(289, '5314737996', 'Hugh', NULL, 'Ali', '08749961659', 'hugh.ali@email.com', 'Male', '1992-01-30'),
			(290, '6773592555', 'Gerard', NULL, 'Adams', '08610857327', 'gerard.adams@email.com', 'Male', '1979-02-24'),
			(291, '3908470076', 'Georgina', 'Craig', 'Sims', '08617422438', 'georgina.sims@email.com', 'Female', '1967-06-15'),
			(292, '1329121277', 'Howard', 'Sophie', 'Turnbull', '08081081866', 'howard.turnbull@email.com', 'Male', '1994-09-07'),
			(293, '4262655110', 'David', NULL, 'Moss', '08945491801', 'david.moss@email.com', 'Female', '1998-06-30'),
			(294, '9091699854', 'Bethany', 'Roy', 'Ali', '08260164597', 'bethany.ali@email.com', 'Female', '1995-03-17'),
			(295, '1146786691', 'Linda', NULL, 'Johnson', '08452321941', 'linda.johnson@email.com', 'Female', '1992-06-29'),
			(296, '8547772522', 'Kayleigh', NULL, 'Williams', '08061027769', 'kayleigh.williams@email.com', 'Female', '1931-09-03'),
			(297, '1972181143', 'Dennis', NULL, 'Phillips', '08956412203', 'dennis.phillips@email.com', 'Male', '1942-06-24'),
			(298, '4821759464', 'Tom', NULL, 'Williams', '08303723683', 'tom.williams@email.com', 'Male', '2019-09-06'),
			(299, '7586926179', 'Danielle', NULL, 'O''Neill', '08727601227', 'danielle.o''neill@email.com', 'Female', '2010-05-24'),
			(300, '4103865719', 'Tina', NULL, 'Roberts', '08793349605', 'tina.roberts@email.com', 'Male', '2021-04-01'),
			(301, '2895171870', 'Sam', 'Stephen', 'Kemp', '08667998407', 'sam.kemp@email.com', 'Female', '1999-10-23'),
			(302, '4782613750', 'Jane', NULL, 'Green', '08997308069', 'jane.green@email.com', 'Female', '1940-02-03'),
			(303, '6765861793', 'Bethany', NULL, 'May', '08467179576', 'bethany.may@email.com', 'Male', '2012-10-19'),
			(304, '7790104328', 'Carl', 'Iain', 'Morley', '08375738395', 'carl.morley@email.com', 'Female', '1993-11-27'),
			(305, '4043842797', 'Diana', 'Pamela', 'Robertson', '08466572934', 'diana.robertson@email.com', 'Male', '1988-12-01'),
			(306, '3540838663', 'Norman', NULL, 'Murphy', '08223297167', 'norman.murphy@email.com', 'Female', '1944-05-02'),
			(307, '3569725217', 'Jacqueline', 'June', 'Bates', '08800545228', 'jacqueline.bates@email.com', 'Male', '1993-10-26'),
			(308, '2712966667', 'Barry', NULL, 'Taylor', '08561931837', 'barry.taylor@email.com', 'Female', '1962-03-31'),
			(309, '8053100330', 'Elizabeth', NULL, 'Cook', '08508428910', 'elizabeth.cook@email.com', 'Female', '1993-10-01'),
			(310, '2341389994', 'Vincent', NULL, 'Perry', '08119918081', 'vincent.perry@email.com', 'Male', '1963-02-22'),
			(311, '0515220472', 'Joel', NULL, 'Smart', '08352478712', 'joel.smart@email.com', 'Female', '2003-07-30'),
			(312, '9324609539', 'Katy', NULL, 'Jones', '08213760375', 'katy.jones@email.com', 'Female', '1944-11-14'),
			(313, '2710405411', 'Katie', NULL, 'Powell', '08145653286', 'katie.powell@email.com', 'Male', '1971-08-15'),
			(314, '5243106903', 'Brett', 'Paige', 'Fisher', '08666785072', 'brett.fisher@email.com', 'Male', '1975-12-27'),
			(315, '8244935348', 'Caroline', NULL, 'Begum', '08811556260', 'caroline.begum@email.com', 'Female', '1950-04-28'),
			(316, '3934835642', 'Amelia', NULL, 'Smith', '08290846684', 'amelia.smith@email.com', 'Female', '1976-10-08'),
			(317, '3536541951', 'Donald', NULL, 'Davis', '08048926738', 'donald.davis@email.com', 'Female', '1980-07-21'),
			(318, '2299590010', 'Samuel', NULL, 'Stephens', '08634108562', 'samuel.stephens@email.com', 'Female', '1989-01-07'),
			(319, '6547226984', 'Diana', 'Margaret', 'Johnston', '08884852008', 'diana.johnston@email.com', 'Female', '1977-03-12'),
			(320, '5905151864', 'Cheryl', 'Naomi', 'James', '08468105485', 'cheryl.james@email.com', 'Male', '1945-05-08'),
			(321, '5623285884', 'Olivia', 'Malcolm', 'Arnold', '08174907539', 'olivia.arnold@email.com', 'Male', '1993-01-04'),
			(322, '3761379180', 'Marie', NULL, 'Ross', '08492683158', 'marie.ross@email.com', 'Male', '1938-04-23'),
			(323, '7062962015', 'Chloe', NULL, 'Spencer', '08571266110', 'chloe.spencer@email.com', 'Female', '1986-11-02'),
			(324, '5053315869', 'Stephen', NULL, 'Wood', '08737158698', 'stephen.wood@email.com', 'Female', '1980-06-12'),
			(325, '2532447209', 'Abbie', NULL, 'Morgan', '08976776228', 'abbie.morgan@email.com', 'Male', '1934-10-31'),
			(326, '9421044789', 'Pauline', NULL, 'Porter', '08728813770', 'pauline.porter@email.com', 'Male', '1960-09-19'),
			(327, '2475469137', 'Declan', NULL, 'Johnson', '08519611594', 'declan.johnson@email.com', 'Male', '1978-09-30'),
			(328, '1353465549', 'Francesca', NULL, 'Francis', '08154544702', 'francesca.francis@email.com', 'Male', '1969-05-14'),
			(329, '4518705349', 'Frances', NULL, 'Taylor', '08604432701', 'frances.taylor@email.com', 'Female', '1976-05-14'),
			(330, '5939172513', 'Elliott', 'Holly', 'Johnson', '08067949756', 'elliott.johnson@email.com', 'Female', '1998-04-13'),
			(331, '9948837550', 'Alan', NULL, 'Richards', '08922877725', 'alan.richards@email.com', 'Male', '1956-08-07'),
			(332, '4505444713', 'Julia', NULL, 'Richardson', '08966365807', 'julia.richardson@email.com', 'Female', '1963-10-05'),
			(333, '2148951343', 'Julian', NULL, 'Morris', '08209481813', 'julian.morris@email.com', 'Male', '1983-09-17'),
			(334, '2914283411', 'Nigel', NULL, 'Carter', '08837801820', 'nigel.carter@email.com', 'Female', '2020-06-12'),
			(335, '1386120750', 'Oliver', NULL, 'Williams', '08397189569', 'oliver.williams@email.com', 'Male', '2019-02-06'),
			(336, '6231203875', 'Clifford', NULL, 'Cooke', '08056260856', 'clifford.cooke@email.com', 'Female', '1930-11-28'),
			(337, '3982622444', 'Victor', 'Billy', 'Coles', '08182422412', 'victor.coles@email.com', 'Female', '1973-06-08'),
			(338, '3259532787', 'Karen', NULL, 'Crawford', '08209520046', 'karen.crawford@email.com', 'Male', '1957-11-19'),
			(339, '1606484229', 'Melanie', NULL, 'Ali', '08654610339', 'melanie.ali@email.com', 'Male', '2017-06-10'),
			(340, '2061632945', 'Jeremy', NULL, 'Thompson', '08861405786', 'jeremy.thompson@email.com', 'Male', '1935-05-25'),
			(341, '7659916247', 'Kathryn', NULL, 'Taylor', '08630489138', 'kathryn.taylor@email.com', 'Male', '2008-12-27'),
			(342, '6676527758', 'Jill', NULL, 'Smith', '08671832582', 'jill.smith@email.com', 'Male', '2004-01-06'),
			(343, '0607159696', 'Gareth', NULL, 'Barnes', '08687007942', 'gareth.barnes@email.com', 'Male', '2011-06-20'),
			(344, '9440640909', 'Conor', 'Dorothy', 'Nicholls', '08749465398', 'conor.nicholls@email.com', 'Female', '1925-12-05'),
			(345, '5779082723', 'Natalie', 'Sian', 'Hutchinson', '08891416128', 'natalie.hutchinson@email.com', 'Female', '1999-01-15'),
			(346, '3758997571', 'Charles', NULL, 'Ford', '08398554743', 'charles.ford@email.com', 'Female', '1971-09-06'),
			(347, '5852398680', 'Kate', NULL, 'Burns', '08795020970', 'kate.burns@email.com', 'Male', '1982-05-25'),
			(348, '1182339845', 'Hollie', NULL, 'Smith', '08687681180', 'hollie.smith@email.com', 'Female', '1965-10-07'),
			(349, '9770348247', 'Joe', NULL, 'Watkins', '08569562017', 'joe.watkins@email.com', 'Female', '1990-05-31'),
			(350, '7436713695', 'Kenneth', NULL, 'Smith', '08703045319', 'kenneth.smith@email.com', 'Female', '2002-06-27'),
			(351, '7271551884', 'Sarah', NULL, 'Allen', '08337504793', 'sarah.allen@email.com', 'Male', '2019-10-27'),
			(352, '1627136111', 'Bryan', 'Katy', 'Brown', '08614987283', 'bryan.brown@email.com', 'Male', '1978-07-08'),
			(353, '7109324808', 'Henry', 'Joyce', 'Bailey', '08212493843', 'henry.bailey@email.com', 'Male', '1931-04-29'),
			(354, '3552312432', 'Lynda', NULL, 'Morris', '08894870605', 'lynda.morris@email.com', 'Female', '1963-08-07'),
			(355, '6798250714', 'Bernard', NULL, 'Jenkins', '08641877580', 'bernard.jenkins@email.com', 'Male', '1972-08-06'),
			(356, '6258815371', 'Gerald', 'Jasmine', 'Woods', '08687506351', 'gerald.woods@email.com', 'Male', '1958-10-04'),
			(357, '0344713493', 'Josephine', NULL, 'Davey', '08361332541', 'josephine.davey@email.com', 'Male', '2014-05-13'),
			(358, '0323651994', 'Gail', 'Teresa', 'Bull', '08609543173', 'gail.bull@email.com', 'Female', '1937-11-15'),
			(359, '4278680112', 'Teresa', NULL, 'Willis', '08583199717', 'teresa.willis@email.com', 'Male', '1966-09-11'),
			(360, '4680715451', 'Chloe', 'Julie', 'Rhodes', '08006512070', 'chloe.rhodes@email.com', 'Female', '2024-04-27'),
			(361, '8067065405', 'Wayne', NULL, 'Green', '08611080466', 'wayne.green@email.com', 'Male', '1964-10-24'),
			(362, '0997700886', 'Toby', NULL, 'Morris', '08639907676', 'toby.morris@email.com', 'Male', '1948-07-21'),
			(363, '1177589178', 'Marc', NULL, 'Daniels', '08078593110', 'marc.daniels@email.com', 'Male', '1998-01-23'),
			(364, '9212779979', 'Claire', NULL, 'Hill', '08392845679', 'claire.hill@email.com', 'Female', '1961-09-27'),
			(365, '0568566246', 'Roger', 'Hayley', 'Smith', '08200249685', 'roger.smith@email.com', 'Female', '1964-10-25'),
			(366, '9413186999', 'Tom', NULL, 'Roberts', '08822749545', 'tom.roberts@email.com', 'Male', '1988-05-21'),
			(367, '0651333872', 'Keith', NULL, 'Dale', '08203880653', 'keith.dale@email.com', 'Male', '1955-05-10'),
			(368, '0084840862', 'Sian', NULL, 'Wood', '08315377959', 'sian.wood@email.com', 'Female', '1978-09-26'),
			(369, '5289539264', 'Nicole', NULL, 'Owen', '08652170730', 'nicole.owen@email.com', 'Male', '1978-05-08'),
			(370, '7416724342', 'Stephen', NULL, 'Pritchard', '08793375636', 'stephen.pritchard@email.com', 'Male', '1941-06-20'),
			(371, '0809969308', 'Sandra', NULL, 'Connolly', '08050150812', 'sandra.connolly@email.com', 'Female', '2016-02-26'),
			(372, '9190586518', 'Marcus', NULL, 'Jackson', '08950033423', 'marcus.jackson@email.com', 'Female', '2011-07-22'),
			(373, '6705466889', 'Christine', NULL, 'Griffiths', '08583230241', 'christine.griffiths@email.com', 'Male', '1956-06-21'),
			(374, '1778507925', 'Megan', NULL, 'Jennings', '08261534735', 'megan.jennings@email.com', 'Female', '2001-01-20'),
			(375, '8068650863', 'Toby', NULL, 'Austin', '08896112233', 'toby.austin@email.com', 'Female', '1954-10-11'),
			(376, '6416052975', 'Eileen', NULL, 'Collins', '08596309938', 'eileen.collins@email.com', 'Female', '1987-11-01'),
			(377, '7887287431', 'Beth', NULL, 'Atkins', '08530428973', 'beth.atkins@email.com', 'Male', '1980-03-20'),
			(378, '5932133480', 'Connor', NULL, 'Davidson', '08912868578', 'connor.davidson@email.com', 'Female', '1929-09-17'),
			(379, '1779827080', 'Leon', 'Connor', 'Turner', '08587774969', 'leon.turner@email.com', 'Male', '1937-11-16'),
			(380, '7434902115', 'Damian', 'Barry', 'Shah', '08373634669', 'damian.shah@email.com', 'Male', '1977-07-17'),
			(381, '4535218188', 'Sandra', NULL, 'Middleton', '08548121478', 'sandra.middleton@email.com', 'Female', '2019-06-10'),
			(382, '2394312908', 'Sheila', 'Dean', 'Burton', '08078956776', 'sheila.burton@email.com', 'Female', '1981-02-11'),
			(383, '1043321819', 'Abbie', NULL, 'Gibson', '08754602734', 'abbie.gibson@email.com', 'Male', '1991-04-01'),
			(384, '0029218515', 'Amber', NULL, 'Miles', '08148881431', 'amber.miles@email.com', 'Male', '1962-09-20'),
			(385, '8079359782', 'Ryan', 'Charlie', 'Marshall', '08083535444', 'ryan.marshall@email.com', 'Male', '1984-12-28'),
			(386, '0033542168', 'Louise', NULL, 'Watson', '08284044566', 'louise.watson@email.com', 'Male', '1974-01-04'),
			(387, '0758181412', 'Nigel', NULL, 'Robinson', '08826333738', 'nigel.robinson@email.com', 'Female', '1974-08-23'),
			(388, '4679970246', 'Paige', NULL, 'Poole', '08751536637', 'paige.poole@email.com', 'Female', '2012-05-29'),
			(389, '2059304078', 'Sarah', NULL, 'Long', '08052924075', 'sarah.long@email.com', 'Female', '1962-03-13'),
			(390, '4959310341', 'Karl', 'Sandra', 'Morgan', '08668459090', 'karl.morgan@email.com', 'Male', '1937-02-15'),
			(391, '0034244204', 'Cheryl', 'Ruth', 'Kelly', '08599996636', 'cheryl.kelly@email.com', 'Male', '2005-12-02'),
			(392, '6030299228', 'Michael', NULL, 'Bentley', '08371597412', 'michael.bentley@email.com', 'Male', '1970-01-14'),
			(393, '3327279568', 'Norman', NULL, 'Scott', '08209702316', 'norman.scott@email.com', 'Female', '2001-06-27'),
			(394, '7923747407', 'Russell', 'Andrea', 'Rees', '08481705802', 'russell.rees@email.com', 'Female', '1952-11-03'),
			(395, '2621745961', 'Kate', NULL, 'Stevens', '08662128671', 'kate.stevens@email.com', 'Female', '1956-05-11'),
			(396, '7840369003', 'Hugh', NULL, 'Russell', '08323467299', 'hugh.russell@email.com', 'Female', '2005-10-05'),
			(397, '9439690784', 'Paul', NULL, 'White', '08874302716', 'paul.white@email.com', 'Male', '1944-05-04'),
			(398, '8992172233', 'Callum', NULL, 'Henderson', '08977790147', 'callum.henderson@email.com', 'Female', '1948-05-25'),
			(399, '4270103930', 'Jamie', NULL, 'Benson', '08469263296', 'jamie.benson@email.com', 'Female', '1928-02-27'),
			(400, '5820297021', 'Wayne', NULL, 'Brown', '08291603248', 'wayne.brown@email.com', 'Female', '1957-01-11'),
			(401, '5523149135', 'Joan', NULL, 'Turnbull', '08137681511', 'joan.turnbull@email.com', 'Female', '1948-05-12'),
			(402, '8969108589', 'Arthur', NULL, 'Barnett', '08243807017', 'arthur.barnett@email.com', 'Female', '2025-08-06'),
			(403, '2812067974', 'Emily', NULL, 'Carey', '08636004125', 'emily.carey@email.com', 'Female', '1933-04-19'),
			(404, '3112196565', 'Alice', NULL, 'Parkin', '08118372742', 'alice.parkin@email.com', 'Male', '1973-12-03'),
			(405, '7277434873', 'Sally', NULL, 'Wright', '08912418621', 'sally.wright@email.com', 'Male', '1986-03-02'),
			(406, '5182337498', 'Stephanie', NULL, 'Morton', '08275230837', 'stephanie.morton@email.com', 'Male', '2008-05-13'),
			(407, '7896118367', 'Samuel', NULL, 'Wood', '08816470900', 'samuel.wood@email.com', 'Female', '2014-04-29'),
			(408, '5479356465', 'Maria', NULL, 'Atkins', '08353310600', 'maria.atkins@email.com', 'Female', '2012-03-16'),
			(409, '1939828073', 'Robert', NULL, 'Long', '08131220681', 'robert.long@email.com', 'Female', '1989-11-02'),
			(410, '2914865281', 'Joanne', NULL, 'Pickering', '08393866133', 'joanne.pickering@email.com', 'Male', '1939-05-05'),
			(411, '4615679334', 'Abigail', NULL, 'Edwards', '08206506373', 'abigail.edwards@email.com', 'Male', '1985-01-06'),
			(412, '9552717744', 'Liam', NULL, 'Sutton', '08495013649', 'liam.sutton@email.com', 'Female', '1968-06-27'),
			(413, '4033173936', 'Tina', NULL, 'Bray', '08189241956', 'tina.bray@email.com', 'Male', '1941-10-28'),
			(414, '2265676618', 'Henry', NULL, 'Johnson', '08571509976', 'henry.johnson@email.com', 'Male', '2004-04-25'),
			(415, '9934768701', 'Lorraine', NULL, 'Ellis', '08030914363', 'lorraine.ellis@email.com', 'Male', '1976-06-27'),
			(416, '0937966033', 'Jodie', 'Sandra', 'Hill', '08574326303', 'jodie.hill@email.com', 'Female', '1993-06-15'),
			(417, '2060385050', 'Rachael', NULL, 'Sykes', '08524508640', 'rachael.sykes@email.com', 'Male', '2020-02-28'),
			(418, '1779717751', 'Geoffrey', NULL, 'Davis', '08553380339', 'geoffrey.davis@email.com', 'Female', '2013-03-28'),
			(419, '3200379176', 'Lynn', NULL, 'Atkinson', '08270171302', 'lynn.atkinson@email.com', 'Male', '1953-11-29'),
			(420, '8486661889', 'Sharon', 'Julian', 'Price', '08298338167', 'sharon.price@email.com', 'Female', '1980-12-19'),
			(421, '9413435240', 'Declan', 'Tracey', 'Mason', '08336293449', 'declan.mason@email.com', 'Female', '1981-04-06'),
			(422, '9500479748', 'Neil', NULL, 'Webster', '08347156627', 'neil.webster@email.com', 'Female', '1967-03-08'),
			(423, '7382997376', 'Rosie', NULL, 'Smith', '08962706614', 'rosie.smith@email.com', 'Male', '1945-06-03'),
			(424, '8562575326', 'Joyce', NULL, 'Preston', '08246747468', 'joyce.preston@email.com', 'Female', '1933-10-14'),
			(425, '5458929750', 'George', 'Colin', 'Lee', '08273230085', 'george.lee@email.com', 'Female', '1983-06-05'),
			(426, '5423511615', 'Lewis', NULL, 'Morris', '08665674916', 'lewis.morris@email.com', 'Male', '1975-05-14'),
			(427, '3605766270', 'Callum', NULL, 'Humphreys', '08169236458', 'callum.humphreys@email.com', 'Female', '2004-06-19'),
			(428, '6688263435', 'Chelsea', NULL, 'Moore', '08506633705', 'chelsea.moore@email.com', 'Male', '2015-11-02'),
			(429, '3950240268', 'Adrian', NULL, 'Ali', '08249724399', 'adrian.ali@email.com', 'Male', '2015-03-15'),
			(430, '1168685487', 'Mary', 'Lee', 'Taylor', '08166918362', 'mary.taylor@email.com', 'Female', '1963-10-18'),
			(431, '2849877694', 'Grace', 'Stuart', 'Webster', '08488694611', 'grace.webster@email.com', 'Female', '2003-04-21'),
			(432, '3692929842', 'Kathleen', NULL, 'Kelly', '08436402701', 'kathleen.kelly@email.com', 'Male', '2014-01-11'),
			(433, '6112545738', 'Hayley', NULL, 'Wilson', '08686462252', 'hayley.wilson@email.com', 'Male', '1939-05-18'),
			(434, '4508993588', 'Bruce', 'Laura', 'Brady', '08281793230', 'bruce.brady@email.com', 'Male', '1940-04-13'),
			(435, '6915452267', 'Ricky', NULL, 'Allen', '08346791214', 'ricky.allen@email.com', 'Male', '1983-01-19'),
			(436, '5865780913', 'Chelsea', NULL, 'Simpson', '08415093771', 'chelsea.simpson@email.com', 'Male', '2009-04-07'),
			(437, '9380262067', 'Jayne', 'Nicole', 'Davies', '08090138069', 'jayne.davies@email.com', 'Female', '1928-03-22'),
			(438, '6995866934', 'Tina', NULL, 'Murray', '08759655553', 'tina.murray@email.com', 'Female', '2019-01-11'),
			(439, '3322141888', 'Vincent', NULL, 'Day', '08690551076', 'vincent.day@email.com', 'Male', '1961-11-03'),
			(440, '9027716701', 'Rita', 'Declan', 'Carter', '08184357978', 'rita.carter@email.com', 'Female', '1972-06-03'),
			(441, '8240084271', 'Thomas', NULL, 'Farrell', '08050505739', 'thomas.farrell@email.com', 'Female', '1944-02-23'),
			(442, '1047095214', 'Anna', NULL, 'Moss', '08915671649', 'anna.moss@email.com', 'Male', '1934-02-13'),
			(443, '4019655698', 'Patrick', NULL, 'Cox', '08898027148', 'patrick.cox@email.com', 'Female', '1928-10-26'),
			(444, '9855241406', 'George', 'Robin', 'Morris', '08717833321', 'george.morris@email.com', 'Male', '1975-11-06'),
			(445, '6850542357', 'Samantha', NULL, 'Price', '08025643471', 'samantha.price@email.com', 'Male', '1946-01-26'),
			(446, '6729466711', 'Lauren', NULL, 'Webster', '08715399156', 'lauren.webster@email.com', 'Female', '1968-10-18'),
			(447, '1844989266', 'Kirsty', NULL, 'Anderson', '08863341411', 'kirsty.anderson@email.com', 'Male', '1931-10-23'),
			(448, '9821465840', 'Dean', NULL, 'Fraser', '08931952569', 'dean.fraser@email.com', 'Male', '2008-09-25'),
			(449, '5940781618', 'Adam', NULL, 'Davies', '08983665528', 'adam.davies@email.com', 'Male', '1961-09-06'),
			(450, '8760366909', 'Angela', 'Danielle', 'Adams', '08087524377', 'angela.adams@email.com', 'Male', '2007-04-09'),
			(451, '4219933083', 'Angela', NULL, 'Carroll', '08209548149', 'angela.carroll@email.com', 'Female', '1953-12-26'),
			(452, '4466574374', 'Sally', NULL, 'Clark', '08374605233', 'sally.clark@email.com', 'Male', '1983-02-28'),
			(453, '3016571208', 'Jamie', NULL, 'Abbott', '08276420865', 'jamie.abbott@email.com', 'Female', '2016-12-27'),
			(454, '7518636374', 'Jenna', NULL, 'Jones', '08566184438', 'jenna.jones@email.com', 'Female', '2015-06-12'),
			(455, '6846081062', 'Mohammad', 'Hannah', 'Thomas', '08590472927', 'mohammad.thomas@email.com', 'Female', '2006-03-20'),
			(456, '2587139718', 'William', 'Josh', 'Bailey', '08233305912', 'william.bailey@email.com', 'Female', '1953-05-25'),
			(457, '4887256394', 'Ashley', NULL, 'Miller', '08620157201', 'ashley.miller@email.com', 'Female', '1964-01-16'),
			(458, '6805891135', 'Toby', NULL, 'O''Neill', '08263013674', 'toby.o''neill@email.com', 'Male', '1992-05-05'),
			(459, '6423536937', 'Sharon', NULL, 'Jarvis', '08617647501', 'sharon.jarvis@email.com', 'Male', '1976-05-24'),
			(460, '4626383806', 'Stacey', 'Donna', 'Campbell', '08783099974', 'stacey.campbell@email.com', 'Male', '2000-09-09'),
			(461, '5918463865', 'Aimee', NULL, 'Forster', '08267649215', 'aimee.forster@email.com', 'Male', '1934-06-16'),
			(462, '3678508214', 'Patricia', NULL, 'Taylor', '08826068887', 'patricia.taylor@email.com', 'Male', '1930-05-28'),
			(463, '2577754781', 'Amanda', NULL, 'Brown', '08981312920', 'amanda.brown@email.com', 'Female', '1935-03-31'),
			(464, '4499727875', 'Terry', NULL, 'Allen', '08102932184', 'terry.allen@email.com', 'Male', '2002-09-08'),
			(465, '5787598564', 'Carol', 'Helen', 'Ellis', '08184582603', 'carol.ellis@email.com', 'Female', '1964-01-19'),
			(466, '2419138000', 'Geoffrey', 'Victor', 'Gibbons', '08848729758', 'geoffrey.gibbons@email.com', 'Female', '1948-01-15'),
			(467, '9808412411', 'Marian', NULL, 'Nicholls', '08831030324', 'marian.nicholls@email.com', 'Male', '2018-07-03'),
			(468, '5867362266', 'Linda', NULL, 'Nicholson', '08983954296', 'linda.nicholson@email.com', 'Male', '1939-01-21'),
			(469, '9825449481', 'Norman', NULL, 'Williams', '08462671462', 'norman.williams@email.com', 'Male', '1979-02-24'),
			(470, '8143536822', 'Judith', 'Dylan', 'Ferguson', '08435989262', 'judith.ferguson@email.com', 'Female', '1970-11-09'),
			(471, '2503926142', 'Ross', NULL, 'Ross', '08660931418', 'ross.ross@email.com', 'Male', '1947-07-13'),
			(472, '0293333468', 'Martin', NULL, 'Dennis', '08615155423', 'martin.dennis@email.com', 'Female', '1940-03-02'),
			(473, '5611002255', 'Melanie', 'Damien', 'Bond', '08636112849', 'melanie.bond@email.com', 'Female', '1972-06-07'),
			(474, '0919015814', 'Leah', 'Damian', 'Sharp', '08594849102', 'leah.sharp@email.com', 'Female', '1938-08-22'),
			(475, '6738302843', 'Jacob', NULL, 'Smith', '08625889679', 'jacob.smith@email.com', 'Male', '1948-04-05'),
			(476, '9441715454', 'Mandy', 'Abbie', 'Gould', '08822269405', 'mandy.gould@email.com', 'Male', '1934-11-26'),
			(477, '5250074329', 'Edward', NULL, 'Watson', '08672757844', 'edward.watson@email.com', 'Female', '2010-02-10'),
			(478, '7426841459', 'Valerie', NULL, 'Hall', '08341465111', 'valerie.hall@email.com', 'Male', '2001-05-16'),
			(479, '7814141397', 'Rosemary', NULL, 'Patterson', '08290148706', 'rosemary.patterson@email.com', 'Male', '2001-06-23'),
			(480, '1843222591', 'Carly', NULL, 'Woods', '08881609306', 'carly.woods@email.com', 'Female', '2009-08-24'),
			(481, '7058957829', 'Brandon', 'Teresa', 'Taylor', '08890972832', 'brandon.taylor@email.com', 'Male', '1967-09-04'),
			(482, '6218518888', 'Derek', NULL, 'Williams', '08285067625', 'derek.williams@email.com', 'Male', '1988-06-20'),
			(483, '9599534283', 'Angela', NULL, 'Mistry', '08381447443', 'angela.mistry@email.com', 'Male', '1962-01-12'),
			(484, '1478596969', 'Marie', NULL, 'George', '08963480797', 'marie.george@email.com', 'Male', '1993-09-11'),
			(485, '3805719838', 'Liam', NULL, 'Kemp', '08975451052', 'liam.kemp@email.com', 'Female', '1986-02-25'),
			(486, '5799136621', 'Ian', NULL, 'George', '08167318826', 'ian.george@email.com', 'Male', '1963-09-20'),
			(487, '9059929378', 'Martin', NULL, 'Berry', '08024376545', 'martin.berry@email.com', 'Female', '1936-12-08'),
			(488, '1693406088', 'Jayne', NULL, 'Wright', '08841772256', 'jayne.wright@email.com', 'Male', '1976-12-22'),
			(489, '6504773586', 'Bethany', NULL, 'Jackson', '08313402665', 'bethany.jackson@email.com', 'Male', '2025-03-19'),
			(490, '2827422579', 'Luke', 'Alexandra', 'Power', '08374167872', 'luke.power@email.com', 'Female', '2013-05-13'),
			(491, '4316117240', 'Roy', NULL, 'Storey', '08686211022', 'roy.storey@email.com', 'Female', '1989-05-19'),
			(492, '8393352904', 'Donna', NULL, 'Hayes', '08305690674', 'donna.hayes@email.com', 'Female', '1933-01-25'),
			(493, '8557444313', 'Barbara', NULL, 'Webb', '08639282341', 'barbara.webb@email.com', 'Female', '1971-05-23'),
			(494, '1910883982', 'Graham', NULL, 'Pollard', '08363718923', 'graham.pollard@email.com', 'Male', '1948-02-18'),
			(495, '6808760385', 'Simon', 'Jennifer', 'Smith', '08260432609', 'simon.smith@email.com', 'Male', '1984-06-14'),
			(496, '4216073375', 'Judith', 'Sam', 'Norris', '08066843356', 'judith.norris@email.com', 'Female', '1974-03-05'),
			(497, '2818268861', 'Christine', 'Charlotte', 'Bell', '08604145456', 'christine.bell@email.com', 'Male', '1980-04-13'),
			(498, '1613696816', 'Declan', NULL, 'Davies', '08020005347', 'declan.davies@email.com', 'Female', '1931-10-11'),
			(499, '7801573993', 'Julia', NULL, 'Miah', '08162475541', 'julia.miah@email.com', 'Male', '1933-08-14'),
			(500, '0715182037', 'Hugh', NULL, 'Green', '08825559895', 'hugh.green@email.com', 'Male', '2016-12-22');

INSERT INTO
	hospital(address_id, nhs_hosp_id, name, telephone, email)
		VALUES
			(501, 'HOSP-EN-10001', 'Greenfield Hospital', '08278248963', 'info@greenfieldhospital.fakenhs.uk'),
			(502, 'HOSP-EN-10002', 'Riverside Medical Centre', '08104332181', 'info@riversidemedicalcentre.fakenhs.uk'),
			(503, 'HOSP-EN-10003', 'Oakwood Health Centre', '08350305641', 'info@oakwoodhealthcentre.fakenhs.uk'),
			(504, 'HOSP-EN-10004', 'Maple Leaf Hospital', '08238849696', 'info@mapleleafhospital.fakenhs.uk'),
			(505, 'HOSP-EN-10005', 'Cedar Grove Hospital', '08480184514', 'info@cedargrovehospital.fakenhs.uk'),
			(506, 'HOSP-WA-10006', 'Lakeside Hospital', '08083863794', 'info@lakesidehospital.fakenhs.uk'),
			(507, 'HOSP-WA-10007', 'Hilltop Medical Centre', '08026542351', 'info@hilltopmedicalcentre.fakenhs.uk'),
			(508, 'HOSP-WA-10008', 'Sunnybrook Hospital', '08475255341', 'info@sunnybrookhospital.fakenhs.uk'),
			(509, 'HOSP-WA-10009', 'Meadowview Health Centre', '08095701543', 'info@meadowviewhealthcentre.fakenhs.uk'),
			(510, 'HOSP-WA-10010', 'Forest Park Hospital', '08395376724', 'info@forestparkhospital.fakenhs.uk'),
			(511, 'HOSP-SC-10011', 'Highland Medical Centre', '08532871012', 'info@highlandmedicalcentre.fakenhs.uk'),
			(512, 'HOSP-SC-10012', 'Riverbend Hospital', '08816184959', 'info@riverbendhospital.fakenhs.uk'),
			(513, 'HOSP-SC-10013', 'Silverwood Health Centre', '08039117182', 'info@silverwoodhealthcentre.fakenhs.uk'),
			(514, 'HOSP-SC-10014', 'Eastview Hospital', '08489325288', 'info@eastviewhospital.fakenhs.uk'),
			(515, 'HOSP-SC-10015', 'Northgate Medical Centre', '08627048281', 'info@northgatemedicalcentre.fakenhs.uk'),
			(516, 'HOSP-NI-10016', 'Pinecrest Hospital', '08161559407', 'info@pinecresthospital.fakenhs.uk'),
			(517, 'HOSP-NI-10017', 'Brookside Medical Centre', '08269166978', 'info@brooksidemedicalcentre.fakenhs.uk'),
			(518, 'HOSP-NI-10018', 'Willowbrook Hospital', '08310341316', 'info@willowbrookhospital.fakenhs.uk'),
			(519, 'HOSP-NI-10019', 'Crestview Health Centre', '08960013389', 'info@crestviewhealthcentre.fakenhs.uk'),
			(520, 'HOSP-NI-10020', 'Meadowlands Hospital', '08928327648', 'info@meadowlandshospital.fakenhs.uk');

INSERT INTO
	staff(address_id, nhs_staff_id, first_name, middle_name, last_name, telephone, personal_email, work_email, date_of_birth)
		VALUES
			(521, 'STAFF-EN-45168', 'Grace', 'Hope', 'Morris', '08623568648', 'gracemorris@email.com', 'gracemorris@fakenhs.uk', '1960-12-19'),
			(522, 'STAFF-EN-32395', 'Emily', 'Grace', 'Cooper', '08295292058', 'emilycooper@email.com', 'emilycooper@fakenhs.uk', '1967-05-24'),
			(523, 'STAFF-EN-16994', 'Ethan', NULL, 'Turner', '08953289518', 'ethanturner@email.com', 'ethanturner@fakenhs.uk', '1981-05-11'),
			(524, 'STAFF-EN-25639', 'Henry', 'Faye', 'Green', '08314421120', 'henrygreen@email.com', 'henrygreen@fakenhs.uk', '1960-07-26'),
			(525, 'STAFF-EN-18570', 'Zoe', 'Hope', 'Green', '08104893891', 'zoegreen@email.com', 'zoegreen@fakenhs.uk', '1989-06-13'),
			(526, 'STAFF-EN-50092', 'Lily', 'Grace', 'Cooper', '08791551361', 'lilycooper@email.com', 'lilycooper@fakenhs.uk', '1999-09-03'),
			(527, 'STAFF-EN-51425', 'Jack', 'Marie', 'Hill', '08220584397', 'jackhill@email.com', 'jackhill@fakenhs.uk', '1968-06-19'),
			(528, 'STAFF-EN-54890', 'Lily', 'Anne', 'Lewis', '08233068283', 'lilylewis@email.com', 'lilylewis@fakenhs.uk', '1984-11-02'),
			(529, 'STAFF-EN-80585', 'Mia', 'Lee', 'Young', '08307393011', 'miayoung@email.com', 'miayoung@fakenhs.uk', '1961-02-19'),
			(530, 'STAFF-EN-99620', 'Daniel', 'Grace', 'Ward', '08239173931', 'danielward@email.com', 'danielward@fakenhs.uk', '1966-01-02'),
			(531, 'STAFF-EN-32380', 'Charlotte', 'Hope', 'Ward', '08254324479', 'charlotteward@email.com', 'charlotteward@fakenhs.uk', '1972-01-28'),
			(532, 'STAFF-EN-67863', 'Sophia', 'Anne', 'Jones', '08155080286', 'sophiajones@email.com', 'sophiajones@fakenhs.uk', '1961-05-09'),
			(533, 'STAFF-EN-92444', 'Lucas', 'Faye', 'Davies', '08256407660', 'lucasdavies@email.com', 'lucasdavies@fakenhs.uk', '1985-12-23'),
			(534, 'STAFF-EN-73501', 'Jacob', NULL, 'Roberts', '08428165167', 'jacobroberts@email.com', 'jacobroberts@fakenhs.uk', '1961-11-14'),
			(535, 'STAFF-EN-98292', 'Emily', 'Grace', 'Thomas', '08515416499', 'emilythomas@email.com', 'emilythomas@fakenhs.uk', '1998-01-01'),
			(536, 'STAFF-EN-14192', 'Jack', 'Grace', 'Cooper', '08931657224', 'jackcooper@email.com', 'jackcooper@fakenhs.uk', '1983-05-08'),
			(537, 'STAFF-EN-74340', 'Harper', 'Faye', 'Green', '08572079697', 'harpergreen@email.com', 'harpergreen@fakenhs.uk', '1978-02-11'),
			(538, 'STAFF-EN-69578', 'Jack', 'Lee', 'Green', '08929302748', 'jackgreen@email.com', 'jackgreen@fakenhs.uk', '1994-11-25'),
			(539, 'STAFF-EN-99705', 'Sophia', 'Eve', 'Harris', '08581105872', 'sophiaharris@email.com', 'sophiaharris@fakenhs.uk', '1998-06-26'),
			(540, 'STAFF-EN-46491', 'Mia', 'Rose', 'Walker', '08683909165', 'miawalker@email.com', 'miawalker@fakenhs.uk', '1993-01-24'),
			(541, 'STAFF-EN-40749', 'Oscar', 'Jane', 'Scott', '08619420441', 'oscarscott@email.com', 'oscarscott@fakenhs.uk', '1988-06-24'),
			(542, 'STAFF-EN-22794', 'Matthew', 'Anne', 'Allen', '08330140469', 'matthewallen@email.com', 'matthewallen@fakenhs.uk', '1985-06-10'),
			(543, 'STAFF-EN-66414', 'Isabella', 'Marie', 'Ward', '08759715626', 'isabellaward@email.com', 'isabellaward@fakenhs.uk', '1975-10-17'),
			(544, 'STAFF-EN-59383', 'Ethan', 'Jane', 'Hill', '08731178686', 'ethanhill@email.com', 'ethanhill@fakenhs.uk', '1967-09-08'),
			(545, 'STAFF-EN-79215', 'Lily', 'Hope', 'Davies', '08954969593', 'lilydavies@email.com', 'lilydavies@fakenhs.uk', '1989-04-04'),
			(546, 'STAFF-EN-27899', 'Jack', 'Mae', 'Thomas', '08600961435', 'jackthomas@email.com', 'jackthomas@fakenhs.uk', '1963-04-15'),
			(547, 'STAFF-EN-83806', 'Samuel', 'Grace', 'Martin', '08858353403', 'samuelmartin@email.com', 'samuelmartin@fakenhs.uk', '1974-04-08'),
			(548, 'STAFF-EN-27214', 'Henry', 'Marie', 'Walker', '08601541987', 'henrywalker@email.com', 'henrywalker@fakenhs.uk', '1969-11-03'),
			(549, 'STAFF-EN-39280', 'Zoe', 'Lee', 'Williams', '08754513770', 'zoewilliams@email.com', 'zoewilliams@fakenhs.uk', '1975-10-28'),
			(550, 'STAFF-EN-45575', 'Lily', NULL, 'Edwards', '08723604842', 'lilyedwards@email.com', 'lilyedwards@fakenhs.uk', '1969-06-22'),
			(551, 'STAFF-EN-99242', 'Oscar', 'Mae', 'Lewis', '08824069351', 'oscarlewis@email.com', 'oscarlewis@fakenhs.uk', '1981-12-04'),
			(552, 'STAFF-EN-11248', 'Isabella', 'James', 'Lewis', '08984035927', 'isabellalewis@email.com', 'isabellalewis@fakenhs.uk', '1964-04-03'),
			(553, 'STAFF-EN-22911', 'Harper', 'James', 'Turner', '08380557174', 'harperturner@email.com', 'harperturner@fakenhs.uk', '1979-04-28'),
			(554, 'STAFF-EN-63305', 'Matthew', 'James', 'Johnson', '08926972887', 'matthewjohnson@email.com', 'matthewjohnson@fakenhs.uk', '1980-07-12'),
			(555, 'STAFF-EN-39719', 'Alexander', 'Rose', 'Evans', '08287054146', 'alexanderevans@email.com', 'alexanderevans@fakenhs.uk', '1969-09-04'),
			(556, 'STAFF-EN-56128', 'Ella', 'Marie', 'Evans', '08644386502', 'ellaevans@email.com', 'ellaevans@fakenhs.uk', '1989-05-08'),
			(557, 'STAFF-EN-24323', 'Charlotte', 'Marie', 'Thomas', '08154249766', 'charlottethomas@email.com', 'charlottethomas@fakenhs.uk', '1986-11-07'),
			(558, 'STAFF-EN-46532', 'Matthew', 'Jane', 'Lewis', '08692294230', 'matthewlewis@email.com', 'matthewlewis@fakenhs.uk', '2000-11-23'),
			(559, 'STAFF-EN-48459', 'Liam', 'James', 'Scott', '08698571094', 'liamscott@email.com', 'liamscott@fakenhs.uk', '1987-09-21'),
			(560, 'STAFF-EN-39833', 'Lily', 'Lee', 'Baker', '08878917481', 'lilybaker@email.com', 'lilybaker@fakenhs.uk', '1964-02-22'),
			(561, 'STAFF-EN-58368', 'Oscar', 'Eve', 'Ward', '08614559319', 'oscarward@email.com', 'oscarward@fakenhs.uk', '1975-07-24'),
			(562, 'STAFF-EN-15388', 'Benjamin', 'Louise', 'Evans', '08157323723', 'benjaminevans@email.com', 'benjaminevans@fakenhs.uk', '1977-10-04'),
			(563, 'STAFF-EN-25563', 'Oscar', 'Eve', 'Johnson', '08674551173', 'oscarjohnson@email.com', 'oscarjohnson@fakenhs.uk', '1966-11-17'),
			(564, 'STAFF-EN-71729', 'Jacob', 'Faye', 'Jones', '08337500707', 'jacobjones@email.com', 'jacobjones@fakenhs.uk', '1993-03-07'),
			(565, 'STAFF-EN-82600', 'Jacob', NULL, 'Brown', '08939801183', 'jacobbrown@email.com', 'jacobbrown@fakenhs.uk', '1989-10-02'),
			(566, 'STAFF-EN-34664', 'Zoe', 'Louise', 'Hill', '08120697515', 'zoehill@email.com', 'zoehill@fakenhs.uk', '1996-05-11'),
			(567, 'STAFF-EN-93073', 'Matthew', 'Anne', 'Smith', '08792106709', 'matthewsmith@email.com', 'matthewsmith@fakenhs.uk', '1966-03-11'),
			(568, 'STAFF-EN-48187', 'Jacob', 'Grace', 'Edwards', '08472038723', 'jacobedwards@email.com', 'jacobedwards@fakenhs.uk', '1971-02-05'),
			(569, 'STAFF-EN-98430', 'Sophia', NULL, 'Allen', '08945639893', 'sophiaallen@email.com', 'sophiaallen@fakenhs.uk', '1969-07-15'),
			(570, 'STAFF-EN-40789', 'Lily', 'Louise', 'Clark', '08607036578', 'lilyclark@email.com', 'lilyclark@fakenhs.uk', '1966-11-20'),
			(571, 'STAFF-EN-67972', 'Mia', 'Faye', 'Clark', '08906797859', 'miaclark@email.com', 'miaclark@fakenhs.uk', '1985-10-26'),
			(572, 'STAFF-EN-67155', 'Alexander', 'Faye', 'Martin', '08339075010', 'alexandermartin@email.com', 'alexandermartin@fakenhs.uk', '1970-03-12'),
			(573, 'STAFF-EN-83281', 'Grace', NULL, 'Lewis', '08278779481', 'gracelewis@email.com', 'gracelewis@fakenhs.uk', '1984-11-23'),
			(574, 'STAFF-EN-71359', 'Samuel', 'Jane', 'Wright', '08878594522', 'samuelwright@email.com', 'samuelwright@fakenhs.uk', '1961-09-01'),
			(575, 'STAFF-EN-99016', 'Emily', 'Marie', 'Green', '08679181649', 'emilygreen@email.com', 'emilygreen@fakenhs.uk', '1962-06-21'),
			(576, 'STAFF-EN-59572', 'Ethan', NULL, 'Cooper', '08498270907', 'ethancooper@email.com', 'ethancooper@fakenhs.uk', '1979-03-24'),
			(577, 'STAFF-EN-46482', 'Jack', 'Louise', 'Morris', '08393968339', 'jackmorris@email.com', 'jackmorris@fakenhs.uk', '1980-11-25'),
			(578, 'STAFF-EN-25833', 'Emily', 'Faye', 'Jones', '08811551651', 'emilyjones@email.com', 'emilyjones@fakenhs.uk', '1981-06-11'),
			(579, 'STAFF-EN-69794', 'Samuel', 'Marie', 'Wright', '08502556075', 'samuelwright58@email.com', 'samuelwright58@fakenhs.uk', '2000-12-18'),
			(580, 'STAFF-EN-55124', 'Jack', 'Eve', 'Davies', '08515579060', 'jackdavies@email.com', 'jackdavies@fakenhs.uk', '1961-06-03'),
			(581, 'STAFF-EN-26210', 'Ella', 'Anne', 'Davies', '08937529536', 'elladavies@email.com', 'elladavies@fakenhs.uk', '1976-12-05'),
			(582, 'STAFF-EN-62497', 'Matthew', 'Mae', 'Martin', '08481366299', 'matthewmartin@email.com', 'matthewmartin@fakenhs.uk', '1999-10-15'),
			(583, 'STAFF-EN-45611', 'Matthew', 'Eve', 'Jones', '08674163077', 'matthewjones@email.com', 'matthewjones@fakenhs.uk', '1960-11-04'),
			(584, 'STAFF-EN-79421', 'Benjamin', 'Grace', 'Young', '08818439155', 'benjaminyoung@email.com', 'benjaminyoung@fakenhs.uk', '1974-06-04'),
			(585, 'STAFF-EN-66666', 'Noah', 'Grace', 'Clark', '08934555620', 'noahclark@email.com', 'noahclark@fakenhs.uk', '1960-03-19'),
			(586, 'STAFF-EN-31864', 'Mia', 'Anne', 'Martin', '08274646890', 'miamartin@email.com', 'miamartin@fakenhs.uk', '1998-04-24'),
			(587, 'STAFF-EN-32290', 'James', 'Marie', 'Clark', '08937835212', 'jamesclark@email.com', 'jamesclark@fakenhs.uk', '1964-02-24'),
			(588, 'STAFF-EN-23256', 'Ava', 'Rose', 'Lewis', '08807685373', 'avalewis@email.com', 'avalewis@fakenhs.uk', '1994-01-21'),
			(589, 'STAFF-EN-61085', 'Emily', 'James', 'Evans', '08745393721', 'emilyevans@email.com', 'emilyevans@fakenhs.uk', '1993-02-22'),
			(590, 'STAFF-EN-17685', 'Ethan', 'Faye', 'Walker', '08572252473', 'ethanwalker@email.com', 'ethanwalker@fakenhs.uk', '1964-02-24'),
			(591, 'STAFF-EN-99287', 'Isabella', NULL, 'Ward', '08587297872', 'isabellaward70@email.com', 'isabellaward70@fakenhs.uk', '2000-07-06'),
			(592, 'STAFF-EN-38717', 'Matthew', 'Eve', 'Davies', '08387471661', 'matthewdavies@email.com', 'matthewdavies@fakenhs.uk', '1974-05-28'),
			(593, 'STAFF-EN-58887', 'Jack', 'Marie', 'Cooper', '08718537052', 'jackcooper72@email.com', 'jackcooper72@fakenhs.uk', '1997-11-16'),
			(594, 'STAFF-EN-99579', 'Olivia', 'Hope', 'Turner', '08192717110', 'oliviaturner@email.com', 'oliviaturner@fakenhs.uk', '1969-02-25'),
			(595, 'STAFF-EN-96198', 'James', 'Grace', 'Turner', '08930079625', 'jamesturner@email.com', 'jamesturner@fakenhs.uk', '1989-06-25'),
			(596, 'STAFF-EN-31455', 'Benjamin', 'Jane', 'Evans', '08590752111', 'benjaminevans75@email.com', 'benjaminevans75@fakenhs.uk', '1971-04-14'),
			(597, 'STAFF-EN-43805', 'Ethan', 'Faye', 'Brown', '08558116855', 'ethanbrown@email.com', 'ethanbrown@fakenhs.uk', '1986-04-23'),
			(598, 'STAFF-EN-68495', 'Ava', NULL, 'Morris', '08884919206', 'avamorris@email.com', 'avamorris@fakenhs.uk', '1964-10-25'),
			(599, 'STAFF-EN-44383', 'Liam', NULL, 'Harris', '08675881974', 'liamharris@email.com', 'liamharris@fakenhs.uk', '1987-12-02'),
			(600, 'STAFF-EN-99919', 'Mia', 'Grace', 'Young', '08810188164', 'miayoung79@email.com', 'miayoung79@fakenhs.uk', '1983-03-28'),
			(601, 'STAFF-EN-25369', 'Sophia', 'Anne', 'Young', '08535260302', 'sophiayoung@email.com', 'sophiayoung@fakenhs.uk', '1979-05-02'),
			(602, 'STAFF-EN-93946', 'Samuel', 'Grace', 'King', '08393821713', 'samuelking@email.com', 'samuelking@fakenhs.uk', '1999-07-27'),
			(603, 'STAFF-EN-29007', 'Oscar', NULL, 'Young', '08844419467', 'oscaryoung@email.com', 'oscaryoung@fakenhs.uk', '1970-05-11'),
			(604, 'STAFF-EN-11543', 'Benjamin', 'Mae', 'Martin', '08160895300', 'benjaminmartin@email.com', 'benjaminmartin@fakenhs.uk', '1981-05-26'),
			(605, 'STAFF-EN-27880', 'Amelia', 'James', 'Hill', '08468357221', 'ameliahill@email.com', 'ameliahill@fakenhs.uk', '1977-12-11'),
			(606, 'STAFF-EN-88506', 'Lucas', 'Louise', 'Green', '08455412311', 'lucasgreen@email.com', 'lucasgreen@fakenhs.uk', '1978-10-12'),
			(607, 'STAFF-EN-47620', 'Oscar', 'Marie', 'Hill', '08695262403', 'oscarhill@email.com', 'oscarhill@fakenhs.uk', '1987-01-05'),
			(608, 'STAFF-EN-33083', 'Charlotte', 'Eve', 'Harris', '08906923884', 'charlotteharris@email.com', 'charlotteharris@fakenhs.uk', '1962-09-15'),
			(609, 'STAFF-EN-23863', 'James', 'Marie', 'Hill', '08107620177', 'jameshill@email.com', 'jameshill@fakenhs.uk', '1968-09-05'),
			(610, 'STAFF-EN-43196', 'Daniel', 'Faye', 'Thomas', '08780864406', 'danielthomas@email.com', 'danielthomas@fakenhs.uk', '1979-09-19'),
			(611, 'STAFF-EN-15444', 'Liam', 'James', 'Hall', '08496043242', 'liamhall@email.com', 'liamhall@fakenhs.uk', '1991-11-01'),
			(612, 'STAFF-EN-77451', 'Hannah', 'Lee', 'Morris', '08207242136', 'hannahmorris@email.com', 'hannahmorris@fakenhs.uk', '1978-01-12'),
			(613, 'STAFF-EN-62890', 'Oscar', 'Mae', 'Smith', '08752544259', 'oscarsmith@email.com', 'oscarsmith@fakenhs.uk', '1987-05-05'),
			(614, 'STAFF-EN-94322', 'Isabella', 'Hope', 'Baker', '08736738865', 'isabellabaker@email.com', 'isabellabaker@fakenhs.uk', '1999-06-21'),
			(615, 'STAFF-EN-60618', 'Mia', 'Louise', 'Cooper', '08989265864', 'miacooper@email.com', 'miacooper@fakenhs.uk', '1991-01-02'),
			(616, 'STAFF-EN-65140', 'Ava', 'Anne', 'Brown', '08435888500', 'avabrown@email.com', 'avabrown@fakenhs.uk', '1992-06-21'),
			(617, 'STAFF-EN-85632', 'Chloe', 'Louise', 'Jones', '08506799382', 'chloejones@email.com', 'chloejones@fakenhs.uk', '1968-04-28'),
			(618, 'STAFF-EN-40625', 'Oscar', 'Eve', 'Ward', '08377658435', 'oscarward97@email.com', 'oscarward97@fakenhs.uk', '1999-11-06'),
			(619, 'STAFF-EN-39437', 'Lucas', 'Grace', 'Taylor', '08457425576', 'lucastaylor@email.com', 'lucastaylor@fakenhs.uk', '1981-04-24'),
			(620, 'STAFF-EN-84742', 'Sophia', 'Eve', 'Hill', '08524079433', 'sophiahill@email.com', 'sophiahill@fakenhs.uk', '1968-06-12'),
			(621, 'STAFF-WA-14816', 'Noah', 'Marie', 'Turner', '08969742377', 'noahturner@email.com', 'noahturner@fakenhs.uk', '1996-09-15'),
			(622, 'STAFF-WA-70094', 'Ava', 'Mae', 'King', '08294789812', 'avaking@email.com', 'avaking@fakenhs.uk', '1964-06-23'),
			(623, 'STAFF-WA-11212', 'Jack', 'Grace', 'Walker', '08884814962', 'jackwalker@email.com', 'jackwalker@fakenhs.uk', '1983-12-06'),
			(624, 'STAFF-WA-79906', 'Chloe', 'Hope', 'Wilson', '08108342582', 'chloewilson@email.com', 'chloewilson@fakenhs.uk', '1963-02-17'),
			(625, 'STAFF-WA-69342', 'Logan', 'Anne', 'Taylor', '08279343465', 'logantaylor@email.com', 'logantaylor@fakenhs.uk', '1998-11-01'),
			(626, 'STAFF-WA-64746', 'Henry', 'Louise', 'Johnson', '08173525308', 'henryjohnson@email.com', 'henryjohnson@fakenhs.uk', '1976-05-03'),
			(627, 'STAFF-WA-95152', 'Ella', 'Lee', 'Wilson', '08294876789', 'ellawilson@email.com', 'ellawilson@fakenhs.uk', '1971-08-07'),
			(628, 'STAFF-WA-84580', 'Matthew', 'Jane', 'Morris', '08802583540', 'matthewmorris@email.com', 'matthewmorris@fakenhs.uk', '2000-05-26'),
			(629, 'STAFF-WA-70188', 'Sophia', 'Louise', 'Walker', '08511490998', 'sophiawalker@email.com', 'sophiawalker@fakenhs.uk', '1984-02-24'),
			(630, 'STAFF-WA-73160', 'Mia', 'Louise', 'Martin', '08331396646', 'miamartin109@email.com', 'miamartin109@fakenhs.uk', '1988-03-24'),
			(631, 'STAFF-WA-87651', 'Harper', 'Anne', 'Brown', '08751462305', 'harperbrown@email.com', 'harperbrown@fakenhs.uk', '1993-10-02'),
			(632, 'STAFF-WA-81824', 'Olivia', 'Anne', 'Green', '08952450318', 'oliviagreen@email.com', 'oliviagreen@fakenhs.uk', '1994-11-06'),
			(633, 'STAFF-WA-57494', 'Matthew', 'Hope', 'Davies', '08593175136', 'matthewdavies112@email.com', 'matthewdavies112@fakenhs.uk', '1968-07-12'),
			(634, 'STAFF-WA-53804', 'Mia', 'Faye', 'King', '08926907452', 'miaking@email.com', 'miaking@fakenhs.uk', '1967-08-23'),
			(635, 'STAFF-WA-87603', 'Charlotte', 'Rose', 'King', '08909721252', 'charlotteking@email.com', 'charlotteking@fakenhs.uk', '1960-06-10'),
			(636, 'STAFF-WA-22926', 'Liam', 'Faye', 'Clark', '08490198544', 'liamclark@email.com', 'liamclark@fakenhs.uk', '1960-04-14'),
			(637, 'STAFF-WA-82979', 'Olivia', NULL, 'Scott', '08309745396', 'oliviascott@email.com', 'oliviascott@fakenhs.uk', '2000-07-24'),
			(638, 'STAFF-WA-58607', 'Sophia', 'Faye', 'Jones', '08414407966', 'sophiajones117@email.com', 'sophiajones117@fakenhs.uk', '1971-12-08'),
			(639, 'STAFF-WA-93083', 'Samuel', 'James', 'Smith', '08740540308', 'samuelsmith@email.com', 'samuelsmith@fakenhs.uk', '1971-12-24'),
			(640, 'STAFF-WA-44810', 'Alexander', 'Eve', 'Hall', '08211789518', 'alexanderhall@email.com', 'alexanderhall@fakenhs.uk', '1963-11-22'),
			(641, 'STAFF-WA-45621', 'Emily', 'Lee', 'Martin', '08520489777', 'emilymartin@email.com', 'emilymartin@fakenhs.uk', '1980-10-01'),
			(642, 'STAFF-WA-96078', 'Jack', 'Anne', 'Wilson', '08576592876', 'jackwilson@email.com', 'jackwilson@fakenhs.uk', '1960-03-24'),
			(643, 'STAFF-WA-17702', 'Sophia', 'Grace', 'Harris', '08778875873', 'sophiaharris122@email.com', 'sophiaharris122@fakenhs.uk', '1961-07-01'),
			(644, 'STAFF-WA-66633', 'Benjamin', 'Marie', 'Wilson', '08832652792', 'benjaminwilson@email.com', 'benjaminwilson@fakenhs.uk', '1993-01-08'),
			(645, 'STAFF-WA-53734', 'Grace', 'Louise', 'Brown', '08385303705', 'gracebrown@email.com', 'gracebrown@fakenhs.uk', '1998-06-15'),
			(646, 'STAFF-WA-21507', 'Amelia', 'Mae', 'Hall', '08653082518', 'ameliahall@email.com', 'ameliahall@fakenhs.uk', '1981-11-02'),
			(647, 'STAFF-WA-25112', 'Hannah', 'Marie', 'Smith', '08814514803', 'hannahsmith@email.com', 'hannahsmith@fakenhs.uk', '1963-01-23'),
			(648, 'STAFF-WA-30831', 'Noah', NULL, 'Brown', '08817284171', 'noahbrown@email.com', 'noahbrown@fakenhs.uk', '1984-01-27'),
			(649, 'STAFF-WA-13733', 'Amelia', 'Faye', 'Wilson', '08490873859', 'ameliawilson@email.com', 'ameliawilson@fakenhs.uk', '1992-06-10'),
			(650, 'STAFF-WA-28537', 'Isabella', NULL, 'Thomas', '08649390227', 'isabellathomas@email.com', 'isabellathomas@fakenhs.uk', '1996-11-01'),
			(651, 'STAFF-WA-14166', 'Benjamin', 'Lee', 'Walker', '08746808778', 'benjaminwalker@email.com', 'benjaminwalker@fakenhs.uk', '1987-04-23'),
			(652, 'STAFF-WA-61769', 'Liam', 'Anne', 'Martin', '08961870225', 'liammartin@email.com', 'liammartin@fakenhs.uk', '1967-07-27'),
			(653, 'STAFF-WA-56934', 'Samuel', 'Faye', 'Johnson', '08859200603', 'samueljohnson@email.com', 'samueljohnson@fakenhs.uk', '1978-11-12'),
			(654, 'STAFF-WA-99238', 'Samuel', 'Faye', 'Cooper', '08371750416', 'samuelcooper@email.com', 'samuelcooper@fakenhs.uk', '1966-03-16'),
			(655, 'STAFF-WA-77538', 'Oscar', 'Jane', 'Turner', '08167960774', 'oscarturner@email.com', 'oscarturner@fakenhs.uk', '1967-04-18'),
			(656, 'STAFF-WA-12938', 'Ethan', 'Lee', 'Williams', '08120310204', 'ethanwilliams@email.com', 'ethanwilliams@fakenhs.uk', '1994-06-27'),
			(657, 'STAFF-WA-14647', 'Mia', 'Lee', 'Allen', '08458835425', 'miaallen@email.com', 'miaallen@fakenhs.uk', '1967-05-20'),
			(658, 'STAFF-WA-26601', 'James', 'Grace', 'Davies', '08673054172', 'jamesdavies@email.com', 'jamesdavies@fakenhs.uk', '1996-03-28'),
			(659, 'STAFF-WA-32925', 'Mia', 'Lee', 'Wilson', '08733587658', 'miawilson@email.com', 'miawilson@fakenhs.uk', '1972-07-16'),
			(660, 'STAFF-WA-50116', 'Oscar', 'Faye', 'Hill', '08591833394', 'oscarhill139@email.com', 'oscarhill139@fakenhs.uk', '1961-04-19'),
			(661, 'STAFF-WA-62194', 'Ava', 'Grace', 'Davies', '08407671028', 'avadavies@email.com', 'avadavies@fakenhs.uk', '1962-11-04'),
			(662, 'STAFF-WA-92751', 'Zoe', 'Grace', 'Green', '08904637232', 'zoegreen141@email.com', 'zoegreen141@fakenhs.uk', '1974-04-26'),
			(663, 'STAFF-WA-83407', 'Grace', 'Lee', 'Baker', '08598931705', 'gracebaker@email.com', 'gracebaker@fakenhs.uk', '1984-04-18'),
			(664, 'STAFF-WA-94959', 'Alexander', 'Lee', 'Walker', '08875839220', 'alexanderwalker@email.com', 'alexanderwalker@fakenhs.uk', '2000-06-19'),
			(665, 'STAFF-WA-77157', 'Ethan', 'Grace', 'Clark', '08174998943', 'ethanclark@email.com', 'ethanclark@fakenhs.uk', '1972-12-19'),
			(666, 'STAFF-WA-28296', 'Emily', 'Mae', 'Wilson', '08666598000', 'emilywilson@email.com', 'emilywilson@fakenhs.uk', '1982-07-12'),
			(667, 'STAFF-WA-76618', 'Lucas', 'Mae', 'Edwards', '08294061473', 'lucasedwards@email.com', 'lucasedwards@fakenhs.uk', '1960-05-16'),
			(668, 'STAFF-WA-87943', 'Hannah', 'James', 'Turner', '08141953206', 'hannahturner@email.com', 'hannahturner@fakenhs.uk', '1980-12-24'),
			(669, 'STAFF-WA-64600', 'Matthew', 'Eve', 'Davies', '08106359286', 'matthewdavies148@email.com', 'matthewdavies148@fakenhs.uk', '1993-02-06'),
			(670, 'STAFF-WA-33564', 'Alexander', 'Louise', 'Baker', '08481119750', 'alexanderbaker@email.com', 'alexanderbaker@fakenhs.uk', '1990-08-06'),
			(671, 'STAFF-WA-60223', 'Daniel', 'Grace', 'Martin', '08278327128', 'danielmartin@email.com', 'danielmartin@fakenhs.uk', '1976-01-10'),
			(672, 'STAFF-WA-49219', 'Grace', 'Louise', 'Clark', '08634128831', 'graceclark@email.com', 'graceclark@fakenhs.uk', '1974-11-19'),
			(673, 'STAFF-WA-65972', 'Grace', 'Jane', 'Green', '08438986097', 'gracegreen@email.com', 'gracegreen@fakenhs.uk', '1987-11-03'),
			(674, 'STAFF-WA-17537', 'Jacob', 'Anne', 'Turner', '08849132764', 'jacobturner@email.com', 'jacobturner@fakenhs.uk', '1977-12-14'),
			(675, 'STAFF-WA-24229', 'Amelia', 'Faye', 'Taylor', '08720091276', 'ameliataylor@email.com', 'ameliataylor@fakenhs.uk', '1976-10-15'),
			(676, 'STAFF-WA-12568', 'Harper', 'Lee', 'Wright', '08720470914', 'harperwright@email.com', 'harperwright@fakenhs.uk', '1964-10-08'),
			(677, 'STAFF-WA-46449', 'Sophia', 'Rose', 'Harris', '08471048179', 'sophiaharris156@email.com', 'sophiaharris156@fakenhs.uk', '2000-03-14'),
			(678, 'STAFF-WA-57422', 'Charlotte', 'Hope', 'Martin', '08307978214', 'charlottemartin@email.com', 'charlottemartin@fakenhs.uk', '1987-06-07'),
			(679, 'STAFF-WA-97432', 'Samuel', 'Louise', 'Hill', '08316937567', 'samuelhill@email.com', 'samuelhill@fakenhs.uk', '1993-03-17'),
			(680, 'STAFF-WA-61469', 'Daniel', 'Marie', 'Wright', '08342712976', 'danielwright@email.com', 'danielwright@fakenhs.uk', '1975-06-27'),
			(681, 'STAFF-WA-83541', 'Ethan', NULL, 'Green', '08915628176', 'ethangreen@email.com', 'ethangreen@fakenhs.uk', '1991-03-17'),
			(682, 'STAFF-WA-96323', 'Oscar', 'Eve', 'Walker', '08660838892', 'oscarwalker@email.com', 'oscarwalker@fakenhs.uk', '1975-03-01'),
			(683, 'STAFF-WA-46007', 'Olivia', NULL, 'Thomas', '08741853163', 'oliviathomas@email.com', 'oliviathomas@fakenhs.uk', '1977-02-12'),
			(684, 'STAFF-WA-25827', 'Lily', NULL, 'Evans', '08218168029', 'lilyevans@email.com', 'lilyevans@fakenhs.uk', '1990-09-18'),
			(685, 'STAFF-WA-43986', 'Jacob', 'Marie', 'Johnson', '08535075960', 'jacobjohnson@email.com', 'jacobjohnson@fakenhs.uk', '1993-01-13'),
			(686, 'STAFF-WA-91107', 'Isabella', 'Jane', 'Hall', '08779564314', 'isabellahall@email.com', 'isabellahall@fakenhs.uk', '1969-11-11'),
			(687, 'STAFF-WA-23485', 'Daniel', 'Rose', 'Davies', '08690672129', 'danieldavies@email.com', 'danieldavies@fakenhs.uk', '1976-01-23'),
			(688, 'STAFF-WA-35227', 'Noah', 'Mae', 'Johnson', '08869459697', 'noahjohnson@email.com', 'noahjohnson@fakenhs.uk', '1986-12-12'),
			(689, 'STAFF-WA-63922', 'Ethan', 'James', 'Taylor', '08281826559', 'ethantaylor@email.com', 'ethantaylor@fakenhs.uk', '1997-06-13'),
			(690, 'STAFF-WA-20705', 'Lily', 'Grace', 'Lewis', '08401777107', 'lilylewis169@email.com', 'lilylewis169@fakenhs.uk', '1969-04-10'),
			(691, 'STAFF-WA-46245', 'Isabella', 'Jane', 'Wilson', '08654460645', 'isabellawilson@email.com', 'isabellawilson@fakenhs.uk', '1974-02-12'),
			(692, 'STAFF-WA-64677', 'Ethan', 'Marie', 'Lewis', '08838593929', 'ethanlewis@email.com', 'ethanlewis@fakenhs.uk', '1975-04-25'),
			(693, 'STAFF-WA-17342', 'Daniel', 'James', 'Roberts', '08671951286', 'danielroberts@email.com', 'danielroberts@fakenhs.uk', '1971-11-08'),
			(694, 'STAFF-WA-67052', 'Henry', 'Faye', 'Roberts', '08802839037', 'henryroberts@email.com', 'henryroberts@fakenhs.uk', '1977-02-17'),
			(695, 'STAFF-WA-81890', 'Olivia', 'Louise', 'Edwards', '08306079508', 'oliviaedwards@email.com', 'oliviaedwards@fakenhs.uk', '1980-05-27'),
			(696, 'STAFF-WA-84624', 'Henry', 'Marie', 'Hill', '08747536296', 'henryhill@email.com', 'henryhill@fakenhs.uk', '1984-07-14'),
			(697, 'STAFF-WA-49075', 'Samuel', 'Jane', 'Johnson', '08973324157', 'samueljohnson176@email.com', 'samueljohnson176@fakenhs.uk', '1992-03-07'),
			(698, 'STAFF-WA-78152', 'Jack', 'Louise', 'Scott', '08665819799', 'jackscott@email.com', 'jackscott@fakenhs.uk', '1997-03-07'),
			(699, 'STAFF-WA-73473', 'Logan', 'Mae', 'Davies', '08683475032', 'logandavies@email.com', 'logandavies@fakenhs.uk', '1992-10-04'),
			(700, 'STAFF-WA-74562', 'Samuel', 'Lee', 'Johnson', '08906546972', 'samueljohnson179@email.com', 'samueljohnson179@fakenhs.uk', '1991-04-07'),
			(701, 'STAFF-WA-81105', 'Jacob', 'Mae', 'Harris', '08570856739', 'jacobharris@email.com', 'jacobharris@fakenhs.uk', '1978-09-01'),
			(702, 'STAFF-WA-82187', 'Grace', 'Anne', 'Hill', '08888408411', 'gracehill@email.com', 'gracehill@fakenhs.uk', '1975-04-19'),
			(703, 'STAFF-WA-62525', 'Oscar', 'Rose', 'Harris', '08934356031', 'oscarharris@email.com', 'oscarharris@fakenhs.uk', '1962-06-13'),
			(704, 'STAFF-WA-76182', 'James', 'James', 'Hill', '08103568284', 'jameshill183@email.com', 'jameshill183@fakenhs.uk', '1996-06-17'),
			(705, 'STAFF-WA-26418', 'Samuel', 'James', 'Edwards', '08825926005', 'samueledwards@email.com', 'samueledwards@fakenhs.uk', '1976-06-18'),
			(706, 'STAFF-WA-30859', 'Benjamin', 'Jane', 'Evans', '08435734820', 'benjaminevans185@email.com', 'benjaminevans185@fakenhs.uk', '1987-08-03'),
			(707, 'STAFF-WA-64505', 'Liam', NULL, 'Wright', '08890868106', 'liamwright@email.com', 'liamwright@fakenhs.uk', '1974-06-20'),
			(708, 'STAFF-WA-20149', 'Samuel', NULL, 'Turner', '08414863165', 'samuelturner@email.com', 'samuelturner@fakenhs.uk', '1971-08-06'),
			(709, 'STAFF-WA-91666', 'Benjamin', 'James', 'Taylor', '08997697648', 'benjamintaylor@email.com', 'benjamintaylor@fakenhs.uk', '1970-09-10'),
			(710, 'STAFF-WA-65424', 'Daniel', 'Lee', 'Roberts', '08238043226', 'danielroberts189@email.com', 'danielroberts189@fakenhs.uk', '1981-01-20'),
			(711, 'STAFF-WA-71273', 'Ava', 'James', 'Turner', '08576990152', 'avaturner@email.com', 'avaturner@fakenhs.uk', '1963-03-20'),
			(712, 'STAFF-WA-88414', 'Amelia', 'Hope', 'Hall', '08361556279', 'ameliahall191@email.com', 'ameliahall191@fakenhs.uk', '1994-09-01'),
			(713, 'STAFF-WA-79867', 'Lucas', 'Hope', 'Clark', '08921262792', 'lucasclark@email.com', 'lucasclark@fakenhs.uk', '1960-01-23'),
			(714, 'STAFF-WA-24525', 'Ava', 'Louise', 'Wilson', '08425421651', 'avawilson@email.com', 'avawilson@fakenhs.uk', '1973-10-28'),
			(715, 'STAFF-WA-66756', 'Charlotte', 'James', 'Ward', '08574390767', 'charlotteward194@email.com', 'charlotteward194@fakenhs.uk', '1984-01-12'),
			(716, 'STAFF-WA-81126', 'Jacob', 'Jane', 'Jones', '08238774451', 'jacobjones195@email.com', 'jacobjones195@fakenhs.uk', '1978-11-12'),
			(717, 'STAFF-WA-64106', 'Jack', 'Faye', 'Jones', '08299406675', 'jackjones@email.com', 'jackjones@fakenhs.uk', '1980-06-19'),
			(718, 'STAFF-WA-44041', 'Olivia', 'Grace', 'Baker', '08151561775', 'oliviabaker@email.com', 'oliviabaker@fakenhs.uk', '1994-04-19'),
			(719, 'STAFF-WA-33211', 'Logan', 'Rose', 'Turner', '08906913313', 'loganturner@email.com', 'loganturner@fakenhs.uk', '1996-12-23'),
			(720, 'STAFF-WA-55689', 'Zoe', 'James', 'Morris', '08255650568', 'zoemorris@email.com', 'zoemorris@fakenhs.uk', '1981-07-24'),
			(721, 'STAFF-SC-67771', 'Olivia', 'Jane', 'Smith', '08176470814', 'oliviasmith@email.com', 'oliviasmith@fakenhs.uk', '1991-09-07'),
			(722, 'STAFF-SC-52015', 'James', 'Faye', 'Jones', '08523432337', 'jamesjones@email.com', 'jamesjones@fakenhs.uk', '1966-01-18'),
			(723, 'STAFF-SC-98885', 'Noah', 'Hope', 'Jones', '08977942122', 'noahjones@email.com', 'noahjones@fakenhs.uk', '1960-04-20'),
			(724, 'STAFF-SC-63337', 'Benjamin', 'Hope', 'Smith', '08739849706', 'benjaminsmith@email.com', 'benjaminsmith@fakenhs.uk', '1979-11-09'),
			(725, 'STAFF-SC-63521', 'Harper', 'Jane', 'Morris', '08919241250', 'harpermorris@email.com', 'harpermorris@fakenhs.uk', '1986-07-23'),
			(726, 'STAFF-SC-13275', 'Logan', 'Jane', 'Turner', '08428406368', 'loganturner205@email.com', 'loganturner205@fakenhs.uk', '1965-09-15'),
			(727, 'STAFF-SC-84862', 'Hannah', NULL, 'Green', '08514929672', 'hannahgreen@email.com', 'hannahgreen@fakenhs.uk', '1989-08-25'),
			(728, 'STAFF-SC-23254', 'Jacob', NULL, 'Edwards', '08326927455', 'jacobedwards207@email.com', 'jacobedwards207@fakenhs.uk', '1991-07-15'),
			(729, 'STAFF-SC-51807', 'Jack', NULL, 'Wilson', '08574701819', 'jackwilson208@email.com', 'jackwilson208@fakenhs.uk', '1967-05-04'),
			(730, 'STAFF-SC-28092', 'Matthew', 'Mae', 'Roberts', '08824160228', 'matthewroberts@email.com', 'matthewroberts@fakenhs.uk', '1997-09-07'),
			(731, 'STAFF-SC-48406', 'Jack', 'Lee', 'Wilson', '08397658522', 'jackwilson210@email.com', 'jackwilson210@fakenhs.uk', '1978-11-18'),
			(732, 'STAFF-SC-19523', 'Jacob', NULL, 'King', '08953858242', 'jacobking@email.com', 'jacobking@fakenhs.uk', '1968-06-25'),
			(733, 'STAFF-SC-60971', 'Zoe', 'Jane', 'Davies', '08185566203', 'zoedavies@email.com', 'zoedavies@fakenhs.uk', '1993-11-01'),
			(734, 'STAFF-SC-97275', 'Jack', 'Hope', 'Wright', '08461932308', 'jackwright@email.com', 'jackwright@fakenhs.uk', '1973-10-05'),
			(735, 'STAFF-SC-27750', 'Chloe', 'Jane', 'Edwards', '08336517060', 'chloeedwards@email.com', 'chloeedwards@fakenhs.uk', '1981-04-17'),
			(736, 'STAFF-SC-39660', 'Harper', 'Mae', 'Lewis', '08843433120', 'harperlewis@email.com', 'harperlewis@fakenhs.uk', '1978-07-27'),
			(737, 'STAFF-SC-99167', 'Mia', 'Lee', 'Johnson', '08698086408', 'miajohnson@email.com', 'miajohnson@fakenhs.uk', '1960-08-18'),
			(738, 'STAFF-SC-67585', 'Charlotte', 'Hope', 'Davies', '08379771423', 'charlottedavies@email.com', 'charlottedavies@fakenhs.uk', '1977-02-16'),
			(739, 'STAFF-SC-59750', 'Lucas', 'Anne', 'Young', '08603448999', 'lucasyoung@email.com', 'lucasyoung@fakenhs.uk', '1995-06-02'),
			(740, 'STAFF-SC-96398', 'Mia', 'Hope', 'Wilson', '08208018132', 'miawilson219@email.com', 'miawilson219@fakenhs.uk', '1965-02-13'),
			(741, 'STAFF-SC-83326', 'Olivia', 'Marie', 'Brown', '08272246227', 'oliviabrown@email.com', 'oliviabrown@fakenhs.uk', '1975-09-18'),
			(742, 'STAFF-SC-34764', 'Mia', NULL, 'Roberts', '08287003870', 'miaroberts@email.com', 'miaroberts@fakenhs.uk', '1995-05-11'),
			(743, 'STAFF-SC-29852', 'James', 'Eve', 'Martin', '08251223054', 'jamesmartin@email.com', 'jamesmartin@fakenhs.uk', '1994-04-11'),
			(744, 'STAFF-SC-88252', 'Logan', 'James', 'Martin', '08506794449', 'loganmartin@email.com', 'loganmartin@fakenhs.uk', '1975-08-14'),
			(745, 'STAFF-SC-47586', 'Charlotte', 'Jane', 'Edwards', '08402502610', 'charlotteedwards@email.com', 'charlotteedwards@fakenhs.uk', '1989-08-28'),
			(746, 'STAFF-SC-97043', 'Logan', 'Jane', 'Harris', '08561837493', 'loganharris@email.com', 'loganharris@fakenhs.uk', '1977-08-24'),
			(747, 'STAFF-SC-23014', 'Logan', 'Marie', 'Edwards', '08385499334', 'loganedwards@email.com', 'loganedwards@fakenhs.uk', '1972-08-26'),
			(748, 'STAFF-SC-21286', 'Jacob', 'Anne', 'Johnson', '08462474886', 'jacobjohnson227@email.com', 'jacobjohnson227@fakenhs.uk', '1963-07-21'),
			(749, 'STAFF-SC-97306', 'Benjamin', 'Faye', 'Thomas', '08271787114', 'benjaminthomas@email.com', 'benjaminthomas@fakenhs.uk', '1990-01-02'),
			(750, 'STAFF-SC-83430', 'Mia', 'Marie', 'Baker', '08308072499', 'miabaker@email.com', 'miabaker@fakenhs.uk', '1970-08-22'),
			(751, 'STAFF-SC-17585', 'Lucas', NULL, 'Evans', '08879857974', 'lucasevans@email.com', 'lucasevans@fakenhs.uk', '1960-04-08'),
			(752, 'STAFF-SC-39797', 'Ava', 'Mae', 'Baker', '08415906170', 'avabaker@email.com', 'avabaker@fakenhs.uk', '1987-09-12'),
			(753, 'STAFF-SC-61071', 'Grace', 'Lee', 'King', '08264656699', 'graceking@email.com', 'graceking@fakenhs.uk', '1961-05-05'),
			(754, 'STAFF-SC-20600', 'James', 'James', 'Hill', '08557159139', 'jameshill233@email.com', 'jameshill233@fakenhs.uk', '1995-08-27'),
			(755, 'STAFF-SC-57723', 'Grace', 'Marie', 'Young', '08688931842', 'graceyoung@email.com', 'graceyoung@fakenhs.uk', '1985-07-20'),
			(756, 'STAFF-SC-26674', 'James', 'Louise', 'Young', '08857454805', 'jamesyoung@email.com', 'jamesyoung@fakenhs.uk', '1979-05-15'),
			(757, 'STAFF-SC-37779', 'Charlotte', 'Louise', 'Harris', '08444545491', 'charlotteharris236@email.com', 'charlotteharris236@fakenhs.uk', '1981-05-03'),
			(758, 'STAFF-SC-36775', 'Daniel', 'Lee', 'Turner', '08837481730', 'danielturner@email.com', 'danielturner@fakenhs.uk', '1988-01-25'),
			(759, 'STAFF-SC-49921', 'Ava', 'Lee', 'Morris', '08850015112', 'avamorris238@email.com', 'avamorris238@fakenhs.uk', '1974-10-10'),
			(760, 'STAFF-SC-62883', 'Amelia', 'Faye', 'Taylor', '08269115716', 'ameliataylor239@email.com', 'ameliataylor239@fakenhs.uk', '1987-12-23'),
			(761, 'STAFF-SC-48880', 'James', 'Lee', 'Thomas', '08841854143', 'jamesthomas@email.com', 'jamesthomas@fakenhs.uk', '1988-03-15'),
			(762, 'STAFF-SC-57768', 'Matthew', 'Rose', 'Jones', '08565258111', 'matthewjones241@email.com', 'matthewjones241@fakenhs.uk', '1996-07-25'),
			(763, 'STAFF-SC-89609', 'Samuel', 'Marie', 'Edwards', '08488859765', 'samueledwards242@email.com', 'samueledwards242@fakenhs.uk', '1970-11-07'),
			(764, 'STAFF-SC-88930', 'Ethan', 'Eve', 'Allen', '08960629917', 'ethanallen@email.com', 'ethanallen@fakenhs.uk', '1982-02-03'),
			(765, 'STAFF-SC-68713', 'Amelia', 'Hope', 'Lewis', '08532199119', 'amelialewis@email.com', 'amelialewis@fakenhs.uk', '1960-12-17'),
			(766, 'STAFF-SC-95103', 'Olivia', 'Mae', 'Lewis', '08744479605', 'olivialewis@email.com', 'olivialewis@fakenhs.uk', '1983-06-16'),
			(767, 'STAFF-SC-73486', 'Hannah', 'Rose', 'Hill', '08242115893', 'hannahhill@email.com', 'hannahhill@fakenhs.uk', '1985-02-28'),
			(768, 'STAFF-SC-44399', 'Lucas', 'Lee', 'Harris', '08583729833', 'lucasharris@email.com', 'lucasharris@fakenhs.uk', '1963-04-26'),
			(769, 'STAFF-SC-57631', 'Lily', 'Jane', 'Davies', '08962338928', 'lilydavies248@email.com', 'lilydavies248@fakenhs.uk', '1963-04-10'),
			(770, 'STAFF-SC-65096', 'Lily', 'Grace', 'Ward', '08909660866', 'lilyward@email.com', 'lilyward@fakenhs.uk', '1979-01-12'),
			(771, 'STAFF-SC-74492', 'Jack', 'Grace', 'Wright', '08104290721', 'jackwright250@email.com', 'jackwright250@fakenhs.uk', '1983-06-19'),
			(772, 'STAFF-SC-37354', 'Matthew', 'Faye', 'Lewis', '08645019971', 'matthewlewis251@email.com', 'matthewlewis251@fakenhs.uk', '1971-03-20'),
			(773, 'STAFF-SC-28532', 'Chloe', 'Eve', 'Brown', '08822475536', 'chloebrown@email.com', 'chloebrown@fakenhs.uk', '1963-01-12'),
			(774, 'STAFF-SC-97427', 'Ethan', 'Grace', 'King', '08246690139', 'ethanking@email.com', 'ethanking@fakenhs.uk', '1995-05-03'),
			(775, 'STAFF-SC-46543', 'Chloe', 'Lee', 'Brown', '08285029617', 'chloebrown254@email.com', 'chloebrown254@fakenhs.uk', '1973-08-08'),
			(776, 'STAFF-SC-55773', 'Logan', 'Lee', 'Clark', '08547282166', 'loganclark@email.com', 'loganclark@fakenhs.uk', '1995-04-28'),
			(777, 'STAFF-SC-27812', 'Harper', 'Louise', 'Roberts', '08204121951', 'harperroberts@email.com', 'harperroberts@fakenhs.uk', '1971-09-19'),
			(778, 'STAFF-SC-27742', 'Ella', 'Jane', 'Williams', '08459524214', 'ellawilliams@email.com', 'ellawilliams@fakenhs.uk', '1972-12-08'),
			(779, 'STAFF-SC-90573', 'Jacob', 'Louise', 'Smith', '08584093208', 'jacobsmith@email.com', 'jacobsmith@fakenhs.uk', '1978-04-19'),
			(780, 'STAFF-SC-60200', 'Alexander', 'Lee', 'Roberts', '08347875352', 'alexanderroberts@email.com', 'alexanderroberts@fakenhs.uk', '1972-04-13'),
			(781, 'STAFF-SC-73404', 'Henry', 'Louise', 'Ward', '08116190837', 'henryward@email.com', 'henryward@fakenhs.uk', '1977-01-04'),
			(782, 'STAFF-SC-66773', 'Amelia', 'Jane', 'Jones', '08764850021', 'ameliajones@email.com', 'ameliajones@fakenhs.uk', '1986-01-11'),
			(783, 'STAFF-SC-77163', 'Zoe', 'Jane', 'Johnson', '08133873203', 'zoejohnson@email.com', 'zoejohnson@fakenhs.uk', '1978-05-06'),
			(784, 'STAFF-SC-23647', 'Henry', 'Jane', 'Hill', '08895428904', 'henryhill263@email.com', 'henryhill263@fakenhs.uk', '1971-06-02'),
			(785, 'STAFF-SC-85175', 'Jacob', 'Jane', 'Brown', '08128641805', 'jacobbrown264@email.com', 'jacobbrown264@fakenhs.uk', '1992-07-26'),
			(786, 'STAFF-SC-94778', 'James', 'Eve', 'Turner', '08996992321', 'jamesturner265@email.com', 'jamesturner265@fakenhs.uk', '1960-01-15'),
			(787, 'STAFF-SC-97677', 'Lucas', 'Lee', 'Clark', '08379346241', 'lucasclark266@email.com', 'lucasclark266@fakenhs.uk', '1990-12-11'),
			(788, 'STAFF-SC-57562', 'Mia', 'Marie', 'Clark', '08826039046', 'miaclark267@email.com', 'miaclark267@fakenhs.uk', '1962-09-20'),
			(789, 'STAFF-SC-73310', 'Samuel', 'Louise', 'Smith', '08978883268', 'samuelsmith268@email.com', 'samuelsmith268@fakenhs.uk', '1985-03-25'),
			(790, 'STAFF-SC-33286', 'Alexander', 'Faye', 'Davies', '08900201611', 'alexanderdavies@email.com', 'alexanderdavies@fakenhs.uk', '1967-01-07'),
			(791, 'STAFF-SC-36886', 'Ella', 'Lee', 'Roberts', '08161735849', 'ellaroberts@email.com', 'ellaroberts@fakenhs.uk', '1982-04-19'),
			(792, 'STAFF-SC-51251', 'Lily', 'Rose', 'Brown', '08151744587', 'lilybrown@email.com', 'lilybrown@fakenhs.uk', '1990-10-15'),
			(793, 'STAFF-SC-21096', 'Noah', NULL, 'Hill', '08854970686', 'noahhill@email.com', 'noahhill@fakenhs.uk', '1988-03-19'),
			(794, 'STAFF-SC-21383', 'Ethan', 'Hope', 'Brown', '08777097009', 'ethanbrown273@email.com', 'ethanbrown273@fakenhs.uk', '1974-08-04'),
			(795, 'STAFF-SC-91157', 'Benjamin', 'Hope', 'Scott', '08613068689', 'benjaminscott@email.com', 'benjaminscott@fakenhs.uk', '1999-02-23'),
			(796, 'STAFF-SC-98328', 'Grace', 'Rose', 'Edwards', '08989808249', 'graceedwards@email.com', 'graceedwards@fakenhs.uk', '1991-07-05'),
			(797, 'STAFF-SC-23786', 'Sophia', 'Lee', 'King', '08275011367', 'sophiaking@email.com', 'sophiaking@fakenhs.uk', '1986-12-02'),
			(798, 'STAFF-SC-44703', 'Benjamin', 'Faye', 'Brown', '08742425298', 'benjaminbrown@email.com', 'benjaminbrown@fakenhs.uk', '1981-12-28'),
			(799, 'STAFF-SC-85075', 'Harper', 'Eve', 'Morris', '08384509298', 'harpermorris278@email.com', 'harpermorris278@fakenhs.uk', '1979-07-10'),
			(800, 'STAFF-SC-27906', 'Emily', 'Grace', 'Johnson', '08399447101', 'emilyjohnson@email.com', 'emilyjohnson@fakenhs.uk', '1965-03-26'),
			(801, 'STAFF-SC-61830', 'Ella', 'Faye', 'Wilson', '08174301214', 'ellawilson280@email.com', 'ellawilson280@fakenhs.uk', '1992-01-23'),
			(802, 'STAFF-SC-29472', 'Harper', 'Mae', 'Turner', '08978810475', 'harperturner281@email.com', 'harperturner281@fakenhs.uk', '1961-08-16'),
			(803, 'STAFF-SC-45822', 'Ava', 'Marie', 'Clark', '08135878388', 'avaclark@email.com', 'avaclark@fakenhs.uk', '1994-01-03'),
			(804, 'STAFF-SC-50327', 'Zoe', 'Marie', 'Williams', '08245040605', 'zoewilliams283@email.com', 'zoewilliams283@fakenhs.uk', '1987-06-27'),
			(805, 'STAFF-SC-88619', 'Ella', 'Hope', 'Young', '08899360254', 'ellayoung@email.com', 'ellayoung@fakenhs.uk', '1967-01-16'),
			(806, 'STAFF-SC-79993', 'Hannah', 'Lee', 'Wright', '08663738939', 'hannahwright@email.com', 'hannahwright@fakenhs.uk', '1982-09-22'),
			(807, 'STAFF-SC-89726', 'Amelia', 'Eve', 'Evans', '08449906043', 'ameliaevans@email.com', 'ameliaevans@fakenhs.uk', '1997-09-05'),
			(808, 'STAFF-SC-79861', 'Zoe', 'Faye', 'Edwards', '08694168881', 'zoeedwards@email.com', 'zoeedwards@fakenhs.uk', '1994-07-16'),
			(809, 'STAFF-SC-29372', 'Noah', 'Louise', 'Allen', '08173112992', 'noahallen@email.com', 'noahallen@fakenhs.uk', '1996-03-21'),
			(810, 'STAFF-SC-56109', 'Henry', 'Jane', 'Morris', '08929971451', 'henrymorris@email.com', 'henrymorris@fakenhs.uk', '1998-08-09'),
			(811, 'STAFF-SC-19627', 'Lily', 'Jane', 'Morris', '08623494296', 'lilymorris@email.com', 'lilymorris@fakenhs.uk', '1961-05-13'),
			(812, 'STAFF-SC-90266', 'Harper', 'Marie', 'Green', '08996253819', 'harpergreen291@email.com', 'harpergreen291@fakenhs.uk', '1960-08-13'),
			(813, 'STAFF-SC-28321', 'Charlotte', 'James', 'Jones', '08663827746', 'charlottejones@email.com', 'charlottejones@fakenhs.uk', '1967-07-18'),
			(814, 'STAFF-SC-37145', 'Ava', 'Lee', 'Roberts', '08298109747', 'avaroberts@email.com', 'avaroberts@fakenhs.uk', '1962-05-04'),
			(815, 'STAFF-SC-36123', 'Ella', 'Jane', 'Johnson', '08671258231', 'ellajohnson@email.com', 'ellajohnson@fakenhs.uk', '1990-02-18'),
			(816, 'STAFF-SC-67100', 'Sophia', 'Jane', 'Harris', '08104654726', 'sophiaharris295@email.com', 'sophiaharris295@fakenhs.uk', '1970-12-05'),
			(817, 'STAFF-SC-98146', 'Lily', 'Mae', 'Cooper', '08610929994', 'lilycooper296@email.com', 'lilycooper296@fakenhs.uk', '1964-07-19'),
			(818, 'STAFF-SC-36340', 'Oscar', 'Faye', 'Morris', '08231592952', 'oscarmorris@email.com', 'oscarmorris@fakenhs.uk', '1961-12-25'),
			(819, 'STAFF-SC-39345', 'Noah', 'Eve', 'Scott', '08732541547', 'noahscott@email.com', 'noahscott@fakenhs.uk', '1998-11-06'),
			(820, 'STAFF-SC-57605', 'Harper', 'Grace', 'Jones', '08715043987', 'harperjones@email.com', 'harperjones@fakenhs.uk', '1967-01-10'),
			(821, 'STAFF-NI-75076', 'Amelia', 'Hope', 'Scott', '08322274227', 'ameliascott@email.com', 'ameliascott@fakenhs.uk', '1977-08-21'),
			(822, 'STAFF-NI-89051', 'Sophia', 'Mae', 'Lewis', '08759509428', 'sophialewis@email.com', 'sophialewis@fakenhs.uk', '1990-08-02'),
			(823, 'STAFF-NI-38571', 'Ethan', 'Marie', 'Smith', '08623669482', 'ethansmith@email.com', 'ethansmith@fakenhs.uk', '1979-05-01'),
			(824, 'STAFF-NI-60422', 'Ella', 'Jane', 'Jones', '08229848556', 'ellajones@email.com', 'ellajones@fakenhs.uk', '1961-11-02'),
			(825, 'STAFF-NI-97357', 'Olivia', 'James', 'Wright', '08492437987', 'oliviawright@email.com', 'oliviawright@fakenhs.uk', '1984-01-27'),
			(826, 'STAFF-NI-53177', 'Chloe', NULL, 'Smith', '08488996810', 'chloesmith@email.com', 'chloesmith@fakenhs.uk', '1963-06-06'),
			(827, 'STAFF-NI-60155', 'Ella', 'Grace', 'Allen', '08376715927', 'ellaallen@email.com', 'ellaallen@fakenhs.uk', '1965-08-15'),
			(828, 'STAFF-NI-19002', 'Ethan', 'Jane', 'Green', '08630458132', 'ethangreen307@email.com', 'ethangreen307@fakenhs.uk', '1965-04-28'),
			(829, 'STAFF-NI-52604', 'Grace', 'Lee', 'Ward', '08292461253', 'graceward@email.com', 'graceward@fakenhs.uk', '1996-10-08'),
			(830, 'STAFF-NI-27365', 'Matthew', 'Grace', 'Clark', '08332380907', 'matthewclark@email.com', 'matthewclark@fakenhs.uk', '1960-05-07'),
			(831, 'STAFF-NI-92891', 'Oscar', 'Anne', 'Wright', '08250980472', 'oscarwright@email.com', 'oscarwright@fakenhs.uk', '1970-02-26'),
			(832, 'STAFF-NI-96522', 'Henry', 'Rose', 'Roberts', '08486648812', 'henryroberts311@email.com', 'henryroberts311@fakenhs.uk', '1988-04-25'),
			(833, 'STAFF-NI-77596', 'Amelia', 'Eve', 'Roberts', '08162099295', 'ameliaroberts@email.com', 'ameliaroberts@fakenhs.uk', '1999-08-11'),
			(834, 'STAFF-NI-61376', 'Grace', 'Lee', 'Davies', '08598828230', 'gracedavies@email.com', 'gracedavies@fakenhs.uk', '1966-07-27'),
			(835, 'STAFF-NI-69226', 'Logan', 'Anne', 'Allen', '08693872832', 'loganallen@email.com', 'loganallen@fakenhs.uk', '1997-09-06'),
			(836, 'STAFF-NI-72221', 'Ethan', 'Mae', 'Wilson', '08200516070', 'ethanwilson@email.com', 'ethanwilson@fakenhs.uk', '1973-05-28'),
			(837, 'STAFF-NI-45122', 'Ava', 'Mae', 'Evans', '08353815733', 'avaevans@email.com', 'avaevans@fakenhs.uk', '1970-12-26'),
			(838, 'STAFF-NI-75949', 'Logan', 'Rose', 'Wright', '08981597988', 'loganwright@email.com', 'loganwright@fakenhs.uk', '1963-09-06'),
			(839, 'STAFF-NI-34074', 'Harper', NULL, 'Brown', '08443069914', 'harperbrown318@email.com', 'harperbrown318@fakenhs.uk', '1987-07-15'),
			(840, 'STAFF-NI-43699', 'Samuel', 'Louise', 'Brown', '08425904448', 'samuelbrown@email.com', 'samuelbrown@fakenhs.uk', '1977-07-18'),
			(841, 'STAFF-NI-33386', 'Daniel', 'Grace', 'Williams', '08399310697', 'danielwilliams@email.com', 'danielwilliams@fakenhs.uk', '1970-04-10'),
			(842, 'STAFF-NI-78109', 'James', 'Faye', 'Wright', '08711536118', 'jameswright@email.com', 'jameswright@fakenhs.uk', '1967-05-06'),
			(843, 'STAFF-NI-14871', 'Matthew', 'Louise', 'Harris', '08749707496', 'matthewharris@email.com', 'matthewharris@fakenhs.uk', '1974-09-12'),
			(844, 'STAFF-NI-76090', 'Liam', 'Anne', 'Edwards', '08711760657', 'liamedwards@email.com', 'liamedwards@fakenhs.uk', '1978-01-21'),
			(845, 'STAFF-NI-72909', 'Jack', 'Rose', 'Edwards', '08103031047', 'jackedwards@email.com', 'jackedwards@fakenhs.uk', '1990-09-22'),
			(846, 'STAFF-NI-98988', 'Jack', 'Eve', 'Williams', '08237568854', 'jackwilliams@email.com', 'jackwilliams@fakenhs.uk', '2000-01-21'),
			(847, 'STAFF-NI-94970', 'Jacob', 'Faye', 'Johnson', '08213220461', 'jacobjohnson326@email.com', 'jacobjohnson326@fakenhs.uk', '1977-11-28'),
			(848, 'STAFF-NI-17857', 'Ella', NULL, 'Hall', '08400920017', 'ellahall@email.com', 'ellahall@fakenhs.uk', '1987-02-05'),
			(849, 'STAFF-NI-35630', 'Isabella', 'Mae', 'Allen', '08625265597', 'isabellaallen@email.com', 'isabellaallen@fakenhs.uk', '1979-06-27'),
			(850, 'STAFF-NI-67646', 'Lucas', 'Anne', 'Morris', '08265173103', 'lucasmorris@email.com', 'lucasmorris@fakenhs.uk', '1986-11-06'),
			(851, 'STAFF-NI-75527', 'Chloe', 'Faye', 'Cooper', '08575473223', 'chloecooper@email.com', 'chloecooper@fakenhs.uk', '1975-06-06'),
			(852, 'STAFF-NI-50914', 'Grace', 'Eve', 'King', '08146736813', 'graceking331@email.com', 'graceking331@fakenhs.uk', '1969-11-12'),
			(853, 'STAFF-NI-86962', 'Oscar', 'Louise', 'Turner', '08313388442', 'oscarturner332@email.com', 'oscarturner332@fakenhs.uk', '1989-09-24'),
			(854, 'STAFF-NI-11297', 'Charlotte', 'Lee', 'Harris', '08789849719', 'charlotteharris333@email.com', 'charlotteharris333@fakenhs.uk', '1998-11-09'),
			(855, 'STAFF-NI-29002', 'Isabella', 'Lee', 'Thomas', '08710751520', 'isabellathomas334@email.com', 'isabellathomas334@fakenhs.uk', '1999-08-15'),
			(856, 'STAFF-NI-88383', 'Matthew', 'Faye', 'Lewis', '08874294567', 'matthewlewis335@email.com', 'matthewlewis335@fakenhs.uk', '1983-09-08'),
			(857, 'STAFF-NI-11577', 'Noah', 'Hope', 'Martin', '08722774525', 'noahmartin@email.com', 'noahmartin@fakenhs.uk', '1979-10-26'),
			(858, 'STAFF-NI-62383', 'Jacob', NULL, 'King', '08951078674', 'jacobking337@email.com', 'jacobking337@fakenhs.uk', '1997-03-23'),
			(859, 'STAFF-NI-29963', 'Zoe', 'Jane', 'Lewis', '08639364122', 'zoelewis@email.com', 'zoelewis@fakenhs.uk', '1980-10-03'),
			(860, 'STAFF-NI-43394', 'Lucas', 'Anne', 'Allen', '08930785659', 'lucasallen@email.com', 'lucasallen@fakenhs.uk', '1984-02-14'),
			(861, 'STAFF-NI-77284', 'Harper', 'Marie', 'Jones', '08325429738', 'harperjones340@email.com', 'harperjones340@fakenhs.uk', '1963-01-09'),
			(862, 'STAFF-NI-19565', 'Samuel', 'Anne', 'Evans', '08541820504', 'samuelevans@email.com', 'samuelevans@fakenhs.uk', '1979-05-11'),
			(863, 'STAFF-NI-79108', 'James', 'Hope', 'Young', '08329990712', 'jamesyoung342@email.com', 'jamesyoung342@fakenhs.uk', '1967-03-25'),
			(864, 'STAFF-NI-53013', 'Mia', 'Jane', 'Hall', '08166873028', 'miahall@email.com', 'miahall@fakenhs.uk', '1999-09-25'),
			(865, 'STAFF-NI-14383', 'Emily', 'Rose', 'Taylor', '08130840346', 'emilytaylor@email.com', 'emilytaylor@fakenhs.uk', '1991-03-16'),
			(866, 'STAFF-NI-25894', 'Harper', 'Lee', 'Roberts', '08908286505', 'harperroberts345@email.com', 'harperroberts345@fakenhs.uk', '1987-11-06'),
			(867, 'STAFF-NI-23752', 'Logan', 'Faye', 'Evans', '08383673971', 'loganevans@email.com', 'loganevans@fakenhs.uk', '1980-07-02'),
			(868, 'STAFF-NI-44532', 'Zoe', 'Hope', 'Williams', '08272066621', 'zoewilliams347@email.com', 'zoewilliams347@fakenhs.uk', '1974-08-28'),
			(869, 'STAFF-NI-33776', 'Oscar', 'Jane', 'Evans', '08608624879', 'oscarevans@email.com', 'oscarevans@fakenhs.uk', '1970-07-22'),
			(870, 'STAFF-NI-45748', 'Noah', 'Louise', 'Baker', '08728763378', 'noahbaker@email.com', 'noahbaker@fakenhs.uk', '1973-12-07'),
			(871, 'STAFF-NI-21814', 'Ava', 'James', 'King', '08506536012', 'avaking350@email.com', 'avaking350@fakenhs.uk', '1999-09-20'),
			(872, 'STAFF-NI-22786', 'Benjamin', 'Faye', 'Hill', '08540080946', 'benjaminhill@email.com', 'benjaminhill@fakenhs.uk', '1991-02-05'),
			(873, 'STAFF-NI-78956', 'Chloe', 'Louise', 'Clark', '08127510898', 'chloeclark@email.com', 'chloeclark@fakenhs.uk', '1979-08-07'),
			(874, 'STAFF-NI-86080', 'Amelia', 'Rose', 'Lewis', '08183239416', 'amelialewis353@email.com', 'amelialewis353@fakenhs.uk', '1964-10-25'),
			(875, 'STAFF-NI-75808', 'Noah', NULL, 'Roberts', '08967111659', 'noahroberts@email.com', 'noahroberts@fakenhs.uk', '1962-08-14'),
			(876, 'STAFF-NI-95777', 'Jacob', 'Faye', 'King', '08654520858', 'jacobking355@email.com', 'jacobking355@fakenhs.uk', '1999-09-01'),
			(877, 'STAFF-NI-47180', 'Liam', 'Eve', 'Taylor', '08564640058', 'liamtaylor@email.com', 'liamtaylor@fakenhs.uk', '1970-07-26'),
			(878, 'STAFF-NI-67073', 'Jack', 'Louise', 'Brown', '08251754249', 'jackbrown@email.com', 'jackbrown@fakenhs.uk', '1978-09-08'),
			(879, 'STAFF-NI-25387', 'Sophia', 'Marie', 'Allen', '08961657098', 'sophiaallen358@email.com', 'sophiaallen358@fakenhs.uk', '1963-03-19'),
			(880, 'STAFF-NI-55051', 'Jack', NULL, 'Thomas', '08853114566', 'jackthomas359@email.com', 'jackthomas359@fakenhs.uk', '1986-04-19'),
			(881, 'STAFF-NI-61109', 'Logan', 'Louise', 'Turner', '08306508446', 'loganturner360@email.com', 'loganturner360@fakenhs.uk', '1987-06-23'),
			(882, 'STAFF-NI-66991', 'Zoe', 'Eve', 'Morris', '08297259850', 'zoemorris361@email.com', 'zoemorris361@fakenhs.uk', '1985-04-10'),
			(883, 'STAFF-NI-28777', 'Samuel', 'Faye', 'Davies', '08424860781', 'samueldavies@email.com', 'samueldavies@fakenhs.uk', '1964-02-09'),
			(884, 'STAFF-NI-93730', 'Jacob', 'Grace', 'Morris', '08254258088', 'jacobmorris@email.com', 'jacobmorris@fakenhs.uk', '1972-02-24'),
			(885, 'STAFF-NI-90442', 'Matthew', 'Eve', 'Wilson', '08944838694', 'matthewwilson@email.com', 'matthewwilson@fakenhs.uk', '1980-12-18'),
			(886, 'STAFF-NI-63636', 'Daniel', 'James', 'Allen', '08869190315', 'danielallen@email.com', 'danielallen@fakenhs.uk', '1976-08-02'),
			(887, 'STAFF-NI-46282', 'Ella', 'Louise', 'Lewis', '08249579189', 'ellalewis@email.com', 'ellalewis@fakenhs.uk', '1972-04-28'),
			(888, 'STAFF-NI-77899', 'Alexander', 'Louise', 'Smith', '08370328138', 'alexandersmith@email.com', 'alexandersmith@fakenhs.uk', '1981-10-16'),
			(889, 'STAFF-NI-13493', 'Samuel', 'Louise', 'Johnson', '08566870316', 'samueljohnson368@email.com', 'samueljohnson368@fakenhs.uk', '1997-04-14'),
			(890, 'STAFF-NI-15610', 'Samuel', 'Anne', 'Brown', '08983663559', 'samuelbrown369@email.com', 'samuelbrown369@fakenhs.uk', '1974-09-18'),
			(891, 'STAFF-NI-35048', 'Hannah', 'Marie', 'Martin', '08730742251', 'hannahmartin@email.com', 'hannahmartin@fakenhs.uk', '1993-03-25'),
			(892, 'STAFF-NI-92763', 'Charlotte', 'Faye', 'Ward', '08914432090', 'charlotteward371@email.com', 'charlotteward371@fakenhs.uk', '1985-04-12'),
			(893, 'STAFF-NI-49952', 'Noah', 'Mae', 'Harris', '08990414763', 'noahharris@email.com', 'noahharris@fakenhs.uk', '1999-08-08'),
			(894, 'STAFF-NI-77326', 'Isabella', 'Mae', 'Cooper', '08614880474', 'isabellacooper@email.com', 'isabellacooper@fakenhs.uk', '1985-11-16'),
			(895, 'STAFF-NI-83814', 'James', 'Marie', 'Brown', '08751094542', 'jamesbrown@email.com', 'jamesbrown@fakenhs.uk', '2000-12-15'),
			(896, 'STAFF-NI-62106', 'Chloe', 'Jane', 'Williams', '08972101806', 'chloewilliams@email.com', 'chloewilliams@fakenhs.uk', '1960-12-11'),
			(897, 'STAFF-NI-46344', 'Harper', 'James', 'Jones', '08425001494', 'harperjones376@email.com', 'harperjones376@fakenhs.uk', '1986-09-03'),
			(898, 'STAFF-NI-58682', 'Chloe', 'Hope', 'Green', '08975216869', 'chloegreen@email.com', 'chloegreen@fakenhs.uk', '1999-08-08'),
			(899, 'STAFF-NI-78645', 'Ava', 'Marie', 'Scott', '08752416172', 'avascott@email.com', 'avascott@fakenhs.uk', '1995-08-01'),
			(900, 'STAFF-NI-90679', 'Logan', 'Marie', 'Wright', '08920491438', 'loganwright379@email.com', 'loganwright379@fakenhs.uk', '1967-08-24'),
			(901, 'STAFF-NI-20795', 'Logan', 'Anne', 'Hall', '08449327904', 'loganhall@email.com', 'loganhall@fakenhs.uk', '1964-01-02'),
			(902, 'STAFF-NI-96817', 'James', 'Hope', 'Williams', '08905453778', 'jameswilliams@email.com', 'jameswilliams@fakenhs.uk', '1960-05-05'),
			(903, 'STAFF-NI-98443', 'Oscar', 'Anne', 'Johnson', '08213360396', 'oscarjohnson382@email.com', 'oscarjohnson382@fakenhs.uk', '1990-03-17'),
			(904, 'STAFF-NI-47091', 'Lucas', 'Lee', 'Harris', '08975947790', 'lucasharris383@email.com', 'lucasharris383@fakenhs.uk', '1988-07-23'),
			(905, 'STAFF-NI-42288', 'Ella', 'Hope', 'Martin', '08716975932', 'ellamartin@email.com', 'ellamartin@fakenhs.uk', '1983-06-17'),
			(906, 'STAFF-NI-71159', 'Lucas', 'Rose', 'Clark', '08572932744', 'lucasclark385@email.com', 'lucasclark385@fakenhs.uk', '1984-06-25'),
			(907, 'STAFF-NI-31453', 'Chloe', 'Hope', 'Harris', '08780488440', 'chloeharris@email.com', 'chloeharris@fakenhs.uk', '1999-08-09'),
			(908, 'STAFF-NI-55783', 'Zoe', 'Hope', 'Clark', '08778825241', 'zoeclark@email.com', 'zoeclark@fakenhs.uk', '1987-12-10'),
			(909, 'STAFF-NI-44462', 'Emily', 'Louise', 'Baker', '08760568729', 'emilybaker@email.com', 'emilybaker@fakenhs.uk', '1963-02-03'),
			(910, 'STAFF-NI-72103', 'Ella', 'Rose', 'Williams', '08970992765', 'ellawilliams389@email.com', 'ellawilliams389@fakenhs.uk', '1972-08-16'),
			(911, 'STAFF-NI-31667', 'Liam', 'Jane', 'Allen', '08428583688', 'liamallen@email.com', 'liamallen@fakenhs.uk', '1983-10-25'),
			(912, 'STAFF-NI-50714', 'Charlotte', 'Anne', 'Williams', '08199184802', 'charlottewilliams@email.com', 'charlottewilliams@fakenhs.uk', '1963-09-06'),
			(913, 'STAFF-NI-95523', 'Jack', 'Mae', 'Clark', '08491443771', 'jackclark@email.com', 'jackclark@fakenhs.uk', '1971-08-08'),
			(914, 'STAFF-NI-63604', 'Charlotte', 'Hope', 'Turner', '08465286789', 'charlotteturner@email.com', 'charlotteturner@fakenhs.uk', '1995-07-23'),
			(915, 'STAFF-NI-43125', 'Olivia', 'Hope', 'Brown', '08679714629', 'oliviabrown394@email.com', 'oliviabrown394@fakenhs.uk', '1984-02-20'),
			(916, 'STAFF-NI-87582', 'Liam', 'Rose', 'Baker', '08494969153', 'liambaker@email.com', 'liambaker@fakenhs.uk', '1989-09-19'),
			(917, 'STAFF-NI-58327', 'Liam', 'Anne', 'Roberts', '08590434725', 'liamroberts@email.com', 'liamroberts@fakenhs.uk', '1993-08-02'),
			(918, 'STAFF-NI-77472', 'Ethan', 'Lee', 'Baker', '08629945861', 'ethanbaker@email.com', 'ethanbaker@fakenhs.uk', '1984-07-08'),
			(919, 'STAFF-NI-81999', 'Noah', 'Grace', 'Scott', '08957485362', 'noahscott398@email.com', 'noahscott398@fakenhs.uk', '1960-10-15'),
			(920, 'STAFF-NI-37146', 'Harper', 'Lee', 'Edwards', '08920086400', 'harperedwards@email.com', 'harperedwards@fakenhs.uk', '1989-11-10');

INSERT INTO
	profession(department_id, name, description)
		VALUES
			(1, 'Emergency Medicine Consultant', 'Senior doctor managing emergency cases'),
			(1, 'Emergency Nurse Practitioner', 'Nurse providing urgent and emergency care'),
			(2, 'Cardiologist', 'Doctor specialising in heart conditions'),
			(9, 'Phlebotomist', 'Nurse specialised in drawing patient''s blood'),
			(10, 'General Nurse', 'Nurse specialised in basic patient care and administering medicine / drips'),
			(3, 'Oncologist', 'Doctor treating cancer patients'),
			(3, 'Oncology Nurse', 'Nurse supporting cancer care'),
			(4, 'Respiratory Physician', 'Doctor specialising in lung conditions'),
			(4, 'Lung Surgeon', 'Surgeon performing lung operations'),
			(4, 'Respiratory Nurse', 'Nurse caring for respiratory patients'),
			(5, 'Neurologist', 'Doctor treating brain and nerve disorders'),
			(5, 'Neuro Science Nurse', 'Nurse supporting neurology patients'),
			(5, 'Brain Surgeon', 'Neurosurgeon performing brain operations'),
			(6, 'Radiographer', 'Professional performing imaging scans'),
			(6, 'Sonographer', 'Specialist in ultrasound imaging'),
			(6, 'Radiologist', 'Doctor interpreting medical images'),
			(6, 'Interventional Radiology Nurse', 'Nurse assisting in radiology procedures'),
			(7, 'Gastroenterologist', 'Doctor treating digestive system diseases'),
			(7, 'Gastroenterology Nurse', 'Nurse supporting GI patients'),
			(7, 'Upper GI Surgeon', 'Surgeon for upper digestive tract'),
			(7, 'Colorectal Surgeon', 'Surgeon for colon and rectum'),
			(7, 'Hepatobiliary Surgeon', 'Surgeon for liver, pancreas and bile ducts'),
			(8, 'Pharmacist', 'Professional dispensing and advising on medicines');

INSERT INTO
	staff_profession(staff_id, profession_id, hospital_id, yearly_salary, time_type, employment_type, start_date)
		VALUES
			(1, 3, 1, 59297, 'Part-Time', 'Permanent', '2017-10-17'),
			(2, 4, 1, 136226, 'Full-Time', 'Permanent', '2023-01-12'),
			(3, 5, 1, 28126, 'Full-Time', 'Contractor', '2025-07-11'),
			(4, 6, 1, 40589, 'Part-Time', 'Permanent', '2024-10-06'),
			(5, 7, 1, 19448, 'On-Call', 'Temporary', '2023-01-08'),
			(6, 8, 1, 42240, 'Part-Time', 'Permanent', '2015-10-08'),
			(7, 9, 1, 93265, 'Full-Time', 'Permanent', '2022-06-17'),
			(8, 10, 1, 23640, 'Part-Time', 'Permanent', '2024-07-31'),
			(9, 11, 1, 71066, 'Full-Time', 'Temporary', '2018-10-29'),
			(10, 12, 1, 37783, 'Full-Time', 'Permanent', '2016-06-30'),
			(11, 13, 1, 115005, 'Full-Time', 'Permanent', '2022-07-16'),
			(12, 14, 1, 22832, 'Part-Time', 'Contractor', '2023-07-27'),
			(13, 15, 1, 36825, 'Full-Time', 'Permanent', '2018-02-05'),
			(14, 16, 1, 87723, 'Full-Time', 'Permanent', '2021-03-29'),
			(15, 17, 1, 36876, 'Full-Time', 'Contractor', '2024-03-16'),
			(16, 18, 1, 38727, 'On-Call', 'Permanent', '2015-09-22'),
			(17, 19, 1, 37617, 'Full-Time', 'Permanent', '2023-11-25'),
			(18, 20, 1, 134430, 'Full-Time', 'Permanent', '2025-02-12'),
			(19, 21, 1, 114498, 'Full-Time', 'Permanent', '2022-10-27'),
			(20, 22, 1, 43433, 'On-Call', 'Contractor', '2019-12-17'),
			(21, 3, 2, 117650, 'Full-Time', 'Permanent', '2019-04-12'),
			(22, 4, 2, 111754, 'Full-Time', 'Temporary', '2021-01-22'),
			(23, 5, 2, 18722, 'Part-Time', 'Temporary', '2018-09-15'),
			(24, 6, 2, 106958, 'Full-Time', 'Permanent', '2024-06-13'),
			(25, 7, 2, 32704, 'Full-Time', 'Contractor', '2021-12-21'),
			(26, 8, 2, 56878, 'Full-Time', 'Temporary', '2023-04-03'),
			(27, 9, 2, 67969, 'Part-Time', 'Permanent', '2019-03-17'),
			(28, 10, 2, 18013, 'On-Call', 'Permanent', '2018-10-25'),
			(29, 11, 2, 73539, 'Full-Time', 'Permanent', '2025-02-03'),
			(30, 12, 2, 53520, 'Full-Time', 'Permanent', '2015-10-19'),
			(31, 13, 2, 105900, 'Full-Time', 'Permanent', '2020-02-11'),
			(32, 14, 2, 31085, 'Full-Time', 'Contractor', '2017-12-27'),
			(33, 15, 2, 26000, 'Part-Time', 'Permanent', '2024-11-30'),
			(34, 16, 2, 51086, 'Part-Time', 'Temporary', '2018-05-17'),
			(35, 17, 2, 39373, 'Full-Time', 'Permanent', '2017-01-02'),
			(36, 18, 2, 51386, 'Part-Time', 'Permanent', '2025-01-18'),
			(37, 19, 2, 33261, 'Full-Time', 'Permanent', '2025-01-01'),
			(38, 20, 2, 119188, 'Full-Time', 'Permanent', '2020-04-20'),
			(39, 21, 2, 112768, 'Full-Time', 'Permanent', '2020-10-31'),
			(40, 22, 2, 102763, 'Full-Time', 'Permanent', '2024-12-01'),
			(41, 3, 3, 49929, 'Part-Time', 'Permanent', '2018-10-30'),
			(42, 4, 3, 83664, 'Full-Time', 'Permanent', '2024-01-24'),
			(43, 5, 3, 19533, 'Part-Time', 'Temporary', '2016-11-15'),
			(44, 6, 3, 82577, 'Full-Time', 'Permanent', '2025-05-16'),
			(45, 7, 3, 20524, 'Part-Time', 'Permanent', '2023-10-01'),
			(46, 8, 3, 60267, 'Part-Time', 'Contractor', '2022-05-09'),
			(47, 9, 3, 94888, 'Full-Time', 'Temporary', '2017-10-13'),
			(48, 10, 3, 52546, 'Full-Time', 'Permanent', '2022-07-29'),
			(49, 11, 3, 78226, 'Full-Time', 'Permanent', '2024-08-17'),
			(50, 12, 3, 15104, 'On-Call', 'Permanent', '2023-05-28'),
			(51, 13, 3, 93071, 'Full-Time', 'Temporary', '2020-02-08'),
			(52, 14, 3, 19945, 'Part-Time', 'Permanent', '2017-10-20'),
			(53, 15, 3, 43415, 'Full-Time', 'Permanent', '2024-01-16'),
			(54, 16, 3, 108675, 'Full-Time', 'Permanent', '2017-12-10'),
			(55, 17, 3, 38450, 'Full-Time', 'Permanent', '2021-09-16'),
			(56, 18, 3, 32070, 'On-Call', 'Contractor', '2019-12-25'),
			(57, 19, 3, 32528, 'Full-Time', 'Permanent', '2016-02-20'),
			(58, 20, 3, 95631, 'Full-Time', 'Permanent', '2016-09-23'),
			(59, 21, 3, 110003, 'Full-Time', 'Contractor', '2018-05-16'),
			(60, 22, 3, 97659, 'Full-Time', 'Permanent', '2017-01-23'),
			(61, 3, 4, 78322, 'Full-Time', 'Permanent', '2017-06-12'),
			(62, 4, 4, 118817, 'Full-Time', 'Permanent', '2023-05-01'),
			(63, 5, 4, 39232, 'Full-Time', 'Temporary', '2025-04-26'),
			(64, 6, 4, 104964, 'Full-Time', 'Permanent', '2023-08-17'),
			(65, 7, 4, 41911, 'Full-Time', 'Permanent', '2021-05-06'),
			(66, 8, 4, 82630, 'Full-Time', 'Temporary', '2017-08-17'),
			(67, 9, 4, 92865, 'Full-Time', 'Temporary', '2015-09-09'),
			(68, 10, 4, 18802, 'Part-Time', 'Permanent', '2017-09-25'),
			(69, 11, 4, 83798, 'Full-Time', 'Permanent', '2024-04-30'),
			(70, 12, 4, 47394, 'Full-Time', 'Temporary', '2021-09-13'),
			(71, 13, 4, 132541, 'Full-Time', 'Permanent', '2017-11-27'),
			(72, 14, 4, 35952, 'Full-Time', 'Permanent', '2025-02-06'),
			(73, 15, 4, 50075, 'Full-Time', 'Permanent', '2025-03-27'),
			(74, 16, 4, 71180, 'Full-Time', 'Permanent', '2016-01-29'),
			(75, 17, 4, 36419, 'Full-Time', 'Permanent', '2023-10-24'),
			(76, 18, 4, 118108, 'Full-Time', 'Permanent', '2020-08-22'),
			(77, 19, 4, 42469, 'Full-Time', 'Temporary', '2018-08-04'),
			(78, 20, 4, 30031, 'On-Call', 'Permanent', '2016-12-07'),
			(79, 21, 4, 91712, 'Full-Time', 'Temporary', '2020-11-09'),
			(80, 22, 4, 131294, 'Full-Time', 'Permanent', '2018-10-31'),
			(81, 3, 5, 101636, 'Full-Time', 'Permanent', '2024-09-03'),
			(82, 4, 5, 100446, 'Full-Time', 'Temporary', '2016-01-13'),
			(83, 5, 5, 23527, 'On-Call', 'Temporary', '2015-12-23'),
			(84, 6, 5, 118283, 'Full-Time', 'Permanent', '2018-09-02'),
			(85, 7, 5, 32224, 'Full-Time', 'Permanent', '2018-07-10'),
			(86, 8, 5, 75976, 'Full-Time', 'Temporary', '2015-09-09'),
			(87, 9, 5, 42201, 'On-Call', 'Permanent', '2018-05-24'),
			(88, 10, 5, 16030, 'On-Call', 'Permanent', '2025-03-13'),
			(89, 11, 5, 35913, 'On-Call', 'Permanent', '2016-01-26'),
			(90, 12, 5, 13903, 'On-Call', 'Contractor', '2020-12-19'),
			(91, 13, 5, 119778, 'Full-Time', 'Permanent', '2015-12-11'),
			(92, 14, 5, 43299, 'Full-Time', 'Permanent', '2019-10-18'),
			(93, 15, 5, 49188, 'Full-Time', 'Permanent', '2024-05-21'),
			(94, 16, 5, 116154, 'Full-Time', 'Permanent', '2018-07-22'),
			(95, 17, 5, 52137, 'Full-Time', 'Permanent', '2020-10-03'),
			(96, 18, 5, 36420, 'On-Call', 'Permanent', '2022-10-20'),
			(97, 19, 5, 45043, 'Full-Time', 'Permanent', '2021-10-22'),
			(98, 20, 5, 31206, 'On-Call', 'Permanent', '2024-10-09'),
			(99, 21, 5, 107270, 'Full-Time', 'Temporary', '2021-01-20'),
			(100, 22, 5, 123384, 'Full-Time', 'Temporary', '2020-08-26'),
			(101, 3, 6, 64290, 'Full-Time', 'Temporary', '2021-05-24'),
			(102, 4, 6, 130716, 'Full-Time', 'Permanent', '2022-06-06'),
			(103, 5, 6, 17099, 'On-Call', 'Permanent', '2023-10-27'),
			(104, 6, 6, 76367, 'Full-Time', 'Permanent', '2023-08-10'),
			(105, 7, 6, 34329, 'Full-Time', 'Temporary', '2018-03-08'),
			(106, 8, 6, 79145, 'Full-Time', 'Permanent', '2024-05-19'),
			(107, 9, 6, 70788, 'Part-Time', 'Permanent', '2024-09-21'),
			(108, 10, 6, 35439, 'Full-Time', 'Permanent', '2015-09-25'),
			(109, 11, 6, 43056, 'On-Call', 'Permanent', '2022-12-22'),
			(110, 12, 6, 30340, 'Full-Time', 'Contractor', '2024-11-11'),
			(111, 13, 6, 117178, 'Full-Time', 'Permanent', '2018-08-06'),
			(112, 14, 6, 45758, 'Full-Time', 'Permanent', '2020-06-01'),
			(113, 15, 6, 51276, 'Full-Time', 'Permanent', '2016-06-01'),
			(114, 16, 6, 100398, 'Full-Time', 'Temporary', '2016-07-14'),
			(115, 17, 6, 25853, 'Part-Time', 'Permanent', '2018-01-02'),
			(116, 18, 6, 32532, 'On-Call', 'Permanent', '2020-02-12'),
			(117, 19, 6, 45745, 'Full-Time', 'Permanent', '2024-07-12'),
			(118, 20, 6, 85292, 'Full-Time', 'Permanent', '2022-01-30'),
			(119, 21, 6, 126628, 'Full-Time', 'Temporary', '2019-12-05'),
			(120, 22, 6, 85034, 'Full-Time', 'Permanent', '2024-02-19'),
			(121, 3, 7, 40116, 'Part-Time', 'Permanent', '2024-05-05'),
			(122, 4, 7, 98193, 'Full-Time', 'Permanent', '2019-05-14'),
			(123, 5, 7, 37247, 'Full-Time', 'Contractor', '2019-10-14'),
			(124, 6, 7, 58495, 'Part-Time', 'Temporary', '2024-02-03'),
			(125, 7, 7, 40010, 'Full-Time', 'Contractor', '2016-03-29'),
			(126, 8, 7, 42170, 'On-Call', 'Permanent', '2018-04-29'),
			(127, 9, 7, 52623, 'On-Call', 'Permanent', '2017-04-26'),
			(128, 10, 7, 24886, 'On-Call', 'Temporary', '2019-02-19'),
			(129, 11, 7, 89864, 'Full-Time', 'Permanent', '2019-11-19'),
			(130, 12, 7, 31506, 'Part-Time', 'Permanent', '2020-03-09'),
			(131, 13, 7, 131795, 'Full-Time', 'Permanent', '2024-01-28'),
			(132, 14, 7, 25692, 'Part-Time', 'Permanent', '2019-06-14'),
			(133, 15, 7, 40024, 'Full-Time', 'Permanent', '2025-04-18'),
			(134, 16, 7, 46129, 'Part-Time', 'Temporary', '2016-01-11'),
			(135, 17, 7, 14849, 'Part-Time', 'Contractor', '2016-08-25'),
			(136, 18, 7, 79755, 'Full-Time', 'Temporary', '2018-08-20'),
			(137, 19, 7, 14096, 'On-Call', 'Permanent', '2023-08-23'),
			(138, 20, 7, 127647, 'Full-Time', 'Temporary', '2017-12-01'),
			(139, 21, 7, 90931, 'Full-Time', 'Permanent', '2023-12-31'),
			(140, 22, 7, 32368, 'On-Call', 'Permanent', '2018-07-06'),
			(141, 3, 8, 71125, 'Full-Time', 'Permanent', '2019-01-16'),
			(142, 4, 8, 131363, 'Full-Time', 'Permanent', '2022-06-08'),
			(143, 5, 8, 34269, 'Full-Time', 'Permanent', '2019-10-19'),
			(144, 6, 8, 52009, 'Part-Time', 'Permanent', '2022-06-17'),
			(145, 7, 8, 36122, 'Part-Time', 'Permanent', '2021-08-20'),
			(146, 8, 8, 90850, 'Full-Time', 'Permanent', '2023-08-21'),
			(147, 9, 8, 80423, 'Full-Time', 'Permanent', '2020-07-01'),
			(148, 10, 8, 16174, 'Part-Time', 'Permanent', '2025-06-29'),
			(149, 11, 8, 109777, 'Full-Time', 'Permanent', '2023-10-17'),
			(150, 12, 8, 16719, 'On-Call', 'Permanent', '2023-03-22'),
			(151, 13, 8, 57181, 'On-Call', 'Permanent', '2025-04-02'),
			(152, 14, 8, 30057, 'Full-Time', 'Permanent', '2023-02-09'),
			(153, 15, 8, 39943, 'Full-Time', 'Permanent', '2020-11-22'),
			(154, 16, 8, 90238, 'Full-Time', 'Contractor', '2018-12-11'),
			(155, 17, 8, 28485, 'Full-Time', 'Contractor', '2021-10-05'),
			(156, 18, 8, 94541, 'Full-Time', 'Permanent', '2022-02-07'),
			(157, 19, 8, 38244, 'Full-Time', 'Permanent', '2017-08-08'),
			(158, 20, 8, 83265, 'Part-Time', 'Permanent', '2021-08-07'),
			(159, 21, 8, 93816, 'Full-Time', 'Permanent', '2017-09-11'),
			(160, 22, 8, 37861, 'On-Call', 'Temporary', '2019-10-08'),
			(161, 3, 9, 94587, 'Full-Time', 'Permanent', '2017-09-04'),
			(162, 4, 9, 77419, 'Part-Time', 'Permanent', '2020-09-25'),
			(163, 5, 9, 21007, 'On-Call', 'Permanent', '2016-02-12'),
			(164, 6, 9, 109787, 'Full-Time', 'Permanent', '2022-05-14'),
			(165, 7, 9, 42385, 'Full-Time', 'Temporary', '2023-07-21'),
			(166, 8, 9, 88686, 'Full-Time', 'Temporary', '2020-08-23'),
			(167, 9, 9, 74003, 'Full-Time', 'Contractor', '2019-07-21'),
			(168, 10, 9, 14296, 'On-Call', 'Temporary', '2018-03-22'),
			(169, 11, 9, 88102, 'Full-Time', 'Permanent', '2015-11-10'),
			(170, 12, 9, 18659, 'Part-Time', 'Temporary', '2017-08-11'),
			(171, 13, 9, 114870, 'Full-Time', 'Permanent', '2020-07-04'),
			(172, 14, 9, 34357, 'Full-Time', 'Permanent', '2023-12-07'),
			(173, 15, 9, 51267, 'Full-Time', 'Temporary', '2017-01-13'),
			(174, 16, 9, 58757, 'Part-Time', 'Temporary', '2024-01-23'),
			(175, 17, 9, 49779, 'Full-Time', 'Permanent', '2016-07-10'),
			(176, 18, 9, 113962, 'Full-Time', 'Permanent', '2017-08-03'),
			(177, 19, 9, 34462, 'Full-Time', 'Contractor', '2017-06-02'),
			(178, 20, 9, 123580, 'Full-Time', 'Permanent', '2023-07-01'),
			(179, 21, 9, 134060, 'Full-Time', 'Permanent', '2023-06-07'),
			(180, 22, 9, 132895, 'Full-Time', 'Permanent', '2023-09-11'),
			(181, 3, 10, 110080, 'Full-Time', 'Permanent', '2023-02-20'),
			(182, 4, 10, 131668, 'Full-Time', 'Permanent', '2024-02-06'),
			(183, 5, 10, 54776, 'Full-Time', 'Permanent', '2023-08-07'),
			(184, 6, 10, 107723, 'Full-Time', 'Contractor', '2023-01-24'),
			(185, 7, 10, 28904, 'Full-Time', 'Temporary', '2020-11-06'),
			(186, 8, 10, 51068, 'On-Call', 'Permanent', '2023-05-30'),
			(187, 9, 10, 86668, 'Full-Time', 'Temporary', '2024-05-24'),
			(188, 10, 10, 31374, 'Part-Time', 'Permanent', '2023-10-04'),
			(189, 11, 10, 115822, 'Full-Time', 'Permanent', '2017-07-16'),
			(190, 12, 10, 39108, 'Full-Time', 'Temporary', '2019-03-11'),
			(191, 13, 10, 114784, 'Full-Time', 'Permanent', '2021-07-04'),
			(192, 14, 10, 31754, 'Full-Time', 'Permanent', '2020-08-27'),
			(193, 15, 10, 20621, 'Part-Time', 'Temporary', '2024-08-22'),
			(194, 16, 10, 85106, 'Full-Time', 'Permanent', '2018-01-29'),
			(195, 17, 10, 48575, 'Full-Time', 'Permanent', '2017-02-17'),
			(196, 18, 10, 105588, 'Full-Time', 'Temporary', '2021-12-22'),
			(197, 19, 10, 54221, 'Full-Time', 'Permanent', '2022-12-06'),
			(198, 20, 10, 99633, 'Full-Time', 'Permanent', '2016-06-29'),
			(199, 21, 10, 87429, 'Full-Time', 'Permanent', '2018-05-05'),
			(200, 22, 10, 127147, 'Full-Time', 'Permanent', '2019-02-18'),
			(201, 3, 11, 63681, 'Part-Time', 'Permanent', '2021-08-21'),
			(202, 4, 11, 117150, 'Full-Time', 'Permanent', '2023-12-05'),
			(203, 5, 11, 29172, 'Full-Time', 'Contractor', '2019-10-19'),
			(204, 6, 11, 117006, 'Full-Time', 'Permanent', '2020-02-22'),
			(205, 7, 11, 30306, 'Full-Time', 'Permanent', '2022-10-02'),
			(206, 8, 11, 28876, 'On-Call', 'Temporary', '2016-04-24'),
			(207, 9, 11, 100474, 'Full-Time', 'Temporary', '2021-05-03'),
			(208, 10, 11, 34562, 'Full-Time', 'Permanent', '2020-07-20'),
			(209, 11, 11, 71994, 'Full-Time', 'Contractor', '2017-01-07'),
			(210, 12, 11, 49929, 'Full-Time', 'Permanent', '2024-04-18'),
			(211, 13, 11, 100607, 'Full-Time', 'Permanent', '2016-01-21'),
			(212, 14, 11, 36086, 'Full-Time', 'Permanent', '2023-05-27'),
			(213, 15, 11, 39519, 'Full-Time', 'Temporary', '2024-04-07'),
			(214, 16, 11, 112569, 'Full-Time', 'Permanent', '2020-07-08'),
			(215, 17, 11, 30219, 'Full-Time', 'Temporary', '2025-05-22'),
			(216, 18, 11, 108585, 'Full-Time', 'Permanent', '2020-02-17'),
			(217, 19, 11, 48743, 'Full-Time', 'Permanent', '2018-03-18'),
			(218, 20, 11, 108510, 'Full-Time', 'Permanent', '2016-12-11'),
			(219, 21, 11, 47847, 'Part-Time', 'Temporary', '2020-05-26'),
			(220, 22, 11, 122364, 'Full-Time', 'Permanent', '2016-08-10'),
			(221, 3, 12, 29605, 'On-Call', 'Temporary', '2017-08-16'),
			(222, 4, 12, 53183, 'Part-Time', 'Permanent', '2025-04-08'),
			(223, 5, 12, 35307, 'Full-Time', 'Permanent', '2025-02-27'),
			(224, 6, 12, 67151, 'Full-Time', 'Temporary', '2022-04-02'),
			(225, 7, 12, 25421, 'Part-Time', 'Permanent', '2015-12-10'),
			(226, 8, 12, 29489, 'On-Call', 'Permanent', '2021-10-22'),
			(227, 9, 12, 119826, 'Full-Time', 'Permanent', '2016-07-21'),
			(228, 10, 12, 45619, 'Full-Time', 'Permanent', '2018-11-13'),
			(229, 11, 12, 77405, 'Full-Time', 'Permanent', '2017-01-15'),
			(230, 12, 12, 40986, 'Full-Time', 'Temporary', '2016-11-21'),
			(231, 13, 12, 104206, 'Full-Time', 'Temporary', '2017-02-14'),
			(232, 14, 12, 33516, 'Full-Time', 'Permanent', '2016-05-05'),
			(233, 15, 12, 36706, 'Full-Time', 'Permanent', '2023-07-13'),
			(234, 16, 12, 74576, 'Part-Time', 'Permanent', '2020-10-22'),
			(235, 17, 12, 33463, 'Full-Time', 'Permanent', '2020-10-01'),
			(236, 18, 12, 56413, 'Part-Time', 'Permanent', '2022-07-07'),
			(237, 19, 12, 52828, 'Full-Time', 'Permanent', '2022-10-27'),
			(238, 20, 12, 78510, 'Full-Time', 'Contractor', '2022-10-24'),
			(239, 21, 12, 92376, 'Full-Time', 'Permanent', '2023-04-25'),
			(240, 22, 12, 75360, 'Part-Time', 'Permanent', '2016-10-20'),
			(241, 3, 13, 78658, 'Full-Time', 'Temporary', '2018-03-16'),
			(242, 4, 13, 111677, 'Full-Time', 'Temporary', '2021-07-15'),
			(243, 5, 13, 14441, 'Part-Time', 'Temporary', '2023-02-11'),
			(244, 6, 13, 25287, 'On-Call', 'Temporary', '2023-06-23'),
			(245, 7, 13, 24009, 'Part-Time', 'Permanent', '2016-04-06'),
			(246, 8, 13, 91559, 'Full-Time', 'Permanent', '2020-12-07'),
			(247, 9, 13, 109752, 'Full-Time', 'Permanent', '2022-12-25'),
			(248, 10, 13, 44501, 'Full-Time', 'Permanent', '2019-06-25'),
			(249, 11, 13, 76837, 'Full-Time', 'Contractor', '2024-07-17'),
			(250, 12, 13, 46234, 'Full-Time', 'Permanent', '2020-02-20'),
			(251, 13, 13, 37590, 'On-Call', 'Permanent', '2017-11-10'),
			(252, 14, 13, 38293, 'Full-Time', 'Permanent', '2016-09-23'),
			(253, 15, 13, 30942, 'Full-Time', 'Temporary', '2024-04-21'),
			(254, 16, 13, 85794, 'Full-Time', 'Permanent', '2023-05-31'),
			(255, 17, 13, 43597, 'Full-Time', 'Permanent', '2016-08-24'),
			(256, 18, 13, 117052, 'Full-Time', 'Permanent', '2020-09-29'),
			(257, 19, 13, 31232, 'Part-Time', 'Permanent', '2024-06-19'),
			(258, 20, 13, 102948, 'Full-Time', 'Contractor', '2020-05-26'),
			(259, 21, 13, 72237, 'Part-Time', 'Contractor', '2022-12-24'),
			(260, 22, 13, 139085, 'Full-Time', 'Permanent', '2017-06-02'),
			(261, 3, 14, 108063, 'Full-Time', 'Permanent', '2018-09-13'),
			(262, 4, 14, 52806, 'Part-Time', 'Permanent', '2025-06-15'),
			(263, 5, 14, 39167, 'Full-Time', 'Temporary', '2019-10-05'),
			(264, 6, 14, 102752, 'Full-Time', 'Permanent', '2021-05-03'),
			(265, 7, 14, 34303, 'Full-Time', 'Temporary', '2023-04-10'),
			(266, 8, 14, 93454, 'Full-Time', 'Permanent', '2023-02-26'),
			(267, 9, 14, 96073, 'Full-Time', 'Permanent', '2017-06-06'),
			(268, 10, 14, 48899, 'Full-Time', 'Permanent', '2020-03-25'),
			(269, 11, 14, 109659, 'Full-Time', 'Permanent', '2016-03-12'),
			(270, 12, 14, 26356, 'Full-Time', 'Contractor', '2020-04-02'),
			(271, 13, 14, 130538, 'Full-Time', 'Permanent', '2017-12-24'),
			(272, 14, 14, 45500, 'Full-Time', 'Permanent', '2024-08-17'),
			(273, 15, 14, 50094, 'Full-Time', 'Permanent', '2022-03-11'),
			(274, 16, 14, 78370, 'Full-Time', 'Temporary', '2020-12-19'),
			(275, 17, 14, 22624, 'Part-Time', 'Permanent', '2017-01-27'),
			(276, 18, 14, 55287, 'Part-Time', 'Temporary', '2016-12-19'),
			(277, 19, 14, 38080, 'Full-Time', 'Permanent', '2017-11-12'),
			(278, 20, 14, 42752, 'On-Call', 'Permanent', '2018-07-23'),
			(279, 21, 14, 82102, 'Full-Time', 'Permanent', '2024-06-13'),
			(280, 22, 14, 90424, 'Full-Time', 'Permanent', '2016-08-05'),
			(281, 3, 15, 103859, 'Full-Time', 'Permanent', '2018-12-17'),
			(282, 4, 15, 41475, 'On-Call', 'Permanent', '2022-03-08'),
			(283, 5, 15, 50338, 'Full-Time', 'Permanent', '2019-11-11'),
			(284, 6, 15, 109514, 'Full-Time', 'Permanent', '2015-12-31'),
			(285, 7, 15, 36107, 'Full-Time', 'Temporary', '2017-10-07'),
			(286, 8, 15, 81526, 'Full-Time', 'Permanent', '2018-05-12'),
			(287, 9, 15, 72403, 'Full-Time', 'Temporary', '2023-07-11'),
			(288, 10, 15, 52239, 'Full-Time', 'Contractor', '2019-09-23'),
			(289, 11, 15, 56414, 'Part-Time', 'Permanent', '2022-05-09'),
			(290, 12, 15, 26747, 'Part-Time', 'Temporary', '2022-10-19'),
			(291, 13, 15, 68659, 'Part-Time', 'Permanent', '2024-02-29'),
			(292, 14, 15, 30441, 'Full-Time', 'Permanent', '2019-03-22'),
			(293, 15, 15, 47421, 'Full-Time', 'Temporary', '2022-06-19'),
			(294, 16, 15, 54477, 'Part-Time', 'Permanent', '2017-01-19'),
			(295, 17, 15, 38574, 'Full-Time', 'Permanent', '2019-05-28'),
			(296, 18, 15, 79242, 'Full-Time', 'Permanent', '2022-06-15'),
			(297, 19, 15, 39816, 'Full-Time', 'Temporary', '2019-10-26'),
			(298, 20, 15, 129825, 'Full-Time', 'Permanent', '2021-05-07'),
			(299, 21, 15, 121951, 'Full-Time', 'Temporary', '2016-04-15'),
			(300, 22, 15, 35325, 'On-Call', 'Contractor', '2021-11-27'),
			(301, 3, 16, 119609, 'Full-Time', 'Permanent', '2020-07-08'),
			(302, 4, 16, 82256, 'Full-Time', 'Permanent', '2022-03-27'),
			(303, 5, 16, 18490, 'On-Call', 'Permanent', '2016-01-03'),
			(304, 6, 16, 78412, 'Full-Time', 'Permanent', '2021-01-17'),
			(305, 7, 16, 35383, 'Full-Time', 'Temporary', '2023-10-05'),
			(306, 8, 16, 31390, 'On-Call', 'Permanent', '2022-01-06'),
			(307, 9, 16, 109144, 'Full-Time', 'Permanent', '2019-06-04'),
			(308, 10, 16, 34948, 'Full-Time', 'Contractor', '2015-12-09'),
			(309, 11, 16, 63390, 'Part-Time', 'Permanent', '2017-10-22'),
			(310, 12, 16, 51760, 'Full-Time', 'Permanent', '2020-12-13'),
			(311, 13, 16, 107623, 'Full-Time', 'Permanent', '2015-11-25'),
			(312, 14, 16, 42383, 'Full-Time', 'Temporary', '2023-03-28'),
			(313, 15, 16, 36977, 'Part-Time', 'Permanent', '2019-12-05'),
			(314, 16, 16, 92304, 'Full-Time', 'Temporary', '2022-02-01'),
			(315, 17, 16, 48523, 'Full-Time', 'Permanent', '2016-05-03'),
			(316, 18, 16, 71623, 'Part-Time', 'Permanent', '2020-11-13'),
			(317, 19, 16, 40919, 'Full-Time', 'Permanent', '2016-10-10'),
			(318, 20, 16, 67716, 'Part-Time', 'Permanent', '2024-02-05'),
			(319, 21, 16, 53927, 'Part-Time', 'Temporary', '2022-12-23'),
			(320, 22, 16, 92430, 'Full-Time', 'Permanent', '2015-10-29'),
			(321, 3, 17, 70945, 'Full-Time', 'Temporary', '2025-06-13'),
			(322, 4, 17, 131051, 'Full-Time', 'Permanent', '2024-11-02'),
			(323, 5, 17, 39047, 'Full-Time', 'Permanent', '2022-10-06'),
			(324, 6, 17, 57613, 'Part-Time', 'Temporary', '2018-07-09'),
			(325, 7, 17, 31644, 'Full-Time', 'Permanent', '2022-07-05'),
			(326, 8, 17, 80277, 'Full-Time', 'Permanent', '2017-12-09'),
			(327, 9, 17, 134926, 'Full-Time', 'Permanent', '2021-06-08'),
			(328, 10, 17, 50928, 'Full-Time', 'Permanent', '2021-06-06'),
			(329, 11, 17, 47861, 'On-Call', 'Permanent', '2016-10-01'),
			(330, 12, 17, 35653, 'Full-Time', 'Permanent', '2022-06-02'),
			(331, 13, 17, 123408, 'Full-Time', 'Permanent', '2022-10-29'),
			(332, 14, 17, 32634, 'Full-Time', 'Permanent', '2023-05-26'),
			(333, 15, 17, 53824, 'Full-Time', 'Permanent', '2025-02-26'),
			(334, 16, 17, 102849, 'Full-Time', 'Permanent', '2025-03-11'),
			(335, 17, 17, 44974, 'Full-Time', 'Permanent', '2016-12-26'),
			(336, 18, 17, 73810, 'Full-Time', 'Temporary', '2018-08-01'),
			(337, 19, 17, 33491, 'Full-Time', 'Permanent', '2024-05-07'),
			(338, 20, 17, 39522, 'On-Call', 'Permanent', '2015-10-05'),
			(339, 21, 17, 81500, 'Full-Time', 'Contractor', '2022-08-13'),
			(340, 22, 17, 104812, 'Full-Time', 'Temporary', '2017-10-27'),
			(341, 3, 18, 84780, 'Full-Time', 'Permanent', '2019-12-22'),
			(342, 4, 18, 132427, 'Full-Time', 'Permanent', '2025-01-07'),
			(343, 5, 18, 25627, 'Part-Time', 'Permanent', '2022-04-30'),
			(344, 6, 18, 76427, 'Full-Time', 'Permanent', '2018-09-19'),
			(345, 7, 18, 33884, 'Full-Time', 'Permanent', '2017-01-05'),
			(346, 8, 18, 68989, 'Full-Time', 'Contractor', '2024-03-16'),
			(347, 9, 18, 123891, 'Full-Time', 'Temporary', '2023-11-12'),
			(348, 10, 18, 36042, 'Full-Time', 'Temporary', '2017-12-01'),
			(349, 11, 18, 49300, 'Part-Time', 'Permanent', '2020-03-28'),
			(350, 12, 18, 33462, 'Full-Time', 'Temporary', '2023-04-26'),
			(351, 13, 18, 42459, 'On-Call', 'Permanent', '2024-03-19'),
			(352, 14, 18, 48413, 'Full-Time', 'Temporary', '2018-10-07'),
			(353, 15, 18, 50454, 'Full-Time', 'Permanent', '2018-12-17'),
			(354, 16, 18, 112555, 'Full-Time', 'Permanent', '2024-07-13'),
			(355, 17, 18, 18261, 'On-Call', 'Permanent', '2018-07-10'),
			(356, 18, 18, 30932, 'On-Call', 'Permanent', '2021-09-01'),
			(357, 19, 18, 26920, 'Part-Time', 'Permanent', '2024-01-27'),
			(358, 20, 18, 69933, 'Full-Time', 'Temporary', '2024-12-02'),
			(359, 21, 18, 82656, 'Full-Time', 'Permanent', '2023-07-07'),
			(360, 22, 18, 131196, 'Full-Time', 'Permanent', '2023-09-06'),
			(361, 3, 19, 100345, 'Full-Time', 'Permanent', '2016-10-17'),
			(362, 4, 19, 108055, 'Full-Time', 'Permanent', '2018-09-10'),
			(363, 5, 19, 32044, 'Full-Time', 'Permanent', '2018-08-17'),
			(364, 6, 19, 54529, 'Part-Time', 'Temporary', '2024-10-16'),
			(365, 7, 19, 53446, 'Full-Time', 'Permanent', '2019-02-17'),
			(366, 8, 19, 110457, 'Full-Time', 'Temporary', '2017-12-17'),
			(367, 9, 19, 80041, 'Full-Time', 'Permanent', '2023-06-27'),
			(368, 10, 19, 30607, 'Part-Time', 'Permanent', '2016-07-15'),
			(369, 11, 19, 105589, 'Full-Time', 'Permanent', '2023-03-25'),
			(370, 12, 19, 51366, 'Full-Time', 'Permanent', '2023-07-26'),
			(371, 13, 19, 36849, 'On-Call', 'Temporary', '2022-10-08'),
			(372, 14, 19, 24976, 'Part-Time', 'Permanent', '2025-08-19'),
			(373, 15, 19, 42120, 'Full-Time', 'Permanent', '2020-05-23'),
			(374, 16, 19, 74318, 'Full-Time', 'Temporary', '2022-11-09'),
			(375, 17, 19, 44724, 'Full-Time', 'Permanent', '2021-06-21'),
			(376, 18, 19, 40480, 'Part-Time', 'Permanent', '2020-07-31'),
			(377, 19, 19, 46731, 'Full-Time', 'Temporary', '2021-06-23'),
			(378, 20, 19, 90567, 'Full-Time', 'Temporary', '2018-04-27'),
			(379, 21, 19, 80127, 'Part-Time', 'Temporary', '2017-02-06'),
			(380, 22, 19, 61320, 'Part-Time', 'Permanent', '2018-03-21'),
			(381, 3, 20, 53684, 'Part-Time', 'Permanent', '2020-02-01'),
			(382, 4, 20, 138969, 'Full-Time', 'Permanent', '2025-01-11'),
			(383, 5, 20, 35502, 'Full-Time', 'Permanent', '2018-02-18'),
			(384, 6, 20, 118995, 'Full-Time', 'Permanent', '2024-02-14'),
			(385, 7, 20, 26224, 'Part-Time', 'Permanent', '2020-06-19'),
			(386, 8, 20, 104325, 'Full-Time', 'Contractor', '2023-02-18'),
			(387, 9, 20, 58881, 'Part-Time', 'Permanent', '2018-07-14'),
			(388, 10, 20, 50738, 'Full-Time', 'Temporary', '2017-10-16'),
			(389, 11, 20, 44526, 'On-Call', 'Temporary', '2017-12-01'),
			(390, 12, 20, 35476, 'Full-Time', 'Permanent', '2022-10-07'),
			(391, 13, 20, 125757, 'Full-Time', 'Permanent', '2024-04-17'),
			(392, 14, 20, 16768, 'On-Call', 'Temporary', '2016-06-03'),
			(393, 15, 20, 35789, 'Full-Time', 'Permanent', '2019-04-07'),
			(394, 16, 20, 79044, 'Full-Time', 'Permanent', '2024-03-09'),
			(395, 17, 20, 14579, 'Part-Time', 'Contractor', '2018-08-13'),
			(396, 18, 20, 80136, 'Full-Time', 'Permanent', '2025-08-06'),
			(397, 19, 20, 30271, 'Part-Time', 'Permanent', '2023-12-18'),
			(398, 20, 20, 119647, 'Full-Time', 'Contractor', '2023-05-18'),
			(399, 21, 20, 130697, 'Full-Time', 'Permanent', '2024-08-30'),
			(400, 22, 20, 55805, 'Part-Time', 'Contractor', '2019-07-20');

INSERT INTO 
	patient_lifestyle(patient_id, smoking_usage, smoking_amount, alcohol_usage, alcohol_amount, exercise_amount, dietary_type, notes)
		VALUES
			(1, 'Trying to quit', '1', 'None', '0.0', 'None', 'Daily', 'Vegan', NULL),
			(2, 'Used to smoke', '19', 'Monthly', '3.6', 'None', 'Daily', 'Vegetarian', NULL),
			(3, 'Trying to quit', '4', 'Daily', '44.2', 'None', 'Sedentary', 'Carnivore', NULL),
			(4, 'None', '0', 'Daily', '38.4', 'None', 'Daily', 'Standard Western Diet', NULL),
			(5, 'Trying to quit', '7', 'Daily', '49.7', NULL, 'Sedentary', 'Pescatarian', NULL),
			(6, 'None', '0', 'Daily', '21.6', 'None', 'Sedentary', 'Pescatarian', NULL),
			(7, 'Used to smoke', '8', 'Weekly', '18.4', 'None', 'Weekly', 'Vegan', NULL),
			(8, 'None', '0', 'Monthly', '1.8', 'None', 'Sedentary', 'Carnivore', NULL),
			(9, 'None', '0', 'Daily', '27.8', 'None', 'Monthly', 'Standard Western Diet', NULL),
			(10, 'Trying to quit', '1', 'None', '0.0', 'None', 'Weekly', 'Carnivore', NULL),
			(11, 'None', '0', 'None', '0.0', 'None', 'Monthly', 'Carnivore', NULL),
			(12, 'None', '0', 'Monthly', '1.2', NULL, 'Sedentary', 'Standard Western Diet', NULL),
			(13, 'Used to smoke', '14', 'None', '0.0', NULL, 'Weekly', 'Vegetarian', NULL),
			(14, 'Trying to quit', '6', 'Weekly', '6.5', 'None', 'Weekly', 'Standard Western Diet', NULL),
			(15, 'Trying to quit', '9', 'None', '0.0', 'None', 'Sedentary', 'Vegan', NULL),
			(16, 'None', '0', 'Monthly', '3.3', NULL, 'Daily', 'Pescatarian', NULL),
			(17, 'None', '0', 'Monthly', '2.5', 'None', 'Daily', 'Standard Western Diet', NULL),
			(18, 'None', '0', 'Monthly', '2.8', 'None', 'Monthly', 'Vegan', NULL),
			(19, 'Used to smoke', '12', 'Weekly', '7.8', NULL, 'Monthly', 'Vegan', NULL),
			(20, 'Used to smoke', '15', 'Weekly', '14.8', 'None', 'Daily', 'Standard Western Diet', NULL),
			(21, 'Used to smoke', '6', 'Weekly', '15.6', 'None', 'Weekly', 'Pescatarian', NULL),
			(22, 'None', '0', 'Weekly', '5.8', 'None', 'Daily', 'Standard Western Diet', NULL),
			(23, 'Used to smoke', '12', 'None', '0.0', NULL, 'Daily', 'Vegan', NULL),
			(24, 'Trying to quit', '8', 'Monthly', '1.8', NULL, 'Sedentary', 'Vegan', NULL),
			(25, 'None', '0', 'Daily', '41.5', NULL, 'Weekly', 'Carnivore', NULL),
			(26, 'None', '0', 'Monthly', '4.3', 'None', 'Daily', 'Vegetarian', NULL),
			(27, 'None', '0', 'Monthly', '4.1', 'None', 'Monthly', 'Pescatarian', NULL),
			(28, 'None', '0', 'Monthly', '4.8', 'None', 'Daily', 'Carnivore', NULL),
			(29, 'Used to smoke', '19', 'Weekly', '10.7', 'None', 'Sedentary', 'Pescatarian', NULL),
			(30, 'None', '0', 'Daily', '42.4', NULL, 'Daily', 'Standard Western Diet', NULL),
			(31, 'Trying to quit', '2', 'None', '0.0', NULL, 'Sedentary', 'Vegetarian', NULL),
			(32, 'Used to smoke', '7', 'Monthly', '4.4', 'None', 'Daily', 'Carnivore', NULL),
			(33, 'Used to smoke', '14', 'Daily', '39.2', NULL, 'Weekly', 'Vegan', NULL),
			(34, 'Trying to quit', '1', 'Daily', '37.2', NULL, 'Sedentary', 'Vegan', NULL),
			(35, 'Used to smoke', '10', 'None', '0.0', 'None', 'Sedentary', 'Pescatarian', NULL),
			(36, 'Trying to quit', '1', 'Weekly', '15.5', NULL, 'Daily', 'Vegan', NULL),
			(37, 'Trying to quit', '2', 'Weekly', '17.4', 'None', 'Weekly', 'Standard Western Diet', NULL),
			(38, 'None', '0', 'Daily', '29.2', NULL, 'Monthly', 'Carnivore', NULL),
			(39, 'None', '0', 'None', '0.0', NULL, 'Sedentary', 'Carnivore', NULL),
			(40, 'Trying to quit', '8', 'None', '0.0', NULL, 'Monthly', 'Pescatarian', NULL),
			(41, 'Used to smoke', '16', 'Weekly', '7.1', 'None', 'Weekly', 'Carnivore', NULL),
			(42, 'Trying to quit', '4', 'Monthly', '3.6', 'None', 'Monthly', 'Standard Western Diet', NULL),
			(43, 'Used to smoke', '18', 'Monthly', '5.0', 'None', 'Daily', 'Carnivore', NULL),
			(44, 'Trying to quit', '4', 'Daily', '25.1', 'None', 'Sedentary', 'Pescatarian', NULL),
			(45, 'None', '0', 'None', '0.0', 'None', 'Monthly', 'Carnivore', NULL),
			(46, 'None', '0', 'Weekly', '19.0', NULL, 'Sedentary', 'Standard Western Diet', NULL),
			(47, 'Trying to quit', '6', 'Weekly', '13.3', 'None', 'Weekly', 'Pescatarian', NULL),
			(48, 'Used to smoke', '19', 'None', '0.0', 'None', 'Weekly', 'Carnivore', NULL),
			(49, 'Used to smoke', '18', 'Monthly', '2.8', NULL, 'Sedentary', 'Vegetarian', NULL),
			(50, 'None', '0', 'Daily', '29.9', NULL, 'Sedentary', 'Standard Western Diet', NULL),
			(51, 'Used to smoke', '16', 'Daily', '30.6', 'None', 'Monthly', 'Carnivore', NULL),
			(52, 'Used to smoke', '19', 'None', '0.0', NULL, 'Monthly', 'Vegan', NULL),
			(53, 'Used to smoke', '20', 'Daily', '34.4', 'None', 'Daily', 'Carnivore', NULL),
			(54, 'None', '0', 'Monthly', '2.7', 'None', 'Daily', 'Pescatarian', NULL),
			(55, 'None', '0', 'Daily', '47.6', 'None', 'Sedentary', 'Vegetarian', NULL),
			(56, 'Used to smoke', '5', 'None', '0.0', 'None', 'Sedentary', 'Pescatarian', NULL),
			(57, 'Trying to quit', '5', 'Weekly', '18.1', 'None', 'Monthly', 'Carnivore', NULL),
			(58, 'None', '0', 'Weekly', '10.0', 'None', 'Monthly', 'Vegan', NULL),
			(59, 'Used to smoke', '7', 'Monthly', '3.7', NULL, 'Weekly', 'Pescatarian', NULL),
			(60, 'Used to smoke', '19', 'Daily', '26.7', NULL, 'Daily', 'Standard Western Diet', NULL),
			(61, 'Trying to quit', '7', 'None', '0.0', 'None', 'Daily', 'Pescatarian', NULL),
			(62, 'Used to smoke', '16', 'Monthly', '3.9', NULL, 'Sedentary', 'Carnivore', NULL),
			(63, 'Used to smoke', '19', 'Monthly', '4.2', 'None', 'Sedentary', 'Standard Western Diet', NULL),
			(64, 'Trying to quit', '5', 'None', '0.0', NULL, 'Sedentary', 'Standard Western Diet', NULL),
			(65, 'Used to smoke', '11', 'Weekly', '6.3', 'None', 'Monthly', 'Carnivore', NULL),
			(66, 'Trying to quit', '5', 'Monthly', '3.8', 'None', 'Sedentary', 'Vegetarian', NULL),
			(67, 'Trying to quit', '8', 'Daily', '41.3', NULL, 'Sedentary', 'Carnivore', NULL),
			(68, 'Used to smoke', '11', 'Monthly', '2.9', 'None', 'Monthly', 'Pescatarian', NULL),
			(69, 'Trying to quit', '8', 'Weekly', '10.6', 'None', 'Daily', 'Vegetarian', NULL),
			(70, 'None', '0', 'Monthly', '4.7', 'None', 'Daily', 'Standard Western Diet', NULL),
			(71, 'None', '0', 'Monthly', '2.8', 'None', 'Monthly', 'Pescatarian', NULL),
			(72, 'Used to smoke', '14', 'Monthly', '4.3', NULL, 'Sedentary', 'Standard Western Diet', NULL),
			(73, 'Used to smoke', '7', 'Monthly', '1.4', 'None', 'Sedentary', 'Carnivore', NULL),
			(74, 'None', '0', 'None', '0.0', 'None', 'Weekly', 'Pescatarian', NULL),
			(75, 'Used to smoke', '17', 'Weekly', '10.2', 'None', 'Daily', 'Standard Western Diet', NULL),
			(76, 'None', '0', 'Weekly', '9.4', 'None', 'Sedentary', 'Standard Western Diet', NULL),
			(77, 'Trying to quit', '7', 'Daily', '20.1', 'None', 'Weekly', 'Standard Western Diet', NULL),
			(78, 'None', '0', 'None', '0.0', 'None', 'Monthly', 'Standard Western Diet', NULL),
			(79, 'None', '0', 'Weekly', '17.8', 'None', 'Daily', 'Pescatarian', NULL),
			(80, 'Used to smoke', '8', 'Daily', '28.3', NULL, 'Sedentary', 'Vegetarian', NULL),
			(81, 'Trying to quit', '7', 'Monthly', '2.2', NULL, 'Monthly', 'Pescatarian', NULL),
			(82, 'Used to smoke', '14', 'Daily', '44.7', NULL, 'Weekly', 'Vegetarian', NULL),
			(83, 'None', '0', 'None', '0.0', 'None', 'Monthly', 'Vegetarian', NULL),
			(84, 'Trying to quit', '6', 'None', '0.0', NULL, 'Monthly', 'Vegan', NULL),
			(85, 'Trying to quit', '1', 'Daily', '32.4', NULL, 'Monthly', 'Standard Western Diet', NULL),
			(86, 'None', '0', 'Weekly', '8.2', 'None', 'Daily', 'Standard Western Diet', NULL),
			(87, 'Used to smoke', '19', 'None', '0.0', NULL, 'Sedentary', 'Vegan', NULL),
			(88, 'None', '0', 'None', '0.0', 'None', 'Sedentary', 'Pescatarian', NULL),
			(89, 'Used to smoke', '7', 'Monthly', '3.0', 'None', 'Daily', 'Vegetarian', NULL),
			(90, 'None', '0', 'Daily', '45.2', 'None', 'Weekly', 'Vegetarian', NULL),
			(91, 'Trying to quit', '8', 'Weekly', '13.9', NULL, 'Monthly', 'Vegan', NULL),
			(92, 'None', '0', 'Weekly', '8.4', 'None', 'Weekly', 'Standard Western Diet', NULL),
			(93, 'None', '0', 'Monthly', '3.0', 'None', 'Monthly', 'Vegetarian', NULL),
			(94, 'Used to smoke', '19', 'Weekly', '13.9', NULL, 'Monthly', 'Standard Western Diet', NULL),
			(95, 'None', '0', 'None', '0.0', 'None', 'Daily', 'Vegetarian', NULL),
			(96, 'Used to smoke', '11', 'None', '0.0', 'None', 'Weekly', 'Vegetarian', NULL),
			(97, 'Used to smoke', '20', 'Daily', '40.9', 'None', 'Weekly', 'Carnivore', NULL),
			(98, 'None', '0', 'Daily', '36.2', NULL, 'Weekly', 'Vegan', NULL),
			(99, 'Trying to quit', '4', 'None', '0.0', 'None', 'Sedentary', 'Carnivore', NULL),
			(100, 'None', '0', 'None', '0.0', 'None', 'Weekly', 'Standard Western Diet', NULL),
			(101, 'Used to smoke', '17', 'Weekly', '14.1', 'None', 'Weekly', 'Carnivore', NULL),
			(102, 'None', '0', 'Monthly', '2.4', NULL, 'Weekly', 'Standard Western Diet', NULL),
			(103, 'Used to smoke', '20', 'None', '0.0', 'None', 'Daily', 'Vegan', NULL),
			(104, 'Trying to quit', '9', 'Weekly', '17.7', NULL, 'Monthly', 'Carnivore', NULL),
			(105, 'Used to smoke', '12', 'Monthly', '2.8', NULL, 'Weekly', 'Pescatarian', NULL),
			(106, 'Trying to quit', '5', 'Weekly', '19.6', 'None', 'Weekly', 'Standard Western Diet', NULL),
			(107, 'Used to smoke', '20', 'Weekly', '6.6', NULL, 'Weekly', 'Carnivore', NULL),
			(108, 'Trying to quit', '3', 'None', '0.0', NULL, 'Daily', 'Standard Western Diet', NULL),
			(109, 'None', '0', 'Weekly', '10.8', 'None', 'Monthly', 'Carnivore', NULL),
			(110, 'Used to smoke', '19', 'Weekly', '13.6', NULL, 'Sedentary', 'Standard Western Diet', NULL),
			(111, 'Trying to quit', '2', 'Daily', '29.8', 'None', 'Weekly', 'Vegetarian', NULL),
			(112, 'Trying to quit', '7', 'Monthly', '1.8', 'None', 'Sedentary', 'Standard Western Diet', NULL),
			(113, 'Used to smoke', '13', 'Monthly', '2.1', 'None', 'Sedentary', 'Carnivore', NULL),
			(114, 'Used to smoke', '9', 'Daily', '40.8', 'None', 'Weekly', 'Carnivore', NULL),
			(115, 'None', '0', 'Weekly', '16.1', 'None', 'Daily', 'Vegan', NULL),
			(116, 'None', '0', 'Daily', '44.6', 'None', 'Weekly', 'Standard Western Diet', NULL),
			(117, 'None', '0', 'Weekly', '17.6', NULL, 'Daily', 'Carnivore', NULL),
			(118, 'Trying to quit', '5', 'Weekly', '9.9', NULL, 'Sedentary', 'Carnivore', NULL),
			(119, 'None', '0', 'Daily', '41.0', NULL, 'Sedentary', 'Carnivore', NULL),
			(120, 'Used to smoke', '17', 'Weekly', '15.0', 'None', 'Daily', 'Pescatarian', NULL),
			(121, 'Used to smoke', '17', 'Daily', '37.0', 'None', 'Monthly', 'Carnivore', NULL),
			(122, 'Trying to quit', '3', 'Weekly', '18.0', 'None', 'Daily', 'Standard Western Diet', NULL),
			(123, 'Used to smoke', '18', 'None', '0.0', 'None', 'Monthly', 'Standard Western Diet', NULL),
			(124, 'Trying to quit', '3', 'Weekly', '6.6', 'None', 'Weekly', 'Pescatarian', NULL),
			(125, 'None', '0', 'Weekly', '7.5', 'None', 'Daily', 'Standard Western Diet', NULL),
			(126, 'Trying to quit', '8', 'Weekly', '16.9', 'None', 'Monthly', 'Vegan', NULL),
			(127, 'Used to smoke', '9', 'None', '0.0', 'None', 'Monthly', 'Carnivore', NULL),
			(128, 'Used to smoke', '12', 'Daily', '42.5', 'None', 'Daily', 'Pescatarian', NULL),
			(129, 'Trying to quit', '6', 'None', '0.0', 'None', 'Weekly', 'Vegan', NULL),
			(130, 'None', '0', 'Monthly', '3.6', 'None', 'Sedentary', 'Carnivore', NULL),
			(131, 'Trying to quit', '3', 'Daily', '42.8', 'None', 'Weekly', 'Carnivore', NULL),
			(132, 'Trying to quit', '4', 'None', '0.0', NULL, 'Monthly', 'Vegan', NULL),
			(133, 'None', '0', 'None', '0.0', 'None', 'Daily', 'Carnivore', NULL),
			(134, 'None', '0', 'Weekly', '10.7', 'None', 'Weekly', 'Standard Western Diet', NULL),
			(135, 'Used to smoke', '9', 'Monthly', '3.8', NULL, 'Monthly', 'Carnivore', NULL),
			(136, 'Trying to quit', '1', 'Daily', '38.7', 'None', 'Weekly', 'Vegetarian', NULL),
			(137, 'None', '0', 'Weekly', '11.2', NULL, 'Monthly', 'Carnivore', NULL),
			(138, 'Used to smoke', '9', 'Weekly', '13.7', 'None', 'Daily', 'Vegan', NULL),
			(139, 'Used to smoke', '16', 'None', '0.0', NULL, 'Weekly', 'Carnivore', NULL),
			(140, 'None', '0', 'Daily', '33.2', 'None', 'Daily', 'Vegan', NULL),
			(141, 'Trying to quit', '2', 'Daily', '46.1', 'None', 'Monthly', 'Carnivore', NULL),
			(142, 'Trying to quit', '3', 'None', '0.0', 'None', 'Daily', 'Vegan', NULL),
			(143, 'Trying to quit', '10', 'Monthly', '4.5', NULL, 'Monthly', 'Vegan', NULL),
			(144, 'Used to smoke', '19', 'Weekly', '18.7', NULL, 'Weekly', 'Vegetarian', NULL),
			(145, 'None', '0', 'None', '0.0', NULL, 'Monthly', 'Pescatarian', NULL),
			(146, 'Trying to quit', '6', 'Daily', '40.9', 'None', 'Weekly', 'Pescatarian', NULL),
			(147, 'Used to smoke', '6', 'Daily', '21.8', 'None', 'Weekly', 'Carnivore', NULL),
			(148, 'Used to smoke', '19', 'Weekly', '18.2', NULL, 'Monthly', 'Standard Western Diet', NULL),
			(149, 'Used to smoke', '12', 'Weekly', '18.1', 'None', 'Weekly', 'Carnivore', NULL),
			(150, 'Used to smoke', '13', 'Daily', '41.0', NULL, 'Sedentary', 'Carnivore', NULL),
			(151, 'Used to smoke', '7', 'Daily', '25.5', 'None', 'Monthly', 'Standard Western Diet', NULL),
			(152, 'Used to smoke', '7', 'None', '0.0', 'None', 'Weekly', 'Carnivore', NULL),
			(153, 'Trying to quit', '2', 'Monthly', '2.4', NULL, 'Weekly', 'Carnivore', NULL),
			(154, 'Trying to quit', '1', 'None', '0.0', 'None', 'Weekly', 'Vegan', NULL),
			(155, 'Trying to quit', '5', 'Weekly', '7.7', NULL, 'Daily', 'Pescatarian', NULL),
			(156, 'None', '0', 'Weekly', '13.8', 'None', 'Weekly', 'Pescatarian', NULL),
			(157, 'Trying to quit', '2', 'None', '0.0', NULL, 'Daily', 'Carnivore', NULL),
			(158, 'None', '0', 'Daily', '23.6', NULL, 'Monthly', 'Vegetarian', NULL),
			(159, 'Trying to quit', '1', 'Daily', '25.0', 'None', 'Sedentary', 'Standard Western Diet', NULL),
			(160, 'None', '0', 'None', '0.0', 'None', 'Monthly', 'Pescatarian', NULL),
			(161, 'Used to smoke', '18', 'None', '0.0', 'None', 'Daily', 'Vegan', NULL),
			(162, 'None', '0', 'None', '0.0', 'None', 'Sedentary', 'Standard Western Diet', NULL),
			(163, 'Trying to quit', '7', 'Monthly', '3.8', NULL, 'Sedentary', 'Standard Western Diet', NULL),
			(164, 'None', '0', 'None', '0.0', 'None', 'Weekly', 'Vegan', NULL),
			(165, 'Used to smoke', '6', 'None', '0.0', 'None', 'Daily', 'Standard Western Diet', NULL),
			(166, 'Trying to quit', '10', 'None', '0.0', 'None', 'Monthly', 'Vegetarian', NULL),
			(167, 'Trying to quit', '8', 'None', '0.0', 'None', 'Monthly', 'Vegan', NULL),
			(168, 'Trying to quit', '3', 'Daily', '31.7', NULL, 'Daily', 'Standard Western Diet', NULL),
			(169, 'Used to smoke', '5', 'Monthly', '1.6', 'None', 'Weekly', 'Vegetarian', NULL),
			(170, 'Used to smoke', '5', 'Monthly', '3.2', NULL, 'Daily', 'Standard Western Diet', NULL),
			(171, 'Trying to quit', '1', 'None', '0.0', 'None', 'Monthly', 'Carnivore', NULL),
			(172, 'Used to smoke', '7', 'Monthly', '3.8', 'None', 'Monthly', 'Vegan', NULL),
			(173, 'Used to smoke', '17', 'Daily', '36.2', NULL, 'Weekly', 'Pescatarian', NULL),
			(174, 'None', '0', 'Monthly', '4.1', 'None', 'Daily', 'Vegan', NULL),
			(175, 'Trying to quit', '7', 'Weekly', '16.1', 'None', 'Sedentary', 'Carnivore', NULL),
			(176, 'None', '0', 'Monthly', '2.0', NULL, 'Monthly', 'Standard Western Diet', NULL),
			(177, 'Used to smoke', '14', 'Daily', '28.8', 'None', 'Weekly', 'Vegan', NULL),
			(178, 'Trying to quit', '9', 'Monthly', '3.2', NULL, 'Daily', 'Pescatarian', NULL),
			(179, 'Used to smoke', '19', 'Daily', '24.9', 'None', 'Daily', 'Vegetarian', NULL),
			(180, 'Used to smoke', '19', 'None', '0.0', 'None', 'Weekly', 'Vegetarian', NULL),
			(181, 'Trying to quit', '7', 'Weekly', '15.5', 'None', 'Daily', 'Vegan', NULL),
			(182, 'Used to smoke', '19', 'Daily', '21.6', NULL, 'Weekly', 'Standard Western Diet', NULL),
			(183, 'Trying to quit', '8', 'None', '0.0', 'None', 'Monthly', 'Pescatarian', NULL),
			(184, 'Used to smoke', '17', 'Monthly', '3.6', 'None', 'Daily', 'Vegan', NULL),
			(185, 'Used to smoke', '7', 'None', '0.0', 'None', 'Daily', 'Vegetarian', NULL),
			(186, 'None', '0', 'Daily', '40.2', 'None', 'Weekly', 'Vegetarian', NULL),
			(187, 'Used to smoke', '8', 'None', '0.0', NULL, 'Monthly', 'Vegan', NULL),
			(188, 'Used to smoke', '7', 'Monthly', '1.4', NULL, 'Weekly', 'Pescatarian', NULL),
			(189, 'None', '0', 'Monthly', '2.4', NULL, 'Sedentary', 'Standard Western Diet', NULL),
			(190, 'None', '0', 'Weekly', '8.1', 'None', 'Weekly', 'Standard Western Diet', NULL),
			(191, 'Trying to quit', '8', 'None', '0.0', 'None', 'Weekly', 'Carnivore', NULL),
			(192, 'None', '0', 'Daily', '27.5', NULL, 'Monthly', 'Carnivore', NULL),
			(193, 'Used to smoke', '13', 'Weekly', '12.5', 'None', 'Monthly', 'Carnivore', NULL),
			(194, 'None', '0', 'Monthly', '4.4', NULL, 'Sedentary', 'Standard Western Diet', NULL),
			(195, 'Used to smoke', '5', 'Daily', '46.6', NULL, 'Monthly', 'Vegetarian', NULL),
			(196, 'Trying to quit', '4', 'Weekly', '6.2', 'None', 'Daily', 'Pescatarian', NULL),
			(197, 'Trying to quit', '9', 'Daily', '32.1', NULL, 'Sedentary', 'Carnivore', NULL),
			(198, 'Trying to quit', '9', 'None', '0.0', NULL, 'Monthly', 'Standard Western Diet', NULL),
			(199, 'None', '0', 'Weekly', '13.1', 'None', 'Weekly', 'Vegan', NULL),
			(200, 'None', '0', 'None', '0.0', NULL, 'Sedentary', 'Pescatarian', NULL),
			(201, 'None', '0', 'None', '0.0', NULL, 'Sedentary', 'Pescatarian', NULL),
			(202, 'Trying to quit', '6', 'Daily', '47.1', 'None', 'Daily', 'Vegetarian', NULL),
			(203, 'Trying to quit', '5', 'Daily', '39.3', NULL, 'Weekly', 'Pescatarian', NULL),
			(204, 'None', '0', 'Monthly', '4.0', 'None', 'Sedentary', 'Vegan', NULL),
			(205, 'None', '0', 'None', '0.0', NULL, 'Daily', 'Vegan', NULL),
			(206, 'Trying to quit', '2', 'Weekly', '16.6', NULL, 'Daily', 'Standard Western Diet', NULL),
			(207, 'Trying to quit', '7', 'Weekly', '13.6', 'None', 'Sedentary', 'Carnivore', NULL),
			(208, 'Trying to quit', '2', 'Weekly', '13.4', 'None', 'Monthly', 'Standard Western Diet', NULL),
			(209, 'None', '0', 'Daily', '45.6', 'None', 'Weekly', 'Carnivore', NULL),
			(210, 'None', '0', 'None', '0.0', 'None', 'Monthly', 'Pescatarian', NULL),
			(211, 'Used to smoke', '19', 'Weekly', '11.9', NULL, 'Daily', 'Carnivore', NULL),
			(212, 'Trying to quit', '4', 'Monthly', '4.6', NULL, 'Sedentary', 'Standard Western Diet', NULL),
			(213, 'Trying to quit', '2', 'Monthly', '1.8', 'None', 'Daily', 'Pescatarian', NULL),
			(214, 'None', '0', 'Daily', '45.2', 'None', 'Monthly', 'Standard Western Diet', NULL),
			(215, 'None', '0', 'Monthly', '3.3', 'None', 'Monthly', 'Vegetarian', NULL),
			(216, 'Used to smoke', '19', 'Monthly', '2.2', 'None', 'Daily', 'Carnivore', NULL),
			(217, 'Trying to quit', '4', 'Monthly', '3.1', NULL, 'Weekly', 'Pescatarian', NULL),
			(218, 'None', '0', 'Daily', '35.8', NULL, 'Sedentary', 'Standard Western Diet', NULL),
			(219, 'Used to smoke', '19', 'Monthly', '1.1', 'None', 'Sedentary', 'Standard Western Diet', NULL),
			(220, 'None', '0', 'Monthly', '2.4', NULL, 'Sedentary', 'Carnivore', NULL),
			(221, 'Trying to quit', '5', 'Monthly', '1.5', 'None', 'Monthly', 'Vegetarian', NULL),
			(222, 'Used to smoke', '7', 'None', '0.0', NULL, 'Sedentary', 'Vegan', NULL),
			(223, 'None', '0', 'Monthly', '3.9', NULL, 'Sedentary', 'Standard Western Diet', NULL),
			(224, 'None', '0', 'Monthly', '2.1', NULL, 'Daily', 'Standard Western Diet', NULL),
			(225, 'Used to smoke', '13', 'Weekly', '10.5', 'None', 'Daily', 'Pescatarian', NULL),
			(226, 'Trying to quit', '6', 'Daily', '39.0', 'None', 'Weekly', 'Vegetarian', NULL),
			(227, 'Trying to quit', '3', 'Weekly', '18.5', NULL, 'Sedentary', 'Vegan', NULL),
			(228, 'Trying to quit', '6', 'None', '0.0', 'None', 'Sedentary', 'Vegan', NULL),
			(229, 'Trying to quit', '5', 'Weekly', '10.4', 'None', 'Daily', 'Vegetarian', NULL),
			(230, 'None', '0', 'Monthly', '3.5', NULL, 'Weekly', 'Standard Western Diet', NULL),
			(231, 'None', '0', 'Weekly', '19.9', 'None', 'Daily', 'Carnivore', NULL),
			(232, 'None', '0', 'Monthly', '3.3', 'None', 'Sedentary', 'Standard Western Diet', NULL),
			(233, 'None', '0', 'Weekly', '13.8', 'None', 'Sedentary', 'Standard Western Diet', NULL),
			(234, 'Trying to quit', '9', 'Daily', '32.2', 'None', 'Daily', 'Vegan', NULL),
			(235, 'Used to smoke', '12', 'Weekly', '11.8', 'None', 'Sedentary', 'Carnivore', NULL),
			(236, 'Trying to quit', '5', 'Monthly', '3.8', 'None', 'Monthly', 'Standard Western Diet', NULL),
			(237, 'Trying to quit', '10', 'Monthly', '3.2', 'None', 'Sedentary', 'Standard Western Diet', NULL),
			(238, 'Used to smoke', '10', 'Daily', '38.3', 'None', 'Monthly', 'Carnivore', NULL),
			(239, 'None', '0', 'None', '0.0', NULL, 'Daily', 'Pescatarian', NULL),
			(240, 'None', '0', 'Monthly', '3.9', 'None', 'Sedentary', 'Carnivore', NULL),
			(241, 'None', '0', 'Weekly', '10.2', 'None', 'Daily', 'Pescatarian', NULL),
			(242, 'None', '0', 'Monthly', '2.7', 'None', 'Monthly', 'Vegetarian', NULL),
			(243, 'None', '0', 'Daily', '22.5', 'None', 'Weekly', 'Pescatarian', NULL),
			(244, 'None', '0', 'Weekly', '10.1', NULL, 'Weekly', 'Vegetarian', NULL),
			(245, 'Trying to quit', '6', 'Daily', '21.1', 'None', 'Sedentary', 'Vegan', NULL),
			(246, 'Trying to quit', '1', 'Monthly', '3.4', NULL, 'Sedentary', 'Vegetarian', NULL),
			(247, 'Trying to quit', '7', 'Monthly', '5.0', 'None', 'Daily', 'Standard Western Diet', NULL),
			(248, 'Trying to quit', '5', 'Monthly', '1.2', 'None', 'Weekly', 'Pescatarian', NULL),
			(249, 'Trying to quit', '6', 'Weekly', '5.9', 'None', 'Monthly', 'Standard Western Diet', NULL),
			(250, 'Used to smoke', '5', 'None', '0.0', NULL, 'Sedentary', 'Vegetarian', NULL),
			(251, 'None', '0', 'Weekly', '13.4', 'None', 'Sedentary', 'Vegan', NULL),
			(252, 'Trying to quit', '9', 'None', '0.0', 'None', 'Daily', 'Pescatarian', NULL),
			(253, 'Trying to quit', '1', 'Daily', '29.9', NULL, 'Weekly', 'Vegetarian', NULL),
			(254, 'Used to smoke', '20', 'Monthly', '4.5', 'None', 'Daily', 'Pescatarian', NULL),
			(255, 'Used to smoke', '17', 'Daily', '34.5', 'None', 'Sedentary', 'Standard Western Diet', NULL),
			(256, 'Trying to quit', '7', 'Monthly', '1.9', NULL, 'Daily', 'Standard Western Diet', NULL),
			(257, 'Trying to quit', '7', 'Daily', '39.9', NULL, 'Sedentary', 'Vegan', NULL),
			(258, 'None', '0', 'Weekly', '10.3', NULL, 'Weekly', 'Carnivore', NULL),
			(259, 'Used to smoke', '6', 'Daily', '39.2', 'None', 'Daily', 'Vegetarian', NULL),
			(260, 'Used to smoke', '10', 'Daily', '35.9', 'None', 'Monthly', 'Vegetarian', NULL),
			(261, 'Used to smoke', '10', 'Daily', '30.0', 'None', 'Sedentary', 'Pescatarian', NULL),
			(262, 'None', '0', 'Daily', '22.3', NULL, 'Sedentary', 'Vegan', NULL),
			(263, 'Used to smoke', '6', 'Weekly', '11.3', 'None', 'Daily', 'Carnivore', NULL),
			(264, 'Trying to quit', '6', 'None', '0.0', 'None', 'Sedentary', 'Standard Western Diet', NULL),
			(265, 'Trying to quit', '5', 'Weekly', '13.5', 'None', 'Weekly', 'Standard Western Diet', NULL),
			(266, 'Trying to quit', '8', 'Weekly', '7.0', 'None', 'Sedentary', 'Vegetarian', NULL),
			(267, 'Used to smoke', '6', 'None', '0.0', NULL, 'Sedentary', 'Standard Western Diet', NULL),
			(268, 'None', '0', 'Monthly', '2.8', NULL, 'Weekly', 'Vegan', NULL),
			(269, 'None', '0', 'Daily', '24.0', 'None', 'Daily', 'Vegan', NULL),
			(270, 'Used to smoke', '20', 'Monthly', '4.4', 'None', 'Sedentary', 'Carnivore', NULL),
			(271, 'None', '0', 'Weekly', '12.9', 'None', 'Monthly', 'Standard Western Diet', NULL),
			(272, 'Used to smoke', '6', 'Monthly', '3.7', 'None', 'Monthly', 'Vegan', NULL),
			(273, 'None', '0', 'Monthly', '4.7', 'None', 'Daily', 'Pescatarian', NULL),
			(274, 'Trying to quit', '9', 'None', '0.0', 'None', 'Sedentary', 'Pescatarian', NULL),
			(275, 'Trying to quit', '1', 'None', '0.0', 'None', 'Daily', 'Vegan', NULL),
			(276, 'Trying to quit', '6', 'Weekly', '9.4', NULL, 'Sedentary', 'Carnivore', NULL),
			(277, 'Trying to quit', '2', 'Daily', '30.6', NULL, 'Daily', 'Vegan', NULL),
			(278, 'Trying to quit', '6', 'Weekly', '6.5', 'None', 'Sedentary', 'Pescatarian', NULL),
			(279, 'Trying to quit', '4', 'Weekly', '7.6', 'None', 'Daily', 'Pescatarian', NULL),
			(280, 'None', '0', 'None', '0.0', 'None', 'Weekly', 'Vegetarian', NULL),
			(281, 'Used to smoke', '20', 'Daily', '39.2', 'None', 'Daily', 'Pescatarian', NULL),
			(282, 'None', '0', 'Daily', '33.4', NULL, 'Weekly', 'Pescatarian', NULL),
			(283, 'Trying to quit', '5', 'Weekly', '5.6', 'None', 'Weekly', 'Carnivore', NULL),
			(284, 'Trying to quit', '4', 'Monthly', '3.9', 'None', 'Weekly', 'Vegan', NULL),
			(285, 'None', '0', 'Daily', '49.8', 'None', 'Weekly', 'Pescatarian', NULL),
			(286, 'Used to smoke', '16', 'Monthly', '2.9', 'None', 'Sedentary', 'Standard Western Diet', NULL),
			(287, 'Used to smoke', '13', 'None', '0.0', 'None', 'Daily', 'Carnivore', NULL),
			(288, 'None', '0', 'None', '0.0', 'None', 'Daily', 'Standard Western Diet', NULL),
			(289, 'Trying to quit', '10', 'Monthly', '2.0', 'None', 'Weekly', 'Standard Western Diet', NULL),
			(290, 'None', '0', 'Monthly', '4.1', 'None', 'Daily', 'Carnivore', NULL),
			(291, 'None', '0', 'None', '0.0', 'None', 'Daily', 'Vegetarian', NULL),
			(292, 'Trying to quit', '8', 'Monthly', '3.7', 'None', 'Sedentary', 'Standard Western Diet', NULL),
			(293, 'Used to smoke', '9', 'Daily', '30.4', NULL, 'Sedentary', 'Vegan', NULL),
			(294, 'Trying to quit', '8', 'Monthly', '2.1', 'None', 'Sedentary', 'Pescatarian', NULL),
			(295, 'None', '0', 'None', '0.0', NULL, 'Daily', 'Vegetarian', NULL),
			(296, 'None', '0', 'Weekly', '12.0', NULL, 'Monthly', 'Vegan', NULL),
			(297, 'Trying to quit', '10', 'Daily', '42.5', NULL, 'Weekly', 'Carnivore', NULL),
			(298, 'Used to smoke', '13', 'Daily', '35.2', NULL, 'Monthly', 'Vegan', NULL),
			(299, 'Used to smoke', '8', 'Monthly', '2.6', NULL, 'Monthly', 'Vegetarian', NULL),
			(300, 'Trying to quit', '4', 'Daily', '35.6', 'None', 'Sedentary', 'Vegetarian', NULL),
			(301, 'Trying to quit', '9', 'Weekly', '14.2', NULL, 'Sedentary', 'Carnivore', NULL),
			(302, 'Used to smoke', '10', 'Weekly', '19.1', 'None', 'Monthly', 'Pescatarian', NULL),
			(303, 'Used to smoke', '5', 'Daily', '23.1', 'None', 'Monthly', 'Standard Western Diet', NULL),
			(304, 'Trying to quit', '2', 'None', '0.0', NULL, 'Weekly', 'Vegan', NULL),
			(305, 'Trying to quit', '5', 'Daily', '24.9', NULL, 'Weekly', 'Vegetarian', NULL),
			(306, 'None', '0', 'Daily', '26.5', NULL, 'Weekly', 'Pescatarian', NULL),
			(307, 'Trying to quit', '4', 'None', '0.0', 'None', 'Sedentary', 'Pescatarian', NULL),
			(308, 'Trying to quit', '7', 'None', '0.0', 'None', 'Daily', 'Carnivore', NULL),
			(309, 'None', '0', 'Monthly', '4.6', 'None', 'Daily', 'Carnivore', NULL),
			(310, 'Trying to quit', '6', 'Daily', '36.6', 'None', 'Sedentary', 'Vegetarian', NULL),
			(311, 'None', '0', 'None', '0.0', NULL, 'Weekly', 'Carnivore', NULL),
			(312, 'Used to smoke', '5', 'None', '0.0', 'None', 'Weekly', 'Standard Western Diet', NULL),
			(313, 'Used to smoke', '9', 'Monthly', '4.9', 'None', 'Sedentary', 'Pescatarian', NULL),
			(314, 'Trying to quit', '7', 'Daily', '34.7', 'None', 'Daily', 'Vegan', NULL),
			(315, 'Trying to quit', '10', 'None', '0.0', NULL, 'Monthly', 'Carnivore', NULL),
			(316, 'Trying to quit', '3', 'Monthly', '2.3', NULL, 'Weekly', 'Pescatarian', NULL),
			(317, 'Used to smoke', '14', 'Daily', '46.6', 'None', 'Daily', 'Standard Western Diet', NULL),
			(318, 'Trying to quit', '10', 'None', '0.0', 'None', 'Monthly', 'Standard Western Diet', NULL),
			(319, 'Trying to quit', '6', 'Monthly', '1.6', NULL, 'Sedentary', 'Standard Western Diet', NULL),
			(320, 'Trying to quit', '1', 'None', '0.0', 'None', 'Weekly', 'Pescatarian', NULL),
			(321, 'None', '0', 'Daily', '27.6', 'None', 'Sedentary', 'Vegetarian', NULL),
			(322, 'None', '0', 'Weekly', '8.9', 'None', 'Monthly', 'Vegetarian', NULL),
			(323, 'Trying to quit', '8', 'Weekly', '16.2', 'None', 'Sedentary', 'Standard Western Diet', NULL),
			(324, 'Used to smoke', '19', 'Daily', '30.6', 'None', 'Monthly', 'Pescatarian', NULL),
			(325, 'Used to smoke', '18', 'None', '0.0', NULL, 'Sedentary', 'Vegan', NULL),
			(326, 'None', '0', 'Monthly', '1.7', 'None', 'Monthly', 'Standard Western Diet', NULL),
			(327, 'Used to smoke', '14', 'Daily', '40.3', 'None', 'Weekly', 'Pescatarian', NULL),
			(328, 'None', '0', 'Monthly', '3.8', NULL, 'Daily', 'Pescatarian', NULL),
			(329, 'Used to smoke', '12', 'Weekly', '15.1', 'None', 'Daily', 'Carnivore', NULL),
			(330, 'Used to smoke', '11', 'None', '0.0', 'None', 'Weekly', 'Vegetarian', NULL),
			(331, 'None', '0', 'Weekly', '13.0', 'None', 'Weekly', 'Carnivore', NULL),
			(332, 'Trying to quit', '7', 'Weekly', '15.1', 'None', 'Weekly', 'Carnivore', NULL),
			(333, 'None', '0', 'Daily', '28.3', 'None', 'Sedentary', 'Vegetarian', NULL),
			(334, 'None', '0', 'Monthly', '2.2', 'None', 'Monthly', 'Vegetarian', NULL),
			(335, 'Used to smoke', '5', 'None', '0.0', 'None', 'Weekly', 'Vegetarian', NULL),
			(336, 'Trying to quit', '7', 'None', '0.0', 'None', 'Weekly', 'Vegetarian', NULL),
			(337, 'Trying to quit', '5', 'Weekly', '18.1', 'None', 'Sedentary', 'Carnivore', NULL),
			(338, 'None', '0', 'Daily', '41.0', 'None', 'Sedentary', 'Pescatarian', NULL),
			(339, 'None', '0', 'Daily', '45.7', 'None', 'Monthly', 'Pescatarian', NULL),
			(340, 'Trying to quit', '6', 'Monthly', '3.7', 'None', 'Daily', 'Carnivore', NULL),
			(341, 'Used to smoke', '16', 'Weekly', '18.4', NULL, 'Daily', 'Standard Western Diet', NULL),
			(342, 'Used to smoke', '10', 'Daily', '49.5', NULL, 'Weekly', 'Vegan', NULL),
			(343, 'Trying to quit', '4', 'Weekly', '5.4', 'None', 'Monthly', 'Carnivore', NULL),
			(344, 'Used to smoke', '12', 'Daily', '35.1', NULL, 'Weekly', 'Vegan', NULL),
			(345, 'None', '0', 'Weekly', '10.6', NULL, 'Weekly', 'Pescatarian', NULL),
			(346, 'None', '0', 'Weekly', '14.1', 'None', 'Weekly', 'Pescatarian', NULL),
			(347, 'Used to smoke', '10', 'Daily', '48.7', 'None', 'Daily', 'Standard Western Diet', NULL),
			(348, 'Trying to quit', '6', 'Monthly', '1.6', NULL, 'Sedentary', 'Pescatarian', NULL),
			(349, 'Trying to quit', '5', 'Weekly', '16.4', 'None', 'Monthly', 'Vegan', NULL),
			(350, 'Used to smoke', '13', 'Weekly', '14.4', 'None', 'Daily', 'Carnivore', NULL),
			(351, 'Used to smoke', '7', 'None', '0.0', NULL, 'Daily', 'Pescatarian', NULL),
			(352, 'Trying to quit', '2', 'Weekly', '6.7', NULL, 'Daily', 'Carnivore', NULL),
			(353, 'Trying to quit', '6', 'Monthly', '1.5', 'None', 'Monthly', 'Vegan', NULL),
			(354, 'Used to smoke', '5', 'None', '0.0', 'None', 'Sedentary', 'Vegetarian', NULL),
			(355, 'None', '0', 'Daily', '27.0', 'None', 'Monthly', 'Carnivore', NULL),
			(356, 'Used to smoke', '6', 'Daily', '32.4', 'None', 'Weekly', 'Vegetarian', NULL),
			(357, 'Trying to quit', '1', 'Monthly', '4.5', NULL, 'Monthly', 'Vegan', NULL),
			(358, 'Used to smoke', '15', 'Daily', '25.8', 'None', 'Sedentary', 'Vegetarian', NULL),
			(359, 'None', '0', 'None', '0.0', 'None', 'Weekly', 'Carnivore', NULL),
			(360, 'Used to smoke', '17', 'None', '0.0', 'None', 'Weekly', 'Vegan', NULL),
			(361, 'None', '0', 'None', '0.0', NULL, 'Sedentary', 'Pescatarian', NULL),
			(362, 'None', '0', 'Daily', '24.3', NULL, 'Weekly', 'Vegan', NULL),
			(363, 'Used to smoke', '12', 'Monthly', '2.3', NULL, 'Daily', 'Vegan', NULL),
			(364, 'Trying to quit', '5', 'Daily', '47.6', NULL, 'Daily', 'Vegan', NULL),
			(365, 'None', '0', 'Weekly', '8.7', NULL, 'Monthly', 'Standard Western Diet', NULL),
			(366, 'Trying to quit', '3', 'Weekly', '8.2', NULL, 'Sedentary', 'Vegetarian', NULL),
			(367, 'Used to smoke', '17', 'None', '0.0', 'None', 'Weekly', 'Carnivore', NULL),
			(368, 'Trying to quit', '9', 'Weekly', '16.5', 'None', 'Monthly', 'Vegan', NULL),
			(369, 'Used to smoke', '19', 'Daily', '43.1', 'None', 'Weekly', 'Pescatarian', NULL),
			(370, 'None', '0', 'Weekly', '19.1', 'None', 'Daily', 'Carnivore', NULL),
			(371, 'Used to smoke', '20', 'Daily', '28.5', 'None', 'Daily', 'Pescatarian', NULL),
			(372, 'Used to smoke', '14', 'Daily', '35.5', 'None', 'Weekly', 'Carnivore', NULL),
			(373, 'Trying to quit', '7', 'Monthly', '3.2', 'None', 'Monthly', 'Pescatarian', NULL),
			(374, 'Used to smoke', '5', 'Weekly', '19.1', NULL, 'Monthly', 'Vegan', NULL),
			(375, 'None', '0', 'None', '0.0', 'None', 'Weekly', 'Vegan', NULL),
			(376, 'Trying to quit', '9', 'Monthly', '1.1', NULL, 'Sedentary', 'Vegan', NULL),
			(377, 'Trying to quit', '5', 'None', '0.0', 'None', 'Daily', 'Standard Western Diet', NULL),
			(378, 'Used to smoke', '7', 'Monthly', '1.5', 'None', 'Daily', 'Pescatarian', NULL),
			(379, 'None', '0', 'Weekly', '5.6', 'None', 'Weekly', 'Vegetarian', NULL),
			(380, 'Trying to quit', '5', 'None', '0.0', 'None', 'Monthly', 'Standard Western Diet', NULL),
			(381, 'Used to smoke', '10', 'Weekly', '5.5', 'None', 'Daily', 'Vegan', NULL),
			(382, 'None', '0', 'None', '0.0', 'None', 'Sedentary', 'Standard Western Diet', NULL),
			(383, 'Trying to quit', '9', 'Weekly', '12.9', 'None', 'Sedentary', 'Vegetarian', NULL),
			(384, 'None', '0', 'Monthly', '4.0', NULL, 'Weekly', 'Vegan', NULL),
			(385, 'None', '0', 'Daily', '20.2', NULL, 'Daily', 'Standard Western Diet', NULL),
			(386, 'None', '0', 'None', '0.0', 'None', 'Weekly', 'Carnivore', NULL),
			(387, 'None', '0', 'Weekly', '11.3', 'None', 'Daily', 'Vegan', NULL),
			(388, 'Trying to quit', '8', 'None', '0.0', NULL, 'Sedentary', 'Vegan', NULL),
			(389, 'Used to smoke', '13', 'Daily', '42.2', 'None', 'Daily', 'Standard Western Diet', NULL),
			(390, 'None', '0', 'Monthly', '2.1', 'None', 'Daily', 'Pescatarian', NULL),
			(391, 'Trying to quit', '3', 'Daily', '23.8', 'None', 'Weekly', 'Carnivore', NULL),
			(392, 'Used to smoke', '13', 'Weekly', '14.6', 'None', 'Daily', 'Vegan', NULL),
			(393, 'None', '0', 'None', '0.0', 'None', 'Weekly', 'Pescatarian', NULL),
			(394, 'None', '0', 'Weekly', '13.3', NULL, 'Sedentary', 'Pescatarian', NULL),
			(395, 'None', '0', 'Daily', '25.6', 'None', 'Daily', 'Standard Western Diet', NULL),
			(396, 'Used to smoke', '14', 'Weekly', '13.0', 'None', 'Sedentary', 'Standard Western Diet', NULL),
			(397, 'Trying to quit', '5', 'Weekly', '6.0', 'None', 'Monthly', 'Standard Western Diet', NULL),
			(398, 'Used to smoke', '6', 'Weekly', '13.4', 'None', 'Weekly', 'Pescatarian', NULL),
			(399, 'None', '0', 'Daily', '37.8', 'None', 'Monthly', 'Vegan', NULL),
			(400, 'Used to smoke', '9', 'Monthly', '1.5', 'None', 'Weekly', 'Standard Western Diet', NULL),
			(401, 'None', '0', 'None', '0.0', NULL, 'Weekly', 'Standard Western Diet', NULL),
			(402, 'None', '0', 'Daily', '32.0', NULL, 'Sedentary', 'Vegetarian', NULL),
			(403, 'Trying to quit', '10', 'Daily', '46.5', 'None', 'Weekly', 'Vegetarian', NULL),
			(404, 'Trying to quit', '7', 'None', '0.0', 'None', 'Weekly', 'Carnivore', NULL),
			(405, 'Trying to quit', '3', 'Daily', '33.6', 'None', 'Weekly', 'Vegetarian', NULL),
			(406, 'None', '0', 'Daily', '41.6', 'None', 'Monthly', 'Vegetarian', NULL),
			(407, 'Trying to quit', '9', 'Weekly', '10.8', 'None', 'Weekly', 'Standard Western Diet', NULL),
			(408, 'Trying to quit', '1', 'Daily', '25.7', NULL, 'Sedentary', 'Vegetarian', NULL),
			(409, 'Used to smoke', '13', 'None', '0.0', 'None', 'Monthly', 'Carnivore', NULL),
			(410, 'None', '0', 'Weekly', '15.0', 'None', 'Sedentary', 'Carnivore', NULL),
			(411, 'Trying to quit', '6', 'Daily', '44.9', NULL, 'Monthly', 'Pescatarian', NULL),
			(412, 'Used to smoke', '11', 'Weekly', '11.7', 'None', 'Daily', 'Vegan', NULL),
			(413, 'Trying to quit', '5', 'Weekly', '5.2', NULL, 'Daily', 'Carnivore', NULL),
			(414, 'Trying to quit', '8', 'Weekly', '7.1', NULL, 'Sedentary', 'Pescatarian', NULL),
			(415, 'Used to smoke', '16', 'Daily', '28.4', NULL, 'Monthly', 'Carnivore', NULL),
			(416, 'Used to smoke', '17', 'Daily', '33.3', NULL, 'Weekly', 'Carnivore', NULL),
			(417, 'Trying to quit', '8', 'None', '0.0', 'None', 'Sedentary', 'Carnivore', NULL),
			(418, 'Trying to quit', '2', 'Weekly', '6.3', 'None', 'Daily', 'Pescatarian', NULL),
			(419, 'Trying to quit', '7', 'Daily', '32.1', NULL, 'Daily', 'Vegan', NULL),
			(420, 'Used to smoke', '18', 'Monthly', '4.0', NULL, 'Monthly', 'Carnivore', NULL),
			(421, 'Used to smoke', '8', 'Daily', '48.6', 'None', 'Monthly', 'Pescatarian', NULL),
			(422, 'Used to smoke', '14', 'Weekly', '12.5', 'None', 'Monthly', 'Vegetarian', NULL),
			(423, 'Used to smoke', '19', 'None', '0.0', 'None', 'Sedentary', 'Carnivore', NULL),
			(424, 'None', '0', 'None', '0.0', 'None', 'Monthly', 'Vegan', NULL),
			(425, 'Trying to quit', '3', 'Weekly', '16.4', 'None', 'Sedentary', 'Carnivore', NULL),
			(426, 'None', '0', 'None', '0.0', 'None', 'Daily', 'Pescatarian', NULL),
			(427, 'None', '0', 'Monthly', '4.2', NULL, 'Monthly', 'Pescatarian', NULL),
			(428, 'None', '0', 'Daily', '39.3', 'None', 'Sedentary', 'Vegan', NULL),
			(429, 'Used to smoke', '11', 'Weekly', '14.2', NULL, 'Monthly', 'Carnivore', NULL),
			(430, 'Used to smoke', '9', 'Daily', '36.7', 'None', 'Monthly', 'Pescatarian', NULL),
			(431, 'None', '0', 'None', '0.0', NULL, 'Sedentary', 'Standard Western Diet', NULL),
			(432, 'Trying to quit', '7', 'Monthly', '3.8', 'None', 'Monthly', 'Pescatarian', NULL),
			(433, 'None', '0', 'None', '0.0', NULL, 'Monthly', 'Carnivore', NULL),
			(434, 'Used to smoke', '11', 'Monthly', '2.5', 'None', 'Monthly', 'Pescatarian', NULL),
			(435, 'None', '0', 'None', '0.0', 'None', 'Sedentary', 'Vegan', NULL),
			(436, 'Used to smoke', '10', 'Weekly', '8.1', 'None', 'Monthly', 'Carnivore', NULL),
			(437, 'Used to smoke', '16', 'Weekly', '14.9', 'None', 'Sedentary', 'Pescatarian', NULL),
			(438, 'Trying to quit', '10', 'Monthly', '3.4', NULL, 'Monthly', 'Standard Western Diet', NULL),
			(439, 'Trying to quit', '6', 'Monthly', '4.0', 'None', 'Daily', 'Standard Western Diet', NULL),
			(440, 'Trying to quit', '10', 'Weekly', '14.3', 'None', 'Monthly', 'Pescatarian', NULL),
			(441, 'Trying to quit', '8', 'None', '0.0', NULL, 'Sedentary', 'Vegan', NULL),
			(442, 'Used to smoke', '9', 'Weekly', '11.7', 'None', 'Sedentary', 'Carnivore', NULL),
			(443, 'Trying to quit', '8', 'Monthly', '3.9', NULL, 'Daily', 'Pescatarian', NULL),
			(444, 'Trying to quit', '4', 'None', '0.0', NULL, 'Weekly', 'Pescatarian', NULL),
			(445, 'Used to smoke', '5', 'Weekly', '17.1', NULL, 'Monthly', 'Standard Western Diet', NULL),
			(446, 'Trying to quit', '2', 'Daily', '24.3', 'None', 'Sedentary', 'Vegan', NULL),
			(447, 'Trying to quit', '1', 'Daily', '24.0', 'None', 'Sedentary', 'Vegetarian', NULL),
			(448, 'Trying to quit', '7', 'None', '0.0', 'None', 'Weekly', 'Vegan', NULL),
			(449, 'Trying to quit', '1', 'Weekly', '13.3', 'None', 'Daily', 'Vegetarian', NULL),
			(450, 'Trying to quit', '4', 'Monthly', '1.6', 'None', 'Sedentary', 'Pescatarian', NULL),
			(451, 'Trying to quit', '8', 'Daily', '37.7', 'None', 'Sedentary', 'Vegetarian', NULL),
			(452, 'Trying to quit', '3', 'Monthly', '2.5', NULL, 'Sedentary', 'Pescatarian', NULL),
			(453, 'Trying to quit', '2', 'None', '0.0', NULL, 'Daily', 'Standard Western Diet', NULL),
			(454, 'None', '0', 'Daily', '24.5', 'None', 'Daily', 'Pescatarian', NULL),
			(455, 'Used to smoke', '15', 'None', '0.0', 'None', 'Weekly', 'Vegetarian', NULL),
			(456, 'Trying to quit', '10', 'None', '0.0', 'None', 'Sedentary', 'Vegetarian', NULL),
			(457, 'Trying to quit', '2', 'Weekly', '8.5', 'None', 'Weekly', 'Vegan', NULL),
			(458, 'Used to smoke', '20', 'None', '0.0', 'None', 'Monthly', 'Vegan', NULL),
			(459, 'None', '0', 'Weekly', '5.7', 'None', 'Monthly', 'Carnivore', NULL),
			(460, 'Used to smoke', '19', 'Daily', '39.1', 'None', 'Sedentary', 'Pescatarian', NULL),
			(461, 'Trying to quit', '3', 'Daily', '36.5', NULL, 'Weekly', 'Vegan', NULL),
			(462, 'Used to smoke', '16', 'None', '0.0', NULL, 'Monthly', 'Vegetarian', NULL),
			(463, 'None', '0', 'Monthly', '2.0', 'None', 'Monthly', 'Carnivore', NULL),
			(464, 'Trying to quit', '5', 'Weekly', '10.0', NULL, 'Weekly', 'Vegan', NULL),
			(465, 'None', '0', 'Weekly', '17.4', 'None', 'Weekly', 'Carnivore', NULL),
			(466, 'Trying to quit', '4', 'None', '0.0', 'None', 'Weekly', 'Vegan', NULL),
			(467, 'None', '0', 'None', '0.0', NULL, 'Sedentary', 'Vegetarian', NULL),
			(468, 'None', '0', 'Daily', '35.0', 'None', 'Sedentary', 'Vegan', NULL),
			(469, 'Used to smoke', '10', 'Daily', '39.1', NULL, 'Daily', 'Vegan', NULL),
			(470, 'None', '0', 'None', '0.0', 'None', 'Sedentary', 'Standard Western Diet', NULL),
			(471, 'Used to smoke', '8', 'Daily', '39.7', 'None', 'Monthly', 'Standard Western Diet', NULL),
			(472, 'Trying to quit', '10', 'Monthly', '4.7', 'None', 'Weekly', 'Vegan', NULL),
			(473, 'Trying to quit', '3', 'Weekly', '13.5', NULL, 'Daily', 'Vegan', NULL),
			(474, 'Used to smoke', '9', 'Weekly', '19.4', 'None', 'Monthly', 'Vegan', NULL),
			(475, 'None', '0', 'Weekly', '14.4', 'None', 'Daily', 'Carnivore', NULL),
			(476, 'Used to smoke', '19', 'Monthly', '1.2', 'None', 'Sedentary', 'Vegetarian', NULL),
			(477, 'Used to smoke', '6', 'Monthly', '1.6', NULL, 'Sedentary', 'Vegetarian', NULL),
			(478, 'None', '0', 'Monthly', '2.5', 'None', 'Daily', 'Vegetarian', NULL),
			(479, 'Used to smoke', '10', 'None', '0.0', NULL, 'Daily', 'Carnivore', NULL),
			(480, 'Trying to quit', '4', 'None', '0.0', 'None', 'Monthly', 'Pescatarian', NULL),
			(481, 'Trying to quit', '7', 'Weekly', '11.1', 'None', 'Monthly', 'Pescatarian', NULL),
			(482, 'None', '0', 'None', '0.0', NULL, 'Sedentary', 'Carnivore', NULL),
			(483, 'Trying to quit', '4', 'None', '0.0', 'None', 'Daily', 'Vegan', NULL),
			(484, 'None', '0', 'Monthly', '1.6', 'None', 'Sedentary', 'Pescatarian', NULL),
			(485, 'None', '0', 'Monthly', '4.0', 'None', 'Daily', 'Pescatarian', NULL),
			(486, 'Trying to quit', '3', 'Monthly', '3.6', NULL, 'Weekly', 'Pescatarian', NULL),
			(487, 'None', '0', 'Weekly', '16.3', 'None', 'Monthly', 'Pescatarian', NULL),
			(488, 'Used to smoke', '15', 'Monthly', '4.0', 'None', 'Monthly', 'Standard Western Diet', NULL),
			(489, 'Used to smoke', '9', 'Monthly', '2.8', NULL, 'Weekly', 'Pescatarian', NULL),
			(490, 'None', '0', 'Monthly', '3.2', 'None', 'Weekly', 'Standard Western Diet', NULL),
			(491, 'None', '0', 'Daily', '34.6', 'None', 'Daily', 'Standard Western Diet', NULL),
			(492, 'Used to smoke', '9', 'None', '0.0', 'None', 'Monthly', 'Vegan', NULL),
			(493, 'Trying to quit', '1', 'Daily', '32.1', NULL, 'Weekly', 'Pescatarian', NULL),
			(494, 'Trying to quit', '8', 'Daily', '24.9', 'None', 'Weekly', 'Pescatarian', NULL),
			(495, 'Trying to quit', '10', 'Daily', '37.6', 'None', 'Daily', 'Pescatarian', NULL),
			(496, 'None', '0', 'Monthly', '2.4', 'None', 'Monthly', 'Standard Western Diet', NULL),
			(497, 'None', '0', 'Weekly', '5.4', NULL, 'Daily', 'Pescatarian', NULL),
			(498, 'Trying to quit', '2', 'Daily', '47.1', 'None', 'Sedentary', 'Standard Western Diet', NULL),
			(499, 'None', '0', 'None', '0.0', 'None', 'Monthly', 'Vegan', NULL),
			(500, 'Trying to quit', '9', 'None', '0.0', 'None', 'Sedentary', 'Standard Western Diet', NULL);

INSERT INTO 
	recreation(recreation_id, name)
		VALUES
			(1, 'Opioids'),
			(2, 'Cannabis'),
			(3, 'Stimulants'),
			(4, 'Depressants'),
			(5, 'Hallucinogens'),
			(6, 'Dissociatives'),
			(7, 'Inhalants');

INSERT INTO 
	patient_recreational_usage(patient_id, recreation_id, recreation_amount)
		VALUES
			(47, 3, 'Weekly'),
			(312, 7, 'Daily'),
			(89, 2, 'Monthly'),
			(445, 5, 'None'),
			(158, 1, 'Weekly'),
			(273, 4, 'Daily'),
			(34, 6, 'Monthly'),
			(401, 3, 'None'),
			(126, 7, 'Weekly'),
			(289, 2, 'Daily'),
			(56, 5, 'Monthly'),
			(378, 1, 'None'),
			(202, 4, 'Weekly'),
			(115, 6, 'Daily'),
			(459, 3, 'Monthly'),
			(84, 7, 'None'),
			(341, 2, 'Weekly'),
			(195, 5, 'Daily'),
			(27, 1, 'Monthly'),
			(468, 4, 'None'),
			(132, 6, 'Weekly'),
			(303, 3, 'Daily'),
			(76, 7, 'Monthly'),
			(419, 2, 'None'),
			(248, 5, 'Weekly'),
			(366, 1, 'Daily'),
			(103, 4, 'Monthly'),
			(488, 6, 'None'),
			(151, 3, 'Weekly'),
			(224, 7, 'Daily'),
			(49, 2, 'Monthly'),
			(397, 5, 'None'),
			(179, 1, 'Weekly'),
			(264, 4, 'Daily'),
			(93, 6, 'Monthly'),
			(435, 3, 'None'),
			(18, 7, 'Weekly'),
			(352, 2, 'Daily'),
			(137, 5, 'Monthly'),
			(481, 1, 'None'),
			(65, 4, 'Weekly'),
			(298, 6, 'Daily'),
			(122, 3, 'Monthly'),
			(455, 7, 'None'),
			(10, 2, 'Weekly'),
			(389, 5, 'Daily'),
			(167, 1, 'Monthly'),
			(280, 4, 'None'),
			(59, 6, 'Weekly'),
			(413, 3, 'Daily'),
			(145, 7, 'Monthly'),
			(228, 2, 'None'),
			(319, 5, 'Weekly'),
			(96, 1, 'Daily'),
			(482, 4, 'Monthly'),
			(68, 6, 'None'),
			(255, 3, 'Weekly'),
			(40, 7, 'Daily'),
			(378, 2, 'Monthly'),
			(185, 5, 'None'),
			(291, 1, 'Weekly'),
			(14, 4, 'Daily'),
			(348, 6, 'Monthly'),
			(73, 3, 'None'),
			(429, 7, 'Weekly'),
			(161, 2, 'Daily'),
			(234, 5, 'Monthly'),
			(108, 1, 'None'),
			(497, 4, 'Weekly'),
			(52, 6, 'Daily'),
			(363, 3, 'Monthly'),
			(127, 7, 'None'),
			(210, 2, 'Weekly'),
			(35, 5, 'Daily'),
			(478, 1, 'Monthly'),
			(144, 4, 'None'),
			(269, 6, 'Weekly'),
			(22, 3, 'Daily'),
			(408, 7, 'Monthly'),
			(95, 2, 'None'),
			(324, 5, 'Weekly'),
			(178, 1, 'Daily'),
			(257, 4, 'Monthly'),
			(16, 6, 'None'),
			(382, 3, 'Weekly'),
			(111, 7, 'Daily'),
			(246, 2, 'Monthly'),
			(39, 5, 'None'),
			(426, 1, 'Weekly'),
			(173, 4, 'Daily'),
			(288, 6, 'Monthly'),
			(63, 3, 'None'),
			(451, 7, 'Weekly'),
			(134, 2, 'Daily'),
			(315, 5, 'Monthly'),
			(80, 1, 'None'),
			(499, 4, 'Weekly'),
			(23, 6, 'Daily'),
			(372, 3, 'Monthly'),
			(148, 7, 'None'),
			(261, 2, 'Weekly'),
			(46, 5, 'Daily'),
			(336, 1, 'Monthly'),
			(198, 4, 'None'),
			(405, 6, 'Weekly'),
			(119, 3, 'Daily'),
			(250, 7, 'Monthly'),
			(36, 2, 'None'),
			(470, 5, 'Weekly'),
			(165, 1, 'Daily'),
			(283, 4, 'Monthly'),
			(104, 6, 'None'),
			(439, 3, 'Weekly'),
			(192, 7, 'Daily'),
			(320, 2, 'Monthly'),
			(75, 5, 'None'),
			(424, 1, 'Weekly'),
			(153, 4, 'Daily'),
			(266, 6, 'Monthly'),
			(45, 3, 'None'),
			(490, 7, 'Weekly'),
			(208, 2, 'Daily'),
			(329, 5, 'Monthly'),
			(64, 1, 'None'),
			(447, 4, 'Weekly'),
			(141, 6, 'Daily'),
			(233, 3, 'Monthly'),
			(100, 7, 'None'),
			(493, 2, 'Weekly'),
			(28, 5, 'Daily'),
			(386, 1, 'Monthly'),
			(172, 4, 'None'),
			(294, 6, 'Weekly'),
			(53, 3, 'Daily'),
			(357, 7, 'Monthly'),
			(186, 2, 'None'),
			(271, 5, 'Weekly'),
			(13, 1, 'Daily'),
			(370, 4, 'Monthly'),
			(128, 6, 'None'),
			(440, 3, 'Weekly'),
			(81, 7, 'Daily'),
			(206, 2, 'Monthly'),
			(323, 5, 'None'),
			(77, 1, 'Weekly'),
			(462, 4, 'Daily'),
			(219, 6, 'Monthly'),
			(343, 3, 'None'),
			(166, 7, 'Weekly'),
			(242, 2, 'Daily'),
			(62, 5, 'Monthly'),
			(416, 1, 'None'),
			(199, 4, 'Weekly'),
			(277, 6, 'Daily'),
			(110, 3, 'Monthly'),
			(453, 7, 'None'),
			(33, 2, 'Weekly'),
			(375, 5, 'Daily'),
			(156, 1, 'Monthly'),
			(267, 4, 'None'),
			(97, 6, 'Weekly'),
			(437, 3, 'Daily'),
			(177, 7, 'Monthly'),
			(300, 2, 'None'),
			(420, 5, 'Weekly'),
			(85, 1, 'Daily'),
			(409, 4, 'Monthly'),
			(139, 6, 'None'),
			(226, 3, 'Weekly'),
			(54, 7, 'Daily'),
			(485, 2, 'Monthly'),
			(121, 5, 'None'),
			(344, 1, 'Weekly'),
			(191, 4, 'Daily'),
			(214, 6, 'Monthly'),
			(37, 3, 'None'),
			(474, 7, 'Weekly'),
			(163, 2, 'Daily'),
			(284, 5, 'Monthly'),
			(114, 1, 'None'),
			(238, 4, 'Weekly'),
			(42, 6, 'Daily'),
			(402, 3, 'Monthly'),
			(125, 7, 'None'),
			(467, 2, 'Weekly'),
			(190, 5, 'Daily'),
			(311, 1, 'Monthly'),
			(60, 4, 'None'),
			(492, 6, 'Weekly'),
			(169, 3, 'Daily'),
			(236, 7, 'Monthly'),
			(19, 2, 'None'),
			(373, 5, 'Weekly'),
			(138, 1, 'Daily'),
			(253, 4, 'Monthly'),
			(86, 6, 'None');

INSERT INTO 
	patient_indicator(patient_id, hdl, ldl, triglycerides, total_cholesterol, systolic, diastolic, blood_sugar, weight_kg, height_cm, date_confirmed)
		VALUES
			(1, '42', '122', '254', '187', '144', '73', '165', '89', '174', '2025-08-29'),
			(2, '62', '106', '259', '182', '153', '93', '149', '62', '180', '2025-05-05'),
			(3, '66', '85', '59', '161', '136', '91', '85', '85', '168', '2025-08-03'),
			(4, '31', '147', '117', '195', '132', '96', '171', '89', '188', '2025-12-10'),
			(5, '76', '122', '284', '226', '148', '75', '90', '93', '163', '2025-10-23'),
			(6, '49', '144', '222', '212', '138', '90', '111', '63', '161', '2025-04-20'),
			(7, '44', '94', '182', '159', '104', '89', '94', '61', '151', '2025-06-16'),
			(8, '67', '185', '192', '271', '137', '73', '120', '106', '150', '2025-01-17'),
			(9, '49', '106', '60', '185', '133', '96', '115', '85', '187', '2025-02-11'),
			(10, '45', '118', '259', '182', '130', '72', '123', '62', '158', '2025-05-31'),
			(11, '35', '179', '258', '226', '133', '87', '167', '84', '183', '2025-09-25'),
			(12, '65', '178', '263', '260', '127', '100', '102', '109', '155', '2025-12-25'),
			(13, '73', '117', '183', '217', '126', '93', '77', '64', '178', '2025-02-14'),
			(14, '65', '109', '298', '192', '117', '70', '120', '73', '185', '2025-01-11'),
			(15, '62', '138', '210', '211', '150', '71', '157', '69', '188', '2025-04-13'),
			(16, '39', '121', '298', '176', '130', '98', '74', '113', '186', '2025-09-12'),
			(17, '48', '128', '95', '194', '157', '62', '130', '66', '180', '2025-08-17'),
			(18, '56', '95', '70', '180', '122', '87', '129', '69', '190', '2025-01-28'),
			(19, '55', '175', '143', '240', '156', '69', '156', '56', '161', '2025-02-14'),
			(20, '79', '171', '128', '265', '109', '98', '133', '69', '153', '2025-12-11'),
			(21, '61', '179', '80', '250', '128', '72', '180', '112', '168', '2025-04-01'),
			(22, '64', '104', '200', '192', '108', '96', '91', '109', '167', '2025-11-05'),
			(23, '77', '157', '130', '251', '112', '80', '133', '99', '164', '2025-02-08'),
			(24, '74', '94', '115', '193', '138', '95', '155', '95', '172', '2025-12-28'),
			(25, '80', '114', '282', '224', '134', '75', '148', '64', '190', '2025-02-11'),
			(26, '45', '151', '261', '224', '134', '82', '177', '96', '182', '2025-05-12'),
			(27, '78', '136', '281', '226', '106', '81', '103', '106', '185', '2025-06-13'),
			(28, '63', '122', '206', '209', '146', '72', '148', '63', '158', '2025-06-21'),
			(29, '56', '141', '246', '219', '157', '99', '144', '120', '154', '2025-03-13'),
			(30, '33', '155', '158', '198', '133', '87', '74', '101', '156', '2025-01-22'),
			(31, '31', '104', '209', '157', '129', '61', '180', '78', '150', '2025-01-25'),
			(32, '79', '128', '238', '233', '156', '92', '123', '90', '169', '2025-09-18'),
			(33, '43', '144', '205', '199', '109', '77', '132', '70', '150', '2025-10-07'),
			(34, '36', '81', '64', '136', '148', '93', '154', '100', '156', '2025-09-21'),
			(35, '35', '146', '140', '195', '156', '96', '121', '66', '162', '2025-02-01'),
			(36, '76', '73', '54', '160', '120', '84', '135', '118', '165', '2025-12-14'),
			(37, '59', '106', '116', '181', '129', '61', '179', '100', '186', '2025-01-16'),
			(38, '73', '149', '56', '234', '101', '65', '147', '69', '154', '2025-09-23'),
			(39, '47', '108', '267', '175', '115', '82', '111', '84', '172', '2025-05-24'),
			(40, '32', '146', '179', '207', '160', '70', '139', '117', '159', '2025-03-19'),
			(41, '66', '166', '218', '253', '156', '60', '155', '82', '173', '2025-07-02'),
			(42, '66', '73', '82', '151', '132', '97', '104', '95', '164', '2025-09-19'),
			(43, '43', '96', '104', '163', '116', '71', '89', '100', '165', '2025-06-19'),
			(44, '33', '174', '59', '229', '110', '90', '155', '59', '151', '2025-08-10'),
			(45, '41', '168', '206', '224', '140', '75', '80', '110', '162', '2025-02-16'),
			(46, '50', '189', '286', '254', '130', '97', '118', '90', '190', '2025-07-23'),
			(47, '70', '145', '176', '240', '155', '81', '96', '90', '160', '2025-07-15'),
			(48, '66', '159', '280', '251', '126', '76', '106', '92', '179', '2025-08-02'),
			(49, '73', '185', '249', '274', '156', '89', '111', '55', '190', '2025-04-12'),
			(50, '72', '131', '132', '219', '158', '98', '177', '113', '158', '2025-05-28'),
			(51, '53', '99', '200', '171', '118', '78', '70', '87', '152', '2025-02-26'),
			(52, '54', '124', '141', '198', '134', '67', '145', '50', '189', '2025-09-27'),
			(53, '44', '183', '78', '237', '143', '88', '127', '110', '163', '2025-03-19'),
			(54, '45', '100', '82', '170', '117', '90', '148', '74', '162', '2025-02-04'),
			(55, '73', '156', '73', '254', '155', '92', '112', '54', '163', '2025-10-16'),
			(56, '56', '144', '124', '211', '100', '90', '121', '84', '183', '2025-09-18'),
			(57, '50', '180', '275', '241', '132', '82', '163', '58', '184', '2025-03-21'),
			(58, '76', '111', '82', '198', '113', '88', '147', '76', '172', '2025-11-01'),
			(59, '58', '133', '103', '212', '160', '93', '136', '113', '190', '2025-07-14'),
			(60, '80', '101', '68', '208', '119', '66', '84', '105', '181', '2025-10-23'),
			(61, '78', '186', '279', '274', '155', '63', '88', '68', '160', '2025-09-12'),
			(62, '37', '110', '162', '170', '153', '82', '174', '57', '161', '2025-12-03'),
			(63, '54', '108', '172', '185', '115', '96', '127', '75', '183', '2025-09-01'),
			(64, '32', '94', '283', '147', '145', '75', '98', '81', '151', '2025-01-29'),
			(65, '63', '129', '250', '214', '116', '65', '159', '56', '172', '2025-03-18'),
			(66, '32', '156', '176', '202', '121', '73', '95', '54', '183', '2025-10-13'),
			(67, '30', '105', '250', '151', '121', '70', '73', '77', '179', '2025-09-02'),
			(68, '54', '190', '129', '273', '158', '64', '107', '65', '173', '2025-11-11'),
			(69, '42', '103', '198', '160', '136', '82', '124', '120', '157', '2025-05-16'),
			(70, '40', '175', '232', '240', '101', '100', '154', '105', '184', '2025-04-07'),
			(71, '66', '90', '98', '183', '118', '76', '110', '89', '156', '2025-10-19'),
			(72, '41', '122', '97', '175', '108', '72', '137', '51', '189', '2025-01-17'),
			(73, '78', '119', '275', '225', '116', '75', '163', '66', '160', '2025-03-06'),
			(74, '60', '136', '116', '224', '152', '92', '142', '114', '186', '2025-12-18'),
			(75, '72', '139', '177', '230', '106', '80', '147', '62', '154', '2025-10-31'),
			(76, '68', '101', '297', '179', '116', '73', '138', '69', '151', '2025-07-12'),
			(77, '39', '98', '193', '155', '151', '65', '176', '100', '189', '2025-05-07'),
			(78, '41', '123', '199', '189', '111', '82', '71', '92', '166', '2025-03-04'),
			(79, '47', '139', '202', '210', '115', '86', '72', '106', '166', '2025-03-03'),
			(80, '52', '168', '214', '241', '127', '69', '174', '72', '178', '2025-03-05'),
			(81, '71', '152', '224', '253', '100', '84', '90', '106', '159', '2025-02-18'),
			(82, '31', '188', '269', '245', '140', '98', '76', '50', '160', '2025-11-04'),
			(83, '72', '124', '119', '214', '134', '92', '82', '51', '185', '2025-11-15'),
			(84, '57', '107', '179', '186', '128', '80', '78', '101', '170', '2025-07-21'),
			(85, '32', '121', '116', '167', '103', '85', '169', '62', '173', '2025-12-07'),
			(86, '37', '83', '66', '147', '117', '64', '144', '119', '165', '2025-02-03'),
			(87, '61', '167', '190', '252', '129', '81', '71', '62', '173', '2025-11-17'),
			(88, '40', '126', '74', '176', '107', '78', '103', '74', '152', '2025-06-26'),
			(89, '52', '158', '166', '228', '145', '77', '149', '114', '161', '2025-05-19'),
			(90, '55', '115', '297', '186', '137', '73', '111', '104', '158', '2025-09-27'),
			(91, '49', '84', '141', '160', '118', '74', '160', '104', '182', '2025-12-31'),
			(92, '53', '155', '121', '230', '158', '69', '74', '120', '185', '2025-08-04'),
			(93, '38', '189', '224', '257', '125', '71', '91', '95', '154', '2025-09-25'),
			(94, '58', '99', '287', '183', '122', '80', '150', '51', '153', '2025-08-02'),
			(95, '68', '105', '166', '199', '132', '70', '88', '50', '170', '2025-12-06'),
			(96, '69', '114', '197', '200', '151', '99', '113', '96', '172', '2025-12-17'),
			(97, '64', '102', '282', '179', '102', '92', '113', '84', '185', '2025-05-23'),
			(98, '72', '94', '139', '181', '159', '62', '152', '98', '159', '2025-07-10'),
			(99, '61', '92', '194', '167', '107', '100', '172', '106', '157', '2025-09-17'),
			(100, '39', '117', '206', '171', '103', '74', '125', '106', '190', '2025-05-23'),
			(101, '62', '123', '104', '206', '154', '65', '76', '53', '156', '2025-02-27'),
			(102, '36', '181', '294', '237', '142', '97', '143', '100', '171', '2025-10-20'),
			(103, '77', '122', '87', '224', '147', '68', '146', '79', '166', '2025-07-24'),
			(104, '31', '111', '187', '159', '148', '84', '176', '76', '168', '2025-06-23'),
			(105, '62', '93', '93', '179', '102', '70', '172', '105', '159', '2025-01-10'),
			(106, '72', '172', '233', '262', '124', '89', '166', '76', '176', '2025-01-15'),
			(107, '64', '118', '269', '207', '151', '61', '129', '58', '170', '2025-01-27'),
			(108, '54', '162', '213', '237', '118', '60', '162', '81', '189', '2025-08-02'),
			(109, '42', '105', '167', '160', '116', '71', '73', '92', '167', '2025-12-22'),
			(110, '58', '145', '288', '233', '143', '85', '135', '82', '156', '2025-11-24'),
			(111, '39', '77', '184', '146', '137', '73', '176', '61', '169', '2025-09-13'),
			(112, '33', '138', '95', '199', '156', '80', '151', '103', '168', '2025-03-08'),
			(113, '58', '121', '254', '209', '138', '68', '153', '107', '159', '2025-01-13'),
			(114, '78', '110', '164', '218', '145', '86', '107', '77', '161', '2025-01-10'),
			(115, '35', '166', '132', '219', '116', '74', '156', '62', '160', '2025-04-28'),
			(116, '34', '110', '93', '172', '154', '96', '142', '71', '161', '2025-08-16'),
			(117, '49', '153', '138', '222', '104', '76', '132', '117', '177', '2025-07-13'),
			(118, '51', '90', '164', '153', '147', '98', '113', '72', '167', '2025-06-04'),
			(119, '62', '114', '115', '194', '138', '90', '176', '62', '188', '2025-04-08'),
			(120, '49', '141', '110', '213', '101', '74', '117', '75', '172', '2025-07-24'),
			(121, '32', '130', '51', '182', '134', '70', '84', '98', '184', '2025-08-20'),
			(122, '32', '132', '290', '192', '155', '96', '99', '97', '160', '2025-04-22'),
			(123, '60', '184', '178', '258', '100', '84', '79', '98', '187', '2025-11-13'),
			(124, '79', '148', '123', '247', '110', '74', '147', '82', '162', '2025-12-06'),
			(125, '65', '182', '61', '263', '155', '60', '145', '71', '152', '2025-08-03'),
			(126, '39', '140', '251', '189', '140', '69', '111', '115', '187', '2025-09-07'),
			(127, '63', '122', '52', '209', '140', '81', '85', '120', '165', '2025-12-24'),
			(128, '47', '112', '298', '176', '144', '73', '150', '76', '173', '2025-05-21'),
			(129, '42', '124', '164', '184', '123', '66', '130', '106', '161', '2025-06-12'),
			(130, '66', '176', '141', '257', '100', '81', '121', '72', '179', '2025-04-27'),
			(131, '60', '147', '244', '224', '115', '65', '131', '79', '159', '2025-09-28'),
			(132, '62', '177', '281', '254', '119', '84', '148', '74', '154', '2025-07-08'),
			(133, '62', '167', '237', '251', '118', '87', '135', '50', '177', '2025-06-26'),
			(134, '55', '107', '77', '183', '127', '65', '152', '66', '183', '2025-04-16'),
			(135, '65', '188', '87', '275', '120', '90', '167', '101', '151', '2025-07-20'),
			(136, '63', '76', '107', '169', '124', '69', '122', '65', '161', '2025-04-09'),
			(137, '78', '172', '166', '262', '151', '77', '125', '101', '160', '2025-11-25'),
			(138, '47', '148', '198', '210', '137', '61', '86', '61', '154', '2025-07-02'),
			(139, '72', '90', '300', '175', '126', '80', '141', '86', '153', '2025-06-23'),
			(140, '50', '103', '98', '163', '124', '70', '102', '58', '186', '2025-05-12'),
			(141, '71', '136', '58', '217', '149', '69', '165', '118', '160', '2025-01-18'),
			(142, '49', '113', '122', '176', '149', '68', '139', '70', '186', '2025-12-22'),
			(143, '58', '114', '215', '187', '130', '94', '166', '69', '185', '2025-06-23'),
			(144, '54', '155', '223', '236', '116', '91', '152', '53', '151', '2025-07-16'),
			(145, '78', '181', '257', '271', '120', '93', '77', '96', '174', '2025-06-11'),
			(146, '43', '99', '246', '169', '133', '98', '89', '110', '150', '2025-10-07'),
			(147, '47', '140', '197', '203', '145', '86', '74', '115', '155', '2025-04-23'),
			(148, '62', '164', '180', '236', '145', '84', '106', '111', '164', '2025-10-19'),
			(149, '32', '99', '213', '153', '107', '74', '100', '74', '156', '2025-10-25'),
			(150, '72', '71', '165', '157', '147', '85', '165', '111', '151', '2025-06-11'),
			(151, '53', '174', '111', '253', '106', '100', '101', '53', '157', '2025-03-09'),
			(152, '62', '170', '227', '244', '160', '69', '139', '76', '166', '2025-09-07'),
			(153, '44', '163', '95', '225', '160', '94', '101', '88', '151', '2025-11-19'),
			(154, '44', '114', '235', '177', '143', '94', '88', '97', '188', '2025-12-26'),
			(155, '73', '170', '156', '260', '108', '94', '177', '83', '175', '2025-09-26'),
			(156, '38', '115', '237', '183', '132', '62', '159', '85', '163', '2025-03-05'),
			(157, '77', '72', '136', '165', '125', '85', '145', '90', '169', '2025-09-29'),
			(158, '30', '133', '72', '185', '129', '87', '86', '83', '170', '2025-09-30'),
			(159, '46', '125', '289', '195', '108', '88', '111', '91', '172', '2025-04-16'),
			(160, '49', '139', '270', '217', '112', '88', '118', '114', '151', '2025-04-10'),
			(161, '36', '116', '197', '162', '129', '75', '97', '51', '151', '2025-08-29'),
			(162, '43', '131', '115', '186', '129', '69', '153', '50', '151', '2025-06-02'),
			(163, '55', '159', '63', '224', '109', '71', '83', '103', '182', '2025-07-16'),
			(164, '75', '111', '262', '202', '123', '97', '179', '69', '165', '2025-02-22'),
			(165, '33', '70', '161', '115', '160', '93', '110', '115', '173', '2025-03-02'),
			(166, '50', '139', '242', '201', '103', '80', '130', '106', '150', '2025-03-20'),
			(167, '36', '157', '269', '223', '135', '98', '101', '111', '172', '2025-03-09'),
			(168, '58', '162', '145', '235', '132', '99', '168', '57', '157', '2025-10-14'),
			(169, '36', '152', '165', '205', '121', '73', '125', '100', '159', '2025-11-30'),
			(170, '69', '160', '50', '259', '142', '95', '148', '106', '152', '2025-02-28'),
			(171, '61', '110', '153', '181', '104', '71', '79', '84', '176', '2025-12-16'),
			(172, '64', '121', '111', '195', '105', '92', '122', '96', '150', '2025-10-18'),
			(173, '80', '149', '194', '249', '139', '99', '119', '88', '159', '2025-01-05'),
			(174, '44', '152', '136', '213', '139', '69', '71', '62', '187', '2025-10-08'),
			(175, '48', '124', '281', '190', '111', '68', '109', '87', '188', '2025-08-01'),
			(176, '57', '121', '65', '208', '130', '71', '169', '82', '153', '2025-10-12'),
			(177, '60', '136', '60', '214', '120', '78', '143', '86', '166', '2025-07-02'),
			(178, '44', '139', '109', '195', '107', '95', '111', '90', '190', '2025-07-23'),
			(179, '74', '71', '175', '167', '132', '82', '136', '103', '159', '2025-07-10'),
			(180, '48', '91', '253', '154', '103', '88', '73', '106', '162', '2025-10-16'),
			(181, '68', '183', '290', '279', '114', '83', '101', '57', '185', '2025-09-04'),
			(182, '80', '70', '268', '177', '123', '91', '94', '71', '184', '2025-11-13'),
			(183, '69', '135', '108', '234', '157', '62', '172', '57', '151', '2025-05-30'),
			(184, '50', '145', '153', '209', '134', '100', '136', '57', '186', '2025-02-04'),
			(185, '62', '184', '119', '276', '126', '73', '125', '77', '172', '2025-06-06'),
			(186, '72', '117', '214', '217', '140', '78', '155', '84', '150', '2025-10-03'),
			(187, '41', '165', '67', '222', '103', '88', '150', '53', '170', '2025-10-11'),
			(188, '49', '169', '219', '247', '107', '85', '84', '92', '150', '2025-08-09'),
			(189, '53', '113', '220', '176', '118', '67', '173', '66', '176', '2025-06-12'),
			(190, '32', '138', '218', '195', '104', '99', '74', '64', '184', '2025-02-05'),
			(191, '59', '184', '236', '253', '132', '90', '98', '62', '151', '2025-10-17'),
			(192, '47', '153', '209', '223', '101', '100', '156', '77', '182', '2025-11-19'),
			(193, '48', '82', '110', '148', '119', '98', '158', '67', '181', '2025-07-10'),
			(194, '51', '72', '83', '150', '113', '91', '98', '109', '152', '2025-06-25'),
			(195, '64', '91', '129', '181', '129', '69', '70', '66', '159', '2025-05-23'),
			(196, '59', '151', '158', '225', '121', '65', '179', '120', '179', '2025-09-07'),
			(197, '74', '77', '105', '175', '135', '80', '90', '108', '153', '2025-09-26'),
			(198, '42', '188', '84', '252', '101', '88', '98', '66', '155', '2025-01-04'),
			(199, '30', '87', '96', '132', '112', '93', '125', '117', '153', '2025-08-08'),
			(200, '62', '95', '140', '180', '123', '99', '164', '70', '178', '2025-05-24'),
			(201, '76', '121', '80', '210', '110', '87', '115', '97', '177', '2025-06-24'),
			(202, '48', '185', '52', '259', '145', '78', '145', '72', '166', '2025-10-24'),
			(203, '51', '84', '114', '145', '143', '86', '138', '70', '179', '2025-11-07'),
			(204, '43', '101', '254', '171', '121', '80', '135', '118', '159', '2025-07-25'),
			(205, '74', '114', '170', '217', '105', '84', '94', '81', '164', '2025-12-09'),
			(206, '52', '159', '253', '238', '145', '90', '120', '79', '189', '2025-01-28'),
			(207, '40', '148', '138', '202', '133', '88', '158', '107', '169', '2025-06-11'),
			(208, '66', '165', '122', '258', '130', '64', '176', '56', '184', '2025-03-31'),
			(209, '32', '169', '287', '215', '133', '100', '124', '85', '151', '2025-01-27'),
			(210, '80', '166', '240', '256', '110', '60', '110', '63', '171', '2025-11-01'),
			(211, '42', '147', '232', '204', '149', '91', '80', '71', '164', '2025-09-03'),
			(212, '59', '152', '87', '236', '118', '82', '94', '94', '190', '2025-07-06'),
			(213, '40', '178', '164', '231', '141', '71', '91', '50', '167', '2025-10-30'),
			(214, '49', '115', '291', '181', '155', '72', '150', '82', '152', '2025-06-16'),
			(215, '59', '150', '158', '233', '101', '77', '138', '59', '155', '2025-05-08'),
			(216, '73', '158', '240', '244', '101', '65', '81', '82', '188', '2025-01-04'),
			(217, '75', '171', '122', '273', '137', '81', '168', '60', '168', '2025-12-20'),
			(218, '49', '134', '75', '204', '118', '99', '79', '52', '185', '2025-10-02'),
			(219, '57', '115', '298', '198', '159', '88', '133', '115', '173', '2025-06-02'),
			(220, '33', '170', '212', '218', '143', '93', '142', '76', '170', '2025-12-19'),
			(221, '53', '107', '53', '180', '152', '87', '180', '116', '152', '2025-04-03'),
			(222, '65', '157', '72', '242', '150', '92', '166', '62', '165', '2025-02-08'),
			(223, '57', '151', '165', '233', '125', '91', '147', '79', '156', '2025-11-01'),
			(224, '53', '102', '233', '182', '129', '90', '149', '73', '159', '2025-02-07'),
			(225, '71', '74', '129', '157', '147', '70', '80', '108', '173', '2025-09-12'),
			(226, '51', '175', '59', '249', '100', '93', '71', '115', '165', '2025-07-11'),
			(227, '30', '147', '76', '202', '122', '66', '141', '73', '179', '2025-07-27'),
			(228, '72', '124', '141', '212', '138', '72', '73', '62', '178', '2025-03-19'),
			(229, '62', '95', '128', '182', '131', '92', '152', '97', '159', '2025-05-05'),
			(230, '39', '151', '299', '212', '122', '85', '152', '117', '152', '2025-02-18'),
			(231, '62', '124', '156', '208', '108', '90', '113', '91', '172', '2025-04-28'),
			(232, '34', '138', '54', '198', '142', '97', '179', '91', '156', '2025-10-27'),
			(233, '34', '181', '181', '228', '123', '86', '112', '79', '181', '2025-05-29'),
			(234, '52', '97', '207', '178', '157', '88', '145', '78', '155', '2025-04-26'),
			(235, '47', '100', '265', '164', '146', '83', '118', '71', '159', '2025-07-14'),
			(236, '73', '95', '165', '197', '111', '85', '76', '118', '157', '2025-12-02'),
			(237, '38', '181', '124', '233', '131', '63', '147', '62', '174', '2025-08-29'),
			(238, '41', '150', '232', '218', '100', '97', '162', '120', '158', '2025-07-13'),
			(239, '56', '150', '114', '222', '101', '90', '136', '88', '185', '2025-04-08'),
			(240, '34', '116', '110', '162', '108', '82', '177', '92', '181', '2025-03-02'),
			(241, '59', '109', '164', '178', '121', '78', '121', '86', '159', '2025-04-17'),
			(242, '73', '142', '95', '237', '154', '72', '70', '115', '177', '2025-05-02'),
			(243, '36', '136', '73', '187', '123', '83', '140', '68', '154', '2025-10-26'),
			(244, '80', '133', '238', '233', '123', '84', '156', '72', '163', '2025-12-31'),
			(245, '76', '95', '180', '199', '150', '99', '160', '102', '167', '2025-11-15'),
			(246, '50', '148', '245', '217', '141', '99', '97', '75', '167', '2025-08-11'),
			(247, '33', '123', '92', '175', '104', '73', '155', '70', '176', '2025-05-08'),
			(248, '61', '182', '143', '256', '118', '81', '75', '66', '177', '2025-01-13'),
			(249, '78', '179', '126', '277', '105', '73', '110', '81', '180', '2025-07-11'),
			(250, '44', '126', '179', '192', '105', '85', '78', '104', '187', '2025-10-26'),
			(251, '65', '135', '58', '230', '143', '71', '133', '60', '188', '2025-02-01'),
			(252, '62', '138', '236', '217', '114', '66', '113', '101', '186', '2025-01-28'),
			(253, '79', '174', '172', '278', '147', '64', '135', '93', '158', '2025-02-01'),
			(254, '78', '91', '142', '182', '139', '68', '109', '51', '163', '2025-12-20'),
			(255, '74', '73', '236', '165', '120', '61', '73', '54', '175', '2025-05-16'),
			(256, '61', '175', '228', '250', '147', '72', '168', '108', '188', '2025-10-24'),
			(257, '78', '118', '128', '206', '149', '67', '70', '55', '157', '2025-08-29'),
			(258, '30', '77', '163', '127', '101', '81', '102', '63', '160', '2025-06-05'),
			(259, '41', '165', '182', '222', '158', '99', '116', '116', '171', '2025-11-07'),
			(260, '67', '107', '163', '201', '141', '88', '158', '93', '155', '2025-01-19'),
			(261, '54', '105', '132', '189', '139', '90', '157', '53', '177', '2025-10-12'),
			(262, '58', '99', '237', '180', '132', '97', '168', '64', '186', '2025-07-30'),
			(263, '47', '179', '149', '254', '148', '90', '79', '120', '187', '2025-01-30'),
			(264, '38', '108', '137', '162', '103', '94', '175', '70', '170', '2025-09-25'),
			(265, '71', '100', '161', '186', '128', '80', '99', '110', '176', '2025-11-11'),
			(266, '75', '147', '233', '251', '124', '61', '179', '75', '151', '2025-02-12'),
			(267, '31', '161', '140', '208', '102', '74', '161', '90', '167', '2025-02-23'),
			(268, '36', '155', '273', '208', '115', '64', '81', '106', '181', '2025-01-14'),
			(269, '51', '110', '292', '171', '137', '98', '171', '108', '174', '2025-10-27'),
			(270, '73', '123', '184', '218', '109', '93', '152', '100', '162', '2025-06-13'),
			(271, '39', '95', '98', '144', '113', '64', '107', '97', '183', '2025-01-25'),
			(272, '68', '96', '166', '187', '139', '83', '83', '113', '165', '2025-04-01'),
			(273, '53', '90', '171', '161', '112', '82', '144', '70', '186', '2025-03-10'),
			(274, '57', '163', '246', '242', '122', '85', '125', '103', '166', '2025-12-21'),
			(275, '54', '131', '77', '215', '138', '61', '153', '53', '187', '2025-03-10'),
			(276, '61', '137', '299', '222', '150', '88', '112', '89', '163', '2025-02-20'),
			(277, '48', '100', '135', '160', '114', '61', '111', '64', '183', '2025-06-14'),
			(278, '54', '114', '185', '190', '133', '71', '142', '89', '181', '2025-09-25'),
			(279, '63', '177', '55', '262', '116', '97', '102', '57', '174', '2025-07-05'),
			(280, '68', '72', '134', '167', '104', '91', '71', '109', '158', '2025-08-14'),
			(281, '52', '98', '85', '163', '112', '99', '164', '54', '178', '2025-04-06'),
			(282, '58', '79', '225', '157', '103', '90', '70', '110', '189', '2025-03-30'),
			(283, '68', '129', '130', '224', '151', '100', '175', '102', '182', '2025-11-05'),
			(284, '63', '77', '91', '166', '152', '81', '144', '105', '165', '2025-03-31'),
			(285, '71', '134', '280', '217', '119', '60', '95', '119', '170', '2025-08-31'),
			(286, '60', '95', '276', '170', '160', '67', '78', '73', '186', '2025-10-03'),
			(287, '37', '168', '107', '235', '106', '65', '87', '51', '155', '2025-12-17'),
			(288, '35', '167', '222', '214', '131', '75', '79', '53', '180', '2025-08-21'),
			(289, '79', '101', '128', '210', '118', '90', '175', '119', '178', '2025-07-10'),
			(290, '68', '123', '72', '220', '136', '64', '157', '61', '177', '2025-06-28'),
			(291, '37', '184', '59', '245', '127', '62', '118', '92', '185', '2025-02-20'),
			(292, '46', '145', '168', '211', '120', '74', '91', '120', '166', '2025-10-27'),
			(293, '77', '146', '76', '240', '156', '77', '171', '71', '171', '2025-03-02'),
			(294, '78', '122', '122', '215', '111', '67', '161', '106', '190', '2025-11-11'),
			(295, '73', '164', '173', '266', '150', '97', '150', '55', '176', '2025-11-12'),
			(296, '34', '136', '218', '183', '100', '78', '97', '58', '170', '2025-04-20'),
			(297, '51', '85', '126', '151', '146', '91', '159', '96', '186', '2025-01-31'),
			(298, '46', '149', '250', '224', '105', '82', '154', '118', '176', '2025-02-03'),
			(299, '59', '184', '234', '273', '130', '87', '148', '116', '171', '2025-08-08'),
			(300, '74', '92', '72', '182', '112', '67', '102', '68', '171', '2025-05-18'),
			(301, '76', '146', '182', '233', '142', '94', '124', '54', '186', '2025-05-28'),
			(302, '45', '76', '264', '148', '123', '85', '167', '72', '183', '2025-12-23'),
			(303, '59', '163', '153', '235', '110', '84', '130', '51', '170', '2025-04-08'),
			(304, '44', '114', '125', '187', '151', '80', '83', '117', '185', '2025-05-12'),
			(305, '68', '156', '55', '245', '132', '85', '171', '97', '176', '2025-07-13'),
			(306, '61', '187', '215', '265', '117', '78', '101', '53', '183', '2025-02-02'),
			(307, '38', '102', '182', '150', '122', '87', '157', '92', '184', '2025-06-17'),
			(308, '80', '184', '153', '294', '127', '79', '103', '98', '188', '2025-08-18'),
			(309, '63', '136', '129', '223', '107', '94', '165', '95', '152', '2025-08-14'),
			(310, '57', '128', '291', '207', '134', '67', '176', '63', '177', '2025-08-27'),
			(311, '31', '70', '200', '118', '156', '87', '160', '87', '173', '2025-04-12'),
			(312, '80', '168', '86', '268', '147', '98', '170', '98', '178', '2025-03-09'),
			(313, '47', '104', '61', '168', '100', '61', '72', '109', '188', '2025-04-06'),
			(314, '65', '103', '133', '193', '148', '60', '100', '75', '157', '2025-01-25'),
			(315, '54', '87', '84', '169', '155', '94', '76', '77', '170', '2025-11-17'),
			(316, '52', '186', '265', '254', '140', '70', '135', '109', '160', '2025-12-02'),
			(317, '56', '73', '153', '148', '111', '81', '103', '70', '184', '2025-05-28'),
			(318, '34', '100', '226', '145', '140', '88', '101', '78', '184', '2025-03-22'),
			(319, '51', '99', '245', '180', '151', '76', '95', '54', '168', '2025-12-15'),
			(320, '46', '178', '99', '246', '109', '88', '99', '106', '185', '2025-07-15'),
			(321, '55', '175', '80', '249', '146', '82', '156', '114', '171', '2025-06-21'),
			(322, '42', '122', '235', '177', '127', '60', '86', '95', '171', '2025-04-07'),
			(323, '74', '172', '278', '269', '104', '90', '166', '65', '190', '2025-07-06'),
			(324, '33', '175', '71', '231', '156', '69', '149', '50', '173', '2025-11-27'),
			(325, '50', '92', '168', '158', '116', '69', '130', '64', '154', '2025-12-13'),
			(326, '36', '71', '219', '121', '118', '98', '180', '93', '161', '2025-10-23'),
			(327, '39', '101', '188', '157', '122', '100', '111', '77', '160', '2025-03-06'),
			(328, '32', '95', '68', '148', '116', '71', '160', '83', '157', '2025-07-27'),
			(329, '34', '179', '172', '231', '126', '79', '110', '117', '154', '2025-11-21'),
			(330, '30', '169', '63', '219', '134', '92', '165', '74', '160', '2025-09-17'),
			(331, '72', '161', '141', '256', '136', '60', '74', '98', '180', '2025-12-14'),
			(332, '61', '129', '141', '206', '148', '81', '175', '110', '151', '2025-04-15'),
			(333, '32', '86', '129', '148', '136', '82', '91', '110', '172', '2025-04-11'),
			(334, '64', '75', '268', '164', '145', '99', '70', '98', '190', '2025-01-17'),
			(335, '41', '124', '260', '178', '142', '94', '95', '97', '153', '2025-08-14'),
			(336, '35', '132', '162', '193', '107', '62', '109', '82', '181', '2025-08-16'),
			(337, '73', '71', '59', '169', '114', '64', '107', '81', '180', '2025-06-14'),
			(338, '42', '159', '219', '215', '112', '66', '78', '65', '151', '2025-10-15'),
			(339, '45', '108', '67', '165', '133', '75', '133', '108', '180', '2025-11-07'),
			(340, '70', '98', '169', '188', '105', '77', '117', '116', '155', '2025-08-31'),
			(341, '51', '168', '85', '229', '143', '81', '133', '90', '174', '2025-04-14'),
			(342, '42', '158', '186', '214', '123', '71', '144', '101', '163', '2025-03-18'),
			(343, '58', '101', '225', '176', '158', '97', '153', '81', '170', '2025-03-01'),
			(344, '38', '115', '238', '169', '155', '97', '78', '89', '183', '2025-07-01'),
			(345, '67', '160', '262', '252', '126', '98', '174', '98', '184', '2025-10-06'),
			(346, '53', '133', '240', '196', '135', '61', '178', '53', '160', '2025-09-07'),
			(347, '47', '113', '237', '181', '137', '74', '82', '59', '181', '2025-04-27'),
			(348, '34', '149', '230', '193', '116', '80', '90', '76', '173', '2025-04-09'),
			(349, '73', '98', '274', '188', '157', '72', '94', '109', '167', '2025-01-10'),
			(350, '66', '114', '53', '196', '116', '99', '159', '108', '177', '2025-07-18'),
			(351, '72', '77', '279', '169', '117', '93', '132', '94', '173', '2025-06-20'),
			(352, '52', '139', '53', '203', '111', '66', '150', '87', '152', '2025-12-04'),
			(353, '43', '126', '247', '195', '115', '64', '114', '55', '161', '2025-07-06'),
			(354, '73', '105', '115', '193', '148', '95', '118', '75', '151', '2025-08-28'),
			(355, '68', '135', '224', '216', '151', '68', '120', '82', '189', '2025-09-08'),
			(356, '65', '93', '251', '176', '142', '80', '158', '104', '153', '2025-03-19'),
			(357, '33', '139', '122', '186', '138', '94', '133', '75', '153', '2025-04-22'),
			(358, '37', '188', '255', '238', '134', '100', '81', '84', '159', '2025-12-05'),
			(359, '37', '95', '87', '149', '125', '97', '102', '63', '181', '2025-03-10'),
			(360, '52', '190', '280', '258', '148', '97', '101', '97', '187', '2025-10-29'),
			(361, '44', '169', '279', '232', '141', '77', '176', '118', '167', '2025-11-04'),
			(362, '80', '115', '130', '214', '124', '63', '158', '94', '163', '2025-02-28'),
			(363, '77', '177', '140', '269', '151', '68', '171', '96', '180', '2025-10-31'),
			(364, '34', '107', '69', '156', '130', '62', '124', '77', '155', '2025-02-01'),
			(365, '63', '143', '295', '229', '106', '65', '136', '78', '187', '2025-11-13'),
			(366, '56', '169', '265', '252', '144', '94', '160', '66', '174', '2025-09-08'),
			(367, '59', '155', '292', '240', '127', '88', '78', '112', '173', '2025-07-15'),
			(368, '54', '183', '70', '256', '118', '80', '110', '80', '182', '2025-07-18'),
			(369, '80', '79', '211', '189', '118', '82', '124', '60', '182', '2025-06-21'),
			(370, '54', '91', '235', '175', '113', '92', '86', '79', '162', '2025-09-11'),
			(371, '51', '82', '164', '151', '117', '69', '87', '86', '187', '2025-03-12'),
			(372, '55', '183', '294', '250', '142', '80', '160', '94', '179', '2025-08-09'),
			(373, '65', '72', '146', '156', '139', '62', '110', '106', '167', '2025-10-03'),
			(374, '46', '181', '138', '257', '116', '83', '71', '100', '183', '2025-06-12'),
			(375, '50', '172', '213', '248', '124', '76', '124', '73', '155', '2025-07-30'),
			(376, '38', '119', '143', '171', '139', '69', '89', '86', '189', '2025-04-23'),
			(377, '60', '93', '81', '174', '122', '79', '141', '59', '158', '2025-06-28'),
			(378, '68', '162', '171', '257', '113', '66', '127', '63', '168', '2025-06-24'),
			(379, '48', '150', '51', '225', '132', '92', '151', '62', '159', '2025-11-17'),
			(380, '70', '160', '270', '259', '120', '79', '73', '58', '169', '2025-12-05'),
			(381, '39', '74', '84', '136', '155', '66', '143', '63', '163', '2025-11-11'),
			(382, '52', '116', '290', '179', '144', '94', '136', '101', '187', '2025-04-02'),
			(383, '61', '124', '58', '207', '108', '78', '151', '53', '183', '2025-11-08'),
			(384, '77', '150', '100', '243', '137', '78', '109', '57', '161', '2025-06-27'),
			(385, '63', '77', '194', '158', '107', '71', '92', '94', '186', '2025-06-16'),
			(386, '76', '106', '91', '212', '100', '75', '163', '97', '182', '2025-02-13'),
			(387, '59', '135', '83', '215', '123', '100', '127', '54', '152', '2025-10-10'),
			(388, '41', '116', '67', '168', '140', '96', '111', '72', '190', '2025-03-01'),
			(389, '46', '130', '184', '199', '113', '71', '89', '118', '183', '2025-04-24'),
			(390, '73', '81', '58', '180', '137', '67', '138', '79', '153', '2025-01-10'),
			(391, '79', '164', '116', '268', '103', '81', '114', '102', '185', '2025-08-06'),
			(392, '45', '189', '146', '257', '146', '98', '176', '97', '166', '2025-12-06'),
			(393, '39', '129', '124', '178', '127', '69', '114', '109', '180', '2025-11-07'),
			(394, '74', '170', '172', '257', '132', '74', '134', '110', '186', '2025-09-28'),
			(395, '71', '125', '176', '210', '142', '70', '105', '109', '175', '2025-04-24'),
			(396, '53', '129', '134', '201', '109', '61', '123', '71', '158', '2025-09-09'),
			(397, '63', '126', '181', '213', '156', '99', '179', '88', '175', '2025-08-23'),
			(398, '70', '161', '161', '254', '135', '77', '168', '77', '156', '2025-02-21'),
			(399, '32', '173', '77', '223', '158', '82', '115', '114', '160', '2025-12-23'),
			(400, '51', '78', '276', '158', '132', '92', '96', '106', '163', '2025-03-22'),
			(401, '66', '141', '228', '235', '150', '76', '128', '84', '180', '2025-08-29'),
			(402, '78', '77', '141', '185', '136', '79', '70', '105', '184', '2025-07-10'),
			(403, '77', '102', '146', '189', '113', '61', '180', '81', '169', '2025-01-30'),
			(404, '45', '177', '85', '241', '109', '61', '91', '90', '165', '2025-10-31'),
			(405, '69', '122', '63', '207', '114', '76', '133', '76', '167', '2025-02-25'),
			(406, '66', '99', '129', '191', '121', '85', '123', '58', '151', '2025-10-07'),
			(407, '59', '131', '296', '219', '157', '92', '169', '53', '190', '2025-11-15'),
			(408, '59', '81', '215', '156', '120', '83', '155', '79', '154', '2025-10-27'),
			(409, '37', '180', '95', '239', '144', '73', '151', '67', '161', '2025-08-01'),
			(410, '41', '83', '260', '135', '153', '65', '91', '115', '168', '2025-07-04'),
			(411, '66', '86', '204', '175', '124', '75', '110', '110', '153', '2025-06-04'),
			(412, '77', '73', '272', '179', '122', '75', '129', '74', '155', '2025-03-05'),
			(413, '70', '123', '106', '212', '121', '75', '81', '105', '186', '2025-10-29'),
			(414, '43', '183', '102', '238', '103', '69', '149', '79', '179', '2025-01-19'),
			(415, '57', '126', '70', '202', '133', '82', '74', '120', '189', '2025-01-01'),
			(416, '79', '114', '74', '208', '149', '77', '74', '77', '187', '2025-04-20'),
			(417, '78', '101', '138', '209', '141', '73', '104', '94', '171', '2025-07-29'),
			(418, '74', '102', '289', '195', '145', '67', '142', '113', '185', '2025-06-22'),
			(419, '56', '134', '141', '204', '141', '61', '101', '92', '164', '2025-10-11'),
			(420, '64', '111', '170', '191', '130', '84', '86', '97', '188', '2025-06-27'),
			(421, '74', '163', '201', '251', '149', '92', '159', '79', '179', '2025-03-29'),
			(422, '67', '186', '257', '263', '140', '79', '155', '72', '188', '2025-08-30'),
			(423, '52', '187', '250', '268', '152', '92', '140', '84', '186', '2025-01-16'),
			(424, '32', '104', '123', '161', '122', '73', '76', '71', '165', '2025-12-03'),
			(425, '47', '128', '205', '198', '154', '89', '114', '115', '174', '2025-04-19'),
			(426, '62', '165', '89', '250', '106', '71', '127', '112', '150', '2025-05-22'),
			(427, '44', '97', '154', '161', '159', '87', '80', '119', '178', '2025-04-30'),
			(428, '77', '123', '69', '230', '135', '83', '96', '107', '178', '2025-11-09'),
			(429, '48', '181', '151', '258', '104', '73', '143', '101', '187', '2025-08-08'),
			(430, '64', '185', '268', '279', '119', '64', '70', '85', '156', '2025-08-13'),
			(431, '50', '81', '117', '161', '147', '67', '178', '114', '166', '2025-04-08'),
			(432, '54', '140', '119', '212', '130', '79', '71', '70', '169', '2025-09-11'),
			(433, '46', '162', '89', '218', '153', '93', '130', '66', '181', '2025-07-17'),
			(434, '44', '147', '74', '207', '115', '85', '118', '50', '185', '2025-06-05'),
			(435, '65', '153', '229', '229', '111', '81', '103', '98', '168', '2025-07-21'),
			(436, '59', '134', '183', '220', '133', '68', '78', '54', '153', '2025-06-17'),
			(437, '54', '138', '85', '217', '119', '71', '173', '63', '171', '2025-05-04'),
			(438, '44', '128', '208', '188', '114', '75', '139', '109', '187', '2025-04-15'),
			(439, '68', '100', '268', '194', '139', '84', '167', '113', '171', '2025-09-20'),
			(440, '44', '87', '72', '155', '100', '62', '94', '74', '171', '2025-05-02'),
			(441, '67', '115', '68', '211', '144', '79', '109', '102', '152', '2025-12-07'),
			(442, '35', '109', '259', '174', '148', '82', '155', '73', '171', '2025-04-14'),
			(443, '53', '138', '244', '213', '152', '85', '89', '102', '160', '2025-02-06'),
			(444, '48', '88', '64', '148', '152', '81', '139', '98', '169', '2025-07-27'),
			(445, '65', '79', '226', '167', '142', '70', '147', '64', '154', '2025-09-24'),
			(446, '76', '135', '283', '227', '154', '94', '165', '50', '179', '2025-12-12'),
			(447, '49', '72', '126', '136', '119', '67', '115', '104', '188', '2025-10-25'),
			(448, '35', '118', '224', '168', '122', '70', '161', '116', '150', '2025-08-07'),
			(449, '48', '121', '184', '198', '112', '84', '144', '83', '158', '2025-10-27'),
			(450, '43', '146', '143', '202', '120', '96', '112', '115', '170', '2025-07-04'),
			(451, '58', '140', '179', '212', '138', '76', '161', '117', '167', '2025-08-08'),
			(452, '58', '89', '247', '162', '121', '77', '84', '79', '179', '2025-10-03'),
			(453, '52', '83', '63', '147', '131', '64', '95', '103', '176', '2025-10-01'),
			(454, '38', '102', '238', '157', '118', '95', '131', '66', '183', '2025-01-16'),
			(455, '48', '151', '67', '224', '133', '73', '92', '118', '151', '2025-08-11'),
			(456, '30', '84', '109', '134', '123', '92', '167', '92', '185', '2025-10-11'),
			(457, '34', '122', '85', '175', '126', '80', '70', '62', '172', '2025-01-16'),
			(458, '69', '103', '136', '193', '101', '99', '132', '102', '181', '2025-03-23'),
			(459, '67', '85', '143', '173', '136', '85', '179', '78', '153', '2025-05-05'),
			(460, '67', '75', '107', '159', '115', '94', '86', '92', '175', '2025-01-18'),
			(461, '33', '120', '254', '168', '126', '71', '90', '78', '165', '2025-11-19'),
			(462, '76', '160', '297', '260', '116', '98', '176', '100', '183', '2025-10-24'),
			(463, '40', '101', '154', '170', '122', '98', '140', '95', '172', '2025-03-10'),
			(464, '72', '75', '92', '176', '124', '96', '165', '93', '150', '2025-04-30'),
			(465, '73', '178', '248', '275', '151', '66', '76', '50', '178', '2025-05-23'),
			(466, '77', '127', '96', '234', '113', '72', '88', '53', '153', '2025-05-22'),
			(467, '79', '186', '110', '275', '109', '70', '139', '114', '181', '2025-08-10'),
			(468, '51', '149', '146', '230', '130', '98', '123', '114', '177', '2025-12-05'),
			(469, '75', '153', '135', '242', '123', '76', '164', '63', '190', '2025-06-20'),
			(470, '71', '125', '175', '222', '151', '100', '153', '103', '169', '2025-11-16'),
			(471, '32', '107', '131', '167', '108', '99', '87', '96', '173', '2025-04-23'),
			(472, '34', '157', '100', '206', '103', '88', '71', '64', '169', '2025-09-18'),
			(473, '44', '71', '97', '132', '155', '100', '72', '95', '175', '2025-04-16'),
			(474, '47', '175', '73', '238', '134', '98', '98', '63', '174', '2025-09-18'),
			(475, '64', '117', '181', '199', '104', '83', '78', '75', '166', '2025-10-23'),
			(476, '43', '112', '211', '170', '108', '79', '172', '120', '169', '2025-01-21'),
			(477, '46', '150', '118', '208', '113', '80', '83', '103', '189', '2025-02-20'),
			(478, '60', '140', '208', '217', '109', '63', '80', '60', '187', '2025-05-12'),
			(479, '48', '124', '203', '186', '146', '60', '121', '97', '168', '2025-07-22'),
			(480, '36', '134', '245', '188', '109', '91', '145', '52', '174', '2025-10-18'),
			(481, '80', '82', '216', '186', '144', '84', '96', '111', '157', '2025-05-21'),
			(482, '33', '73', '63', '120', '124', '70', '153', '55', '185', '2025-12-07'),
			(483, '63', '93', '186', '169', '106', '84', '90', '56', '168', '2025-04-03'),
			(484, '36', '151', '212', '199', '101', '72', '164', '84', '160', '2025-08-10'),
			(485, '71', '96', '298', '194', '152', '67', '88', '99', '174', '2025-03-22'),
			(486, '55', '185', '141', '253', '119', '76', '114', '98', '188', '2025-11-29'),
			(487, '40', '137', '190', '204', '132', '64', '136', '89', '168', '2025-04-26'),
			(488, '73', '144', '197', '228', '121', '73', '177', '74', '174', '2025-12-26'),
			(489, '46', '85', '101', '147', '145', '76', '82', '72', '166', '2025-05-19'),
			(490, '52', '93', '52', '156', '141', '63', '175', '88', '163', '2025-04-08'),
			(491, '55', '189', '101', '255', '150', '95', '155', '76', '187', '2025-10-20'),
			(492, '46', '177', '225', '234', '100', '96', '162', '118', '162', '2025-10-25'),
			(493, '36', '105', '218', '158', '108', '100', '148', '110', '162', '2025-03-02'),
			(494, '30', '169', '173', '220', '147', '65', '80', '100', '169', '2025-06-03'),
			(495, '74', '79', '72', '167', '116', '77', '75', '75', '177', '2025-01-05'),
			(496, '49', '160', '179', '229', '113', '79', '162', '84', '158', '2025-03-18'),
			(497, '31', '91', '109', '136', '100', '68', '119', '113', '177', '2025-05-07'),
			(498, '77', '156', '189', '262', '153', '74', '145', '59', '152', '2025-11-19'),
			(499, '62', '178', '113', '262', '137', '96', '110', '90', '151', '2025-10-25'),
			(500, '57', '185', '139', '260', '130', '96', '90', '92', '159', '2025-04-06');


INSERT INTO 
	appointment 
		(patient_id, department_id, hospital_id, intervention_id, notes, appointment_date, appointment_status) VALUES
			(1, 2, 1, 20, 'Patient has had chest pain and pressure along with vertigo', '2024-03-15', 'Attended'),
			(2, 6, 1, 16, 'Patient has been coughing for months', '2024-02-28', 'Attended'),
			(3, 6, 1, 14, 'Patient lost consciousness', '2024-03-10', 'Attended'),
			(4, 6, 1, 16, 'Patient is persistently coughing blood for long periods of time', '2024-01-22', 'Attended'),
			(5, 9, 1, 17, 'Patient feels they have lost energy and strength that has not returned', '2024-03-18', 'Attended'),
			(6, 1, 1, 19, 'Patient has not been able to eat for days due to a stomach virus', '2024-02-14', 'Attended'),
			(7, 2, 1, 20, 'Patient is struggling to breathe whilst doing daily tasks that were once doable', '2024-03-05', 'Attended'),
			(8, 6, 1, 12, 'Patient cannot turn their head', '2024-01-30', 'Attended'),
			(9, 6, 1, 13, 'Patient has been experiencing severe headaches for weeks', '2024-02-19', 'Attended'),
			(10, 6, 1, 15, 'Patient has been coughing for months', '2024-03-12', 'Attended'),
			(11, 9, 1, 17, 'Patient has been experiencing frequent episodes of vertigo', '2024-02-25', 'Attended'),
			(12, 1, 1, 19, 'Patient is unable to eat due to prescribed medication side effects', '2024-03-08', 'Attended'),
			(13, 6, 1, 14, 'Patient lost consciousness', '2024-01-18', 'Attended'),
			(14, 6, 1, 16, 'Patient is persistently coughing blood for long periods of time', '2024-03-20', 'Attended'),
			(15, 6, 1, 13, 'Patient has been experiencing severe headaches for weeks', '2024-02-10', 'Attended'),
			(16, 6, 1, 15, 'Patient has been coughing for months', '2024-03-14', 'Attended'),
			(17, 2, 1, 20, 'Patient is struggling to breathe whilst doing daily tasks that were once doable', '2024-01-28', 'Attended'),
			(18, 6, 1, 11, 'Patient has a firm palpable nodule along the shaft', '2024-03-22', 'Attended'),
			(19, 2, 1, 20, 'Patient has had chest pain and pressure along with vertigo', '2024-02-08', 'Attended'),
			(20, 6, 1, 14, 'Patient lost consciousness', '2024-03-16', 'Attended'),
			(21, 2, 1, 10, 'Patient experiences intense pulsations around the naval area of the abdomen', '2024-01-15', 'Attended'),
			(22, 6, 1, 16, 'Patient is persistently coughing blood for long periods of time', '2024-03-03', 'Attended'),
			(23, 9, 1, 17, 'Patient feels they have lost energy and strength that has not returned', '2024-02-22', 'Attended'),
			(24, 6, 1, 13, 'Patient has been experiencing severe headaches for weeks', '2024-03-17', 'Attended'),
			(25, 2, 1, 20, 'Patient is struggling to breathe whilst doing daily tasks that were once doable', '2024-02-05', 'Attended'),
			(26, 6, 2, 12, 'Patient reported severe neck pain', '2024-03-19', 'Attended'),
			(27, 6, 2, 16, 'Patient has been coughing for months', '2024-02-12', 'Attended'),
			(28, 6, 2, 14, 'Patient lost consciousness', '2024-03-22', 'Attended'),
			(29, 6, 2, 15, 'Patient is persistently coughing blood for long periods of time', '2024-01-25', 'Attended'),
			(30, 9, 2, 17, 'Patient has been experiencing frequent episodes of vertigo', '2024-03-28', 'Attended'),
			(31, 1, 2, 19, 'Patient is unable to eat due to prescribed medication side effects', '2024-02-18', 'Attended'),
			(32, 2, 2, 20, 'Patient has had chest pain and pressure along with vertigo', '2024-03-25', 'Attended'),
			(33, 6, 2, 11, 'Patient has a firm palpable nodule along the shaft', '2024-01-30', 'Attended'),
			(34, 6, 2, 13, 'Patient has been experiencing severe headaches for weeks', '2024-03-29', 'Attended'),
			(35, 6, 2, 16, 'Patient has been coughing for months', '2024-02-15', 'Attended'),
			(36, 9, 2, 17, 'Patient feels they have lost energy and strength that has not returned', '2024-04-01', 'Attended'),
			(37, 2, 2, 20, 'Patient is struggling to breathe whilst doing daily tasks that were once doable', '2024-03-02', 'Attended'),
			(38, 6, 2, 12, 'Patient cannot turn their head', '2024-02-28', 'Attended'),
			(39, 6, 2, 14, 'Patient lost consciousness', '2024-03-14', 'Attended'),
			(40, 6, 2, 15, 'Patient is persistently coughing blood for long periods of time', '2024-01-20', 'Attended'),
			(41, 1, 2, 19, 'Patient has not been able to eat for days due to a stomach virus', '2024-03-24', 'Attended'),
			(42, 2, 2, 10, 'Patient experiences intense pulsations around the naval area of the abdomen', '2024-02-22', 'Attended'),
			(43, 6, 2, 13, 'Patient has been experiencing severe headaches for weeks', '2024-03-18', 'Attended'),
			(44, 6, 2, 16, 'Patient has been coughing for months', '2024-02-05', 'Attended'),
			(45, 9, 2, 17, 'Patient has been experiencing frequent episodes of vertigo', '2024-03-30', 'Attended'),
			(46, 2, 2, 20, 'Patient has had chest pain and pressure along with vertigo', '2024-03-07', 'Attended'),
			(47, 6, 2, 11, 'Patient has a firm palpable nodule along the shaft', '2024-02-25', 'Attended'),
			(48, 6, 2, 14, 'Patient lost consciousness', '2024-03-21', 'Attended'),
			(49, 6, 2, 15, 'Patient is persistently coughing blood for long periods of time', '2024-01-29', 'Attended'),
			(50, 1, 2, 19, 'Patient is unable to eat due to prescribed medication side effects', '2024-03-05', 'Attended'),
			(51, 6, 3, 12, 'Patient reported severe neck pain', '2024-03-12', 'Attended'),
			(52, 6, 3, 16, 'Patient is persistently coughing blood for long periods of time', '2024-02-17', 'Attended'),
			(53, 6, 3, 14, 'Patient lost consciousness', '2024-03-25', 'Attended'),
			(54, 6, 3, 15, 'Patient has been coughing for months', '2024-01-22', 'Attended'),
			(55, 9, 3, 17, 'Patient feels they have lost energy and strength that has not returned', '2024-03-28', 'Attended'),
			(56, 1, 3, 19, 'Patient has not been able to eat for days due to a stomach virus', '2024-02-14', 'Attended'),
			(57, 2, 3, 20, 'Patient is struggling to breathe whilst doing daily tasks that were once doable', '2024-03-19', 'Attended'),
			(58, 6, 3, 11, 'Patient has a firm palpable nodule along the shaft', '2024-01-31', 'Attended'),
			(59, 6, 3, 13, 'Patient has been experiencing severe headaches for weeks', '2024-03-22', 'Attended'),
			(60, 6, 3, 16, 'Patient is persistently coughing blood for long periods of time', '2024-02-09', 'Attended'),
			(61, 9, 3, 17, 'Patient has been experiencing frequent episodes of vertigo', '2024-03-30', 'Attended'),
			(62, 2, 3, 20, 'Patient has had chest pain and pressure along with vertigo', '2024-03-03', 'Attended'),
			(63, 6, 3, 12, 'Patient cannot turn their head', '2024-02-26', 'Attended'),
			(64, 6, 3, 14, 'Patient lost consciousness', '2024-03-15', 'Attended'),
			(65, 6, 3, 15, 'Patient has been coughing for months', '2024-01-19', 'Attended'),
			(66, 1, 3, 19, 'Patient is unable to eat due to prescribed medication side effects', '2024-03-24', 'Attended'),
			(67, 2, 3, 10, 'Patient experiences intense pulsations around the naval area of the abdomen', '2024-02-21', 'Attended'),
			(68, 6, 3, 13, 'Patient has been experiencing severe headaches for weeks', '2024-03-17', 'Attended'),
			(69, 6, 3, 16, 'Patient is persistently coughing blood for long periods of time', '2024-02-04', 'Attended'),
			(70, 9, 3, 17, 'Patient feels they have lost energy and strength that has not returned', '2024-03-29', 'Attended'),
			(71, 2, 3, 20, 'Patient is struggling to breathe whilst doing daily tasks that were once doable', '2024-03-06', 'Attended'),
			(72, 6, 3, 11, 'Patient has a firm palpable nodule along the shaft', '2024-02-24', 'Attended'),
			(73, 6, 3, 14, 'Patient lost consciousness', '2024-03-20', 'Attended'),
			(74, 6, 3, 15, 'Patient has been coughing for months', '2024-01-28', 'Attended'),
			(75, 1, 3, 19, 'Patient has not been able to eat for days due to a stomach virus', '2024-03-04', 'Attended'),
			(76, 6, 4, 12, 'Patient cannot turn their head', '2024-03-18', 'Attended'),
			(77, 6, 4, 16, 'Patient has been coughing for months', '2024-02-11', 'Attended'),
			(78, 6, 4, 14, 'Patient lost consciousness', '2024-03-27', 'Attended'),
			(79, 6, 4, 15, 'Patient is persistently coughing blood for long periods of time', '2024-01-23', 'Attended'),
			(80, 9, 4, 17, 'Patient has been experiencing frequent episodes of vertigo', '2024-03-31', 'Attended'),
			(81, 1, 4, 19, 'Patient is unable to eat due to prescribed medication side effects', '2024-02-16', 'Attended'),
			(82, 2, 4, 20, 'Patient has had chest pain and pressure along with vertigo', '2024-03-23', 'Attended'),
			(83, 6, 4, 11, 'Patient has a firm palpable nodule along the shaft', '2024-02-01', 'Attended'),
			(84, 6, 4, 13, 'Patient has been experiencing severe headaches for weeks', '2024-03-26', 'Attended'),
			(85, 6, 4, 16, 'Patient is persistently coughing blood for long periods of time', '2024-02-13', 'Attended'),
			(86, 9, 4, 17, 'Patient feels they have lost energy and strength that has not returned', '2024-04-02', 'Attended'),
			(87, 2, 4, 20, 'Patient is struggling to breathe whilst doing daily tasks that were once doable', '2024-03-01', 'Attended'),
			(88, 6, 4, 12, 'Patient reported severe neck pain', '2024-02-27', 'Attended'),
			(89, 6, 4, 14, 'Patient lost consciousness', '2024-03-13', 'Attended'),
			(90, 6, 4, 15, 'Patient has been coughing for months', '2024-01-21', 'Attended'),
			(91, 1, 4, 19, 'Patient has not been able to eat for days due to a stomach virus', '2024-03-25', 'Attended'),
			(92, 2, 4, 10, 'Patient experiences intense pulsations around the naval area of the abdomen', '2024-02-23', 'Attended'),
			(93, 6, 4, 13, 'Patient has been experiencing severe headaches for weeks', '2024-03-16', 'Attended'),
			(94, 6, 4, 16, 'Patient has been coughing for months', '2024-02-06', 'Attended'),
			(95, 9, 4, 17, 'Patient has been experiencing frequent episodes of vertigo', '2024-03-31', 'Attended'),
			(96, 2, 4, 20, 'Patient has had chest pain and pressure along with vertigo', '2024-03-08', 'Attended'),
			(97, 6, 4, 11, 'Patient has a firm palpable nodule along the shaft', '2024-02-26', 'Attended'),
			(98, 6, 4, 14, 'Patient lost consciousness', '2024-03-24', 'Attended'),
			(99, 6, 4, 15, 'Patient is persistently coughing blood for long periods of time', '2024-01-30', 'Attended'),
			(100, 1, 4, 19, 'Patient is unable to eat due to prescribed medication side effects', '2024-03-06', 'Attended'),
			(101, 6, 5, 12, 'Patient reported severe neck pain', '2024-03-20', 'Attended'),
			(102, 6, 5, 16, 'Patient is persistently coughing blood for long periods of time', '2024-02-18', 'Attended'),
			(103, 6, 5, 14, 'Patient lost consciousness', '2024-03-28', 'Attended'),
			(104, 6, 5, 15, 'Patient has been coughing for months', '2024-01-26', 'Attended'),
			(105, 9, 5, 17, 'Patient has been experiencing frequent episodes of vertigo', '2024-04-03', 'Attended'),
			(106, 1, 5, 19, 'Patient is unable to eat due to prescribed medication side effects', '2024-02-19', 'Attended'),
			(107, 2, 5, 20, 'Patient has had chest pain and pressure along with vertigo', '2024-03-24', 'Attended'),
			(108, 6, 5, 11, 'Patient has a firm palpable nodule along the shaft', '2024-02-03', 'Attended'),
			(109, 6, 5, 13, 'Patient has been experiencing severe headaches for weeks', '2024-03-27', 'Attended'),
			(110, 6, 5, 16, 'Patient has been coughing for months', '2024-02-16', 'Attended'),
			(111, 9, 5, 17, 'Patient feels they have lost energy and strength that has not returned', '2024-04-04', 'Attended'),
			(112, 2, 5, 20, 'Patient is struggling to breathe whilst doing daily tasks that were once doable', '2024-03-03', 'Attended'),
			(113, 6, 5, 12, 'Patient cannot turn their head', '2024-03-01', 'Attended'),
			(114, 6, 5, 14, 'Patient lost consciousness', '2024-03-17', 'Attended'),
			(115, 6, 5, 15, 'Patient is persistently coughing blood for long periods of time', '2024-01-24', 'Attended'),
			(116, 1, 5, 19, 'Patient has not been able to eat for days due to a stomach virus', '2024-03-26', 'Attended'),
			(117, 2, 5, 10, 'Patient experiences intense pulsations around the naval area of the abdomen', '2024-02-24', 'Attended'),
			(118, 6, 5, 13, 'Patient has been experiencing severe headaches for weeks', '2024-03-18', 'Attended'),
			(119, 6, 5, 16, 'Patient is persistently coughing blood for long periods of time', '2024-02-08', 'Attended'),
			(120, 9, 5, 17, 'Patient has been experiencing frequent episodes of vertigo', '2024-04-01', 'Attended'),
			(121, 2, 5, 20, 'Patient has had chest pain and pressure along with vertigo', '2024-03-09', 'Attended'),
			(122, 6, 5, 11, 'Patient has a firm palpable nodule along the shaft', '2024-02-28', 'Attended'),
			(123, 6, 5, 14, 'Patient lost consciousness', '2024-03-25', 'Attended'),
			(124, 6, 5, 15, 'Patient has been coughing for months', '2024-01-31', 'Attended'),
			(125, 1, 5, 19, 'Patient is unable to eat due to prescribed medication side effects', '2024-03-07', 'Attended'),
			(126, 6, 6, 12, 'Patient reported severe neck pain', '2024-03-21', 'Attended'),
			(127, 6, 6, 16, 'Patient has been coughing for months', '2024-02-19', 'Attended'),
			(128, 6, 6, 14, 'Patient lost consciousness', '2024-03-29', 'Attended'),
			(129, 6, 6, 15, 'Patient is persistently coughing blood for long periods of time', '2024-01-27', 'Attended'),
			(130, 9, 6, 17, 'Patient has been experiencing frequent episodes of vertigo', '2024-04-04', 'Attended'),
			(131, 1, 6, 19, 'Patient is unable to eat due to prescribed medication side effects', '2024-02-20', 'Attended'),
			(132, 2, 6, 20, 'Patient has had chest pain and pressure along with vertigo', '2024-03-25', 'Attended'),
			(133, 6, 6, 11, 'Patient has a firm palpable nodule along the shaft', '2024-02-04', 'Attended'),
			(134, 6, 6, 13, 'Patient has been experiencing severe headaches for weeks', '2024-03-28', 'Attended'),
			(135, 6, 6, 16, 'Patient has been coughing for months', '2024-02-17', 'Attended'),
			(136, 9, 6, 17, 'Patient feels they have lost energy and strength that has not returned', '2024-04-05', 'Attended'),
			(137, 2, 6, 20, 'Patient is struggling to breathe whilst doing daily tasks that were once doable', '2024-03-04', 'Attended'),
			(138, 6, 6, 12, 'Patient cannot turn their head', '2024-03-02', 'Attended'),
			(139, 6, 6, 14, 'Patient lost consciousness', '2024-03-18', 'Attended'),
			(140, 6, 6, 15, 'Patient is persistently coughing blood for long periods of time', '2024-01-25', 'Attended'),
			(141, 1, 6, 19, 'Patient has not been able to eat for days due to a stomach virus', '2024-03-27', 'Attended'),
			(142, 2, 6, 10, 'Patient experiences intense pulsations around the naval area of the abdomen', '2024-02-25', 'Attended'),
			(143, 6, 6, 13, 'Patient has been experiencing severe headaches for weeks', '2024-03-19', 'Attended'),
			(144, 6, 6, 16, 'Patient is persistently coughing blood for long periods of time', '2024-02-09', 'Attended'),
			(145, 9, 6, 17, 'Patient has been experiencing frequent episodes of vertigo', '2024-04-02', 'Attended'),
			(146, 2, 6, 20, 'Patient has had chest pain and pressure along with vertigo', '2024-03-10', 'Attended'),
			(147, 6, 6, 11, 'Patient has a firm palpable nodule along the shaft', '2024-03-01', 'Attended'),
			(148, 6, 6, 14, 'Patient lost consciousness', '2024-03-26', 'Attended'),
			(149, 6, 6, 15, 'Patient has been coughing for months', '2024-02-01', 'Attended'),
			(150, 1, 6, 19, 'Patient is unable to eat due to prescribed medication side effects', '2024-03-08', 'Attended'),
			(151, 6, 7, 12, 'Patient cannot turn their head', '2024-03-22', 'Attended'),
			(152, 6, 7, 16, 'Patient has been coughing for months', '2024-02-20', 'Attended'),
			(153, 6, 7, 14, 'Patient lost consciousness', '2024-03-30', 'Attended'),
			(154, 6, 7, 15, 'Patient is persistently coughing blood for long periods of time', '2024-01-28', 'Attended'),
			(155, 9, 7, 17, 'Patient has been experiencing frequent episodes of vertigo', '2024-04-05', 'Attended'),
			(156, 1, 7, 19, 'Patient is unable to eat due to prescribed medication side effects', '2024-02-21', 'Attended'),
			(157, 2, 7, 20, 'Patient has had chest pain and pressure along with vertigo', '2024-03-26', 'Attended'),
			(158, 6, 7, 11, 'Patient has a firm palpable nodule along the shaft', '2024-02-05', 'Attended'),
			(159, 6, 7, 13, 'Patient has been experiencing severe headaches for weeks', '2024-03-29', 'Attended'),
			(160, 6, 7, 16, 'Patient has been coughing for months', '2024-02-18', 'Attended'),
			(161, 9, 7, 17, 'Patient feels they have lost energy and strength that has not returned', '2024-04-06', 'Attended'),
			(162, 2, 7, 20, 'Patient is struggling to breathe whilst doing daily tasks that were once doable', '2024-03-05', 'Attended'),
			(163, 6, 7, 12, 'Patient reported severe neck pain', '2024-03-03', 'Attended'),
			(164, 6, 7, 14, 'Patient lost consciousness', '2024-03-19', 'Attended'),
			(165, 6, 7, 15, 'Patient is persistently coughing blood for long periods of time', '2024-01-26', 'Attended'),
			(166, 1, 7, 19, 'Patient has not been able to eat for days due to a stomach virus', '2024-03-28', 'Attended'),
			(167, 2, 7, 10, 'Patient experiences intense pulsations around the naval area of the abdomen', '2024-02-26', 'Attended'),
			(168, 6, 7, 13, 'Patient has been experiencing severe headaches for weeks', '2024-03-20', 'Attended'),
			(169, 6, 7, 16, 'Patient is persistently coughing blood for long periods of time', '2024-02-10', 'Attended'),
			(170, 9, 7, 17, 'Patient has been experiencing frequent episodes of vertigo', '2024-04-03', 'Attended'),
			(171, 2, 7, 20, 'Patient has had chest pain and pressure along with vertigo', '2024-03-11', 'Attended'),
			(172, 6, 7, 11, 'Patient has a firm palpable nodule along the shaft', '2024-03-02', 'Attended'),
			(173, 6, 7, 14, 'Patient lost consciousness', '2024-03-27', 'Attended'),
			(174, 6, 7, 15, 'Patient has been coughing for months', '2024-02-02', 'Attended'),
			(175, 1, 7, 19, 'Patient is unable to eat due to prescribed medication side effects', '2024-03-09', 'Attended'),
			(176, 6, 8, 12, 'Patient reported severe neck pain', '2024-03-23', 'Attended'),
			(177, 6, 8, 16, 'Patient is persistently coughing blood for long periods of time', '2024-02-21', 'Attended'),
			(178, 6, 8, 14, 'Patient lost consciousness', '2024-03-31', 'Attended'),
			(179, 6, 8, 15, 'Patient has been coughing for months', '2024-01-29', 'Attended'),
			(180, 9, 8, 17, 'Patient has been experiencing frequent episodes of vertigo', '2024-04-06', 'Attended'),
			(181, 1, 8, 19, 'Patient is unable to eat due to prescribed medication side effects', '2024-02-22', 'Attended'),
			(182, 2, 8, 20, 'Patient has had chest pain and pressure along with vertigo', '2024-03-27', 'Attended'),
			(183, 6, 8, 11, 'Patient has a firm palpable nodule along the shaft', '2024-02-06', 'Cancelled'),
			(184, 6, 8, 13, 'Patient has been experiencing severe headaches for weeks', '2024-03-30', 'Cancelled'),
			(185, 6, 8, 16, 'Patient has been coughing for months', '2024-02-19', 'Cancelled'),
			(186, 9, 8, 17, 'Patient feels they have lost energy and strength that has not returned', '2024-04-07', 'Cancelled'),
			(187, 2, 8, 20, 'Patient is struggling to breathe whilst doing daily tasks that were once doable', '2024-03-06', 'Cancelled'),
			(188, 6, 8, 12, 'Patient cannot turn their head', '2024-03-04', 'Cancelled'),
			(189, 6, 8, 14, 'Patient lost consciousness', '2024-03-20', 'Cancelled'),
			(190, 6, 8, 15, 'Patient is persistently coughing blood for long periods of time', '2024-01-27', 'Cancelled'),
			(191, 1, 8, 19, 'Patient has not been able to eat for days due to a stomach virus', '2024-03-29', 'Cancelled'),
			(192, 2, 8, 10, 'Patient experiences intense pulsations around the naval area of the abdomen', '2024-02-27', 'Cancelled'),
			(193, 6, 8, 13, 'Patient has been experiencing severe headaches for weeks', '2024-03-21', 'Cancelled'),
			(194, 6, 8, 16, 'Patient is persistently coughing blood for long periods of time', '2024-02-11', 'Cancelled'),
			(195, 9, 8, 17, 'Patient has been experiencing frequent episodes of vertigo', '2024-04-04', 'Cancelled'),
			(196, 2, 8, 20, 'Patient has had chest pain and pressure along with vertigo', '2024-03-12', 'Cancelled'),
			(197, 6, 8, 11, 'Patient has a firm palpable nodule along the shaft', '2024-03-03', 'Cancelled'),
			(198, 6, 8, 14, 'Patient lost consciousness', '2024-03-28', 'Cancelled'),
			(199, 6, 8, 15, 'Patient has been coughing for months', '2024-02-03', 'Cancelled'),
			(200, 1, 8, 19, 'Patient is unable to eat due to prescribed medication side effects', '2024-03-10', 'Cancelled'),
			(201, 6, 9, 12, 'Patient cannot turn their head', '2024-03-24', 'Cancelled'),
			(202, 6, 9, 16, 'Patient has been coughing for months', '2024-02-22', 'Cancelled'),
			(203, 6, 9, 14, 'Patient lost consciousness', '2024-04-01', 'Cancelled'),
			(204, 6, 9, 15, 'Patient is persistently coughing blood for long periods of time', '2024-01-30', 'Cancelled'),
			(205, 9, 9, 17, 'Patient has been experiencing frequent episodes of vertigo', '2024-04-07', 'Cancelled'),
			(206, 1, 9, 19, 'Patient is unable to eat due to prescribed medication side effects', '2024-02-23', 'Cancelled'),
			(207, 2, 9, 20, 'Patient has had chest pain and pressure along with vertigo', '2024-03-28', 'Cancelled'),
			(208, 6, 9, 11, 'Patient has a firm palpable nodule along the shaft', '2024-02-07', 'Cancelled'),
			(209, 6, 9, 13, 'Patient has been experiencing severe headaches for weeks', '2024-03-31', 'Attended'),
			(210, 6, 9, 16, 'Patient has been coughing for months', '2024-02-20', 'Attended'),
			(211, 9, 9, 17, 'Patient feels they have lost energy and strength that has not returned', '2024-04-08', 'Attended'),
			(212, 2, 9, 20, 'Patient is struggling to breathe whilst doing daily tasks that were once doable', '2024-03-07', 'Attended'),
			(213, 6, 9, 12, 'Patient reported severe neck pain', '2024-03-05', 'Attended'),
			(214, 6, 9, 14, 'Patient lost consciousness', '2024-03-21', 'Attended'),
			(215, 6, 9, 15, 'Patient is persistently coughing blood for long periods of time', '2024-01-28', 'Attended'),
			(216, 1, 9, 19, 'Patient has not been able to eat for days due to a stomach virus', '2024-03-30', 'Attended'),
			(217, 2, 9, 10, 'Patient experiences intense pulsations around the naval area of the abdomen', '2024-02-28', 'Attended'),
			(218, 6, 9, 13, 'Patient has been experiencing severe headaches for weeks', '2024-03-22', 'Attended'),
			(219, 6, 9, 16, 'Patient is persistently coughing blood for long periods of time', '2024-02-12', 'Attended'),
			(220, 9, 9, 17, 'Patient has been experiencing frequent episodes of vertigo', '2024-04-05', 'Attended'),
			(221, 2, 9, 20, 'Patient has had chest pain and pressure along with vertigo', '2024-03-13', 'Attended'),
			(222, 6, 9, 11, 'Patient has a firm palpable nodule along the shaft', '2024-03-04', 'Attended'),
			(223, 6, 9, 14, 'Patient lost consciousness', '2024-03-29', 'Attended'),
			(224, 6, 9, 15, 'Patient has been coughing for months', '2024-02-04', 'Attended'),
			(225, 1, 9, 19, 'Patient is unable to eat due to prescribed medication side effects', '2024-03-11', 'Attended'),
			(226, 6, 10, 12, 'Patient reported severe neck pain', '2024-03-25', 'Attended'),
			(227, 6, 10, 16, 'Patient is persistently coughing blood for long periods of time', '2024-02-23', 'Attended'),
			(228, 6, 10, 14, 'Patient lost consciousness', '2024-04-02', 'Attended'),
			(229, 6, 10, 15, 'Patient has been coughing for months', '2024-01-31', 'Attended'),
			(230, 9, 10, 17, 'Patient has been experiencing frequent episodes of vertigo', '2024-04-08', 'Attended'),
			(231, 1, 10, 19, 'Patient is unable to eat due to prescribed medication side effects', '2024-02-24', 'Attended'),
			(232, 2, 10, 20, 'Patient has had chest pain and pressure along with vertigo', '2024-03-29', 'Attended'),
			(233, 6, 10, 11, 'Patient has a firm palpable nodule along the shaft', '2024-02-08', 'Attended'),
			(234, 6, 10, 13, 'Patient has been experiencing severe headaches for weeks', '2024-04-01', 'Attended'),
			(235, 6, 10, 16, 'Patient has been coughing for months', '2024-02-21', 'Attended'),
			(236, 9, 10, 17, 'Patient feels they have lost energy and strength that has not returned', '2024-04-09', 'Attended'),
			(237, 2, 10, 20, 'Patient is struggling to breathe whilst doing daily tasks that were once doable', '2024-03-08', 'Attended'),
			(238, 6, 10, 12, 'Patient cannot turn their head', '2024-03-06', 'Attended'),
			(239, 6, 10, 14, 'Patient lost consciousness', '2024-03-22', 'Attended'),
			(240, 6, 10, 15, 'Patient is persistently coughing blood for long periods of time', '2024-01-29', 'Attended'),
			(241, 1, 10, 19, 'Patient has not been able to eat for days due to a stomach virus', '2024-03-31', 'Attended'),
			(242, 2, 10, 10, 'Patient experiences intense pulsations around the naval area of the abdomen', '2024-03-01', 'Attended'),
			(243, 6, 10, 13, 'Patient has been experiencing severe headaches for weeks', '2024-03-23', 'Attended'),
			(244, 6, 10, 16, 'Patient is persistently coughing blood for long periods of time', '2024-02-13', 'Attended'),
			(245, 9, 10, 17, 'Patient has been experiencing frequent episodes of vertigo', '2024-04-06', 'Attended'),
			(246, 2, 10, 20, 'Patient has had chest pain and pressure along with vertigo', '2024-03-14', 'Attended'),
			(247, 6, 10, 11, 'Patient has a firm palpable nodule along the shaft', '2024-03-05', 'Attended'),
			(248, 6, 10, 14, 'Patient lost consciousness', '2024-03-30', 'Attended'),
			(249, 6, 10, 15, 'Patient has been coughing for months', '2024-02-05', 'Attended'),
			(250, 1, 10, 19, 'Patient is unable to eat due to prescribed medication side effects', '2024-03-12', 'Attended'),
			(251, 6, 11, 12, 'Patient cannot turn their head', '2024-03-26', 'Attended'),
			(252, 6, 11, 16, 'Patient has been coughing for months', '2024-02-24', 'Attended'),
			(253, 6, 11, 14, 'Patient lost consciousness', '2024-04-03', 'Attended'),
			(254, 6, 11, 15, 'Patient is persistently coughing blood for long periods of time', '2024-02-01', 'Attended'),
			(255, 9, 11, 17, 'Patient has been experiencing frequent episodes of vertigo', '2024-04-09', 'Attended'),
			(256, 1, 11, 19, 'Patient is unable to eat due to prescribed medication side effects', '2024-02-25', 'Attended'),
			(257, 2, 11, 20, 'Patient has had chest pain and pressure along with vertigo', '2024-03-30', 'Attended'),
			(258, 6, 11, 11, 'Patient has a firm palpable nodule along the shaft', '2024-02-09', 'Attended'),
			(259, 6, 11, 13, 'Patient has been experiencing severe headaches for weeks', '2024-04-02', 'Attended'),
			(260, 6, 11, 16, 'Patient has been coughing for months', '2024-02-22', 'Attended'),
			(261, 9, 11, 17, 'Patient feels they have lost energy and strength that has not returned', '2024-04-10', 'Attended'),
			(262, 2, 11, 20, 'Patient is struggling to breathe whilst doing daily tasks that were once doable', '2024-03-09', 'Attended'),
			(263, 6, 11, 12, 'Patient reported severe neck pain', '2024-03-07', 'Attended'),
			(264, 6, 11, 14, 'Patient lost consciousness', '2024-03-23', 'Attended'),
			(265, 6, 11, 15, 'Patient is persistently coughing blood for long periods of time', '2024-01-30', 'Attended'),
			(266, 1, 11, 19, 'Patient has not been able to eat for days due to a stomach virus', '2024-04-01', 'Attended'),
			(267, 2, 11, 10, 'Patient experiences intense pulsations around the naval area of the abdomen', '2024-03-02', 'Attended'),
			(268, 6, 11, 13, 'Patient has been experiencing severe headaches for weeks', '2024-03-24', 'Attended'),
			(269, 6, 11, 16, 'Patient is persistently coughing blood for long periods of time', '2024-02-14', 'Attended'),
			(270, 9, 11, 17, 'Patient has been experiencing frequent episodes of vertigo', '2024-04-07', 'Attended'),
			(271, 2, 11, 20, 'Patient has had chest pain and pressure along with vertigo', '2024-03-15', 'Attended'),
			(272, 6, 11, 11, 'Patient has a firm palpable nodule along the shaft', '2024-03-06', 'Attended'),
			(273, 6, 11, 14, 'Patient lost consciousness', '2024-03-31', 'Attended'),
			(274, 6, 11, 15, 'Patient has been coughing for months', '2024-02-06', 'Attended'),
			(275, 1, 11, 19, 'Patient is unable to eat due to prescribed medication side effects', '2024-03-13', 'Attended'),
			(276, 6, 12, 12, 'Patient reported severe neck pain', '2024-03-27', 'Attended'),
			(277, 6, 12, 16, 'Patient is persistently coughing blood for long periods of time', '2024-02-25', 'Attended'),
			(278, 6, 12, 14, 'Patient lost consciousness', '2024-04-04', 'Attended'),
			(279, 6, 12, 15, 'Patient has been coughing for months', '2024-02-02', 'Attended'),
			(280, 9, 12, 17, 'Patient has been experiencing frequent episodes of vertigo', '2024-04-10', 'Attended'),
			(281, 1, 12, 19, 'Patient is unable to eat due to prescribed medication side effects', '2024-02-26', 'Attended'),
			(282, 2, 12, 20, 'Patient has had chest pain and pressure along with vertigo', '2024-03-31', 'Attended'),
			(283, 6, 12, 11, 'Patient has a firm palpable nodule along the shaft', '2024-02-10', 'Attended'),
			(284, 6, 12, 13, 'Patient has been experiencing severe headaches for weeks', '2024-04-03', 'Attended'),
			(285, 6, 12, 16, 'Patient has been coughing for months', '2024-02-23', 'Attended'),
			(286, 9, 12, 17, 'Patient feels they have lost energy and strength that has not returned', '2024-04-11', 'Attended'),
			(287, 2, 12, 20, 'Patient is struggling to breathe whilst doing daily tasks that were once doable', '2024-03-10', 'Attended'),
			(288, 6, 12, 12, 'Patient cannot turn their head', '2024-03-08', 'Attended'),
			(289, 6, 12, 14, 'Patient lost consciousness', '2024-03-24', 'Attended'),
			(290, 6, 12, 15, 'Patient is persistently coughing blood for long periods of time', '2024-01-31', 'Attended'),
			(291, 1, 12, 19, 'Patient has not been able to eat for days due to a stomach virus', '2024-04-02', 'Attended'),
			(292, 2, 12, 10, 'Patient experiences intense pulsations around the naval area of the abdomen', '2024-03-03', 'Attended'),
			(293, 6, 12, 13, 'Patient has been experiencing severe headaches for weeks', '2024-03-25', 'Attended'),
			(294, 6, 12, 16, 'Patient is persistently coughing blood for long periods of time', '2024-02-15', 'Attended'),
			(295, 9, 12, 17, 'Patient has been experiencing frequent episodes of vertigo', '2024-04-08', 'Attended'),
			(296, 2, 12, 20, 'Patient has had chest pain and pressure along with vertigo', '2024-03-16', 'Attended'),
			(297, 6, 12, 11, 'Patient has a firm palpable nodule along the shaft', '2024-03-07', 'Attended'),
			(298, 6, 12, 14, 'Patient lost consciousness', '2024-04-01', 'Attended'),
			(299, 6, 12, 15, 'Patient has been coughing for months', '2024-02-07', 'Attended'),
			(300, 1, 12, 19, 'Patient is unable to eat due to prescribed medication side effects', '2024-03-14', 'Attended'),
			(301, 6, 13, 12, 'Patient cannot turn their head', '2024-03-28', 'Attended'),
			(302, 6, 13, 16, 'Patient has been coughing for months', '2024-02-26', 'Attended'),
			(303, 6, 13, 14, 'Patient lost consciousness', '2024-04-05', 'Attended'),
			(304, 6, 13, 15, 'Patient is persistently coughing blood for long periods of time', '2024-02-03', 'Attended'),
			(305, 9, 13, 17, 'Patient has been experiencing frequent episodes of vertigo', '2024-04-11', 'Attended'),
			(306, 1, 13, 19, 'Patient is unable to eat due to prescribed medication side effects', '2024-02-27', 'Attended'),
			(307, 2, 13, 20, 'Patient has had chest pain and pressure along with vertigo', '2024-04-01', 'Attended'),
			(308, 6, 13, 11, 'Patient has a firm palpable nodule along the shaft', '2024-02-11', 'Attended'),
			(309, 6, 13, 13, 'Patient has been experiencing severe headaches for weeks', '2024-04-04', 'Attended'),
			(310, 6, 13, 16, 'Patient has been coughing for months', '2024-02-24', 'Attended'),
			(311, 9, 13, 17, 'Patient feels they have lost energy and strength that has not returned', '2024-04-12', 'Attended'),
			(312, 2, 13, 20, 'Patient is struggling to breathe whilst doing daily tasks that were once doable', '2024-03-11', 'Rescheduled'),
			(313, 6, 13, 12, 'Patient reported severe neck pain', '2024-03-09', 'Rescheduled'),
			(314, 6, 13, 14, 'Patient lost consciousness', '2024-03-25', 'Rescheduled'),
			(315, 6, 13, 15, 'Patient is persistently coughing blood for long periods of time', '2024-02-01', 'Rescheduled'),
			(316, 1, 13, 19, 'Patient has not been able to eat for days due to a stomach virus', '2024-04-03', 'Rescheduled'),
			(317, 2, 13, 10, 'Patient experiences intense pulsations around the naval area of the abdomen', '2024-03-04', 'Rescheduled'),
			(318, 6, 13, 13, 'Patient has been experiencing severe headaches for weeks', '2024-03-26', 'Rescheduled'),
			(319, 6, 13, 16, 'Patient is persistently coughing blood for long periods of time', '2024-02-16', 'Rescheduled'),
			(320, 9, 13, 17, 'Patient has been experiencing frequent episodes of vertigo', '2024-04-09', 'Rescheduled'),
			(321, 2, 13, 20, 'Patient has had chest pain and pressure along with vertigo', '2024-03-17', 'Rescheduled'),
			(322, 6, 13, 11, 'Patient has a firm palpable nodule along the shaft', '2024-03-08', 'Rescheduled'),
			(323, 6, 13, 14, 'Patient lost consciousness', '2024-04-02', 'Rescheduled'),
			(324, 6, 13, 15, 'Patient has been coughing for months', '2024-02-08', 'Rescheduled'),
			(325, 1, 13, 19, 'Patient is unable to eat due to prescribed medication side effects', '2024-03-15', 'Rescheduled'),
			(326, 6, 14, 12, 'Patient reported severe neck pain', '2024-03-29', 'Rescheduled'),
			(327, 6, 14, 16, 'Patient is persistently coughing blood for long periods of time', '2024-02-27', 'Rescheduled'),
			(328, 6, 14, 14, 'Patient lost consciousness', '2024-04-06', 'Rescheduled'),
			(329, 6, 14, 15, 'Patient has been coughing for months', '2024-02-04', 'Rescheduled'),
			(330, 9, 14, 17, 'Patient has been experiencing frequent episodes of vertigo', '2024-04-12', 'Rescheduled'),
			(331, 1, 14, 19, 'Patient is unable to eat due to prescribed medication side effects', '2024-02-28', 'Rescheduled'),
			(332, 2, 14, 20, 'Patient has had chest pain and pressure along with vertigo', '2024-04-02', 'Rescheduled'),
			(333, 6, 14, 11, 'Patient has a firm palpable nodule along the shaft', '2024-02-12', 'Rescheduled'),
			(334, 6, 14, 13, 'Patient has been experiencing severe headaches for weeks', '2024-04-05', 'Rescheduled'),
			(335, 6, 14, 16, 'Patient has been coughing for months', '2024-02-25', 'Rescheduled'),
			(336, 9, 14, 17, 'Patient feels they have lost energy and strength that has not returned', '2024-04-13', 'Rescheduled'),
			(337, 2, 14, 20, 'Patient is struggling to breathe whilst doing daily tasks that were once doable', '2024-03-12', 'Rescheduled'),
			(338, 6, 14, 12, 'Patient cannot turn their head', '2024-03-10', 'Rescheduled'),
			(339, 6, 14, 14, 'Patient lost consciousness', '2024-03-26', 'Rescheduled'),
			(340, 6, 14, 15, 'Patient is persistently coughing blood for long periods of time', '2024-02-02', 'Rescheduled'),
			(341, 1, 14, 19, 'Patient has not been able to eat for days due to a stomach virus', '2024-04-04', 'Rescheduled'),
			(342, 2, 14, 10, 'Patient experiences intense pulsations around the naval area of the abdomen', '2024-03-05', 'Rescheduled'),
			(343, 6, 14, 13, 'Patient has been experiencing severe headaches for weeks', '2024-03-27', 'Rescheduled'),
			(344, 6, 14, 16, 'Patient is persistently coughing blood for long periods of time', '2024-02-17', 'Rescheduled'),
			(345, 9, 14, 17, 'Patient has been experiencing frequent episodes of vertigo', '2024-04-10', 'Rescheduled'),
			(346, 2, 14, 20, 'Patient has had chest pain and pressure along with vertigo', '2024-03-18', 'Rescheduled'),
			(347, 6, 14, 11, 'Patient has a firm palpable nodule along the shaft', '2024-03-09', 'Rescheduled'),
			(348, 6, 14, 14, 'Patient lost consciousness', '2024-04-03', 'Rescheduled'),
			(349, 6, 14, 15, 'Patient has been coughing for months', '2024-02-09', 'Rescheduled'),
			(350, 1, 14, 19, 'Patient is unable to eat due to prescribed medication side effects', '2024-03-16', 'Rescheduled'),
			(351, 6, 15, 12, 'Patient cannot turn their head', '2024-03-30', 'Rescheduled'),
			(352, 6, 15, 16, 'Patient has been coughing for months', '2024-02-28', 'Rescheduled'),
			(353, 6, 15, 14, 'Patient lost consciousness', '2024-04-07', 'Rescheduled'),
			(354, 6, 15, 15, 'Patient is persistently coughing blood for long periods of time', '2024-02-05', 'Rescheduled'),
			(355, 9, 15, 17, 'Patient has been experiencing frequent episodes of vertigo', '2024-04-13', 'Rescheduled'),
			(356, 1, 15, 19, 'Patient is unable to eat due to prescribed medication side effects', '2024-03-01', 'Rescheduled'),
			(357, 2, 15, 20, 'Patient has had chest pain and pressure along with vertigo', '2024-04-03', 'Rescheduled'),
			(358, 6, 15, 11, 'Patient has a firm palpable nodule along the shaft', '2024-02-13', 'Rescheduled'),
			(359, 6, 15, 13, 'Patient has been experiencing severe headaches for weeks', '2024-04-06', 'Rescheduled'),
			(360, 6, 15, 16, 'Patient has been coughing for months', '2024-02-26', 'Rescheduled'),
			(361, 9, 15, 17, 'Patient feels they have lost energy and strength that has not returned', '2024-04-14', 'Rescheduled'),
			(362, 2, 15, 20, 'Patient is struggling to breathe whilst doing daily tasks that were once doable', '2024-03-13', 'Rescheduled'),
			(363, 6, 15, 12, 'Patient reported severe neck pain', '2024-03-11', 'Rescheduled'),
			(364, 6, 15, 14, 'Patient lost consciousness', '2024-03-27', 'Rescheduled'),
			(365, 6, 15, 15, 'Patient is persistently coughing blood for long periods of time', '2024-02-03', 'Rescheduled'),
			(366, 1, 15, 19, 'Patient has not been able to eat for days due to a stomach virus', '2024-04-05', 'Rescheduled'),
			(367, 2, 15, 10, 'Patient experiences intense pulsations around the naval area of the abdomen', '2024-03-06', 'Rescheduled'),
			(368, 6, 15, 13, 'Patient has been experiencing severe headaches for weeks', '2024-03-28', 'Rescheduled'),
			(369, 6, 15, 16, 'Patient is persistently coughing blood for long periods of time', '2024-02-18', 'Rescheduled'),
			(370, 9, 15, 17, 'Patient has been experiencing frequent episodes of vertigo', '2024-04-11', 'Rescheduled'),
			(371, 2, 15, 20, 'Patient has had chest pain and pressure along with vertigo', '2024-03-19', 'Rescheduled'),
			(372, 6, 15, 11, 'Patient has a firm palpable nodule along the shaft', '2024-03-10', 'Rescheduled'),
			(373, 6, 15, 14, 'Patient lost consciousness', '2024-04-04', 'Rescheduled'),
			(374, 6, 15, 15, 'Patient has been coughing for months', '2024-02-10', 'Rescheduled'),
			(375, 1, 15, 19, 'Patient is unable to eat due to prescribed medication side effects', '2024-03-17', 'Rescheduled'),
			(376, 6, 16, 12, 'Patient reported severe neck pain', '2024-03-31', 'Rescheduled'),
			(377, 6, 16, 16, 'Patient is persistently coughing blood for long periods of time', '2024-03-01', 'Rescheduled'),
			(378, 6, 16, 14, 'Patient lost consciousness', '2024-04-08', 'Rescheduled'),
			(379, 6, 16, 15, 'Patient has been coughing for months', '2024-02-06', 'Rescheduled'),
			(380, 9, 16, 17, 'Patient has been experiencing frequent episodes of vertigo', '2024-04-14', 'Rescheduled'),
			(381, 1, 16, 19, 'Patient is unable to eat due to prescribed medication side effects', '2024-03-02', 'Rescheduled'),
			(382, 2, 16, 20, 'Patient has had chest pain and pressure along with vertigo', '2024-04-04', 'Rescheduled'),
			(383, 6, 16, 11, 'Patient has a firm palpable nodule along the shaft', '2024-02-14', 'Rescheduled'),
			(384, 6, 16, 13, 'Patient has been experiencing severe headaches for weeks', '2024-04-07', 'Rescheduled'),
			(385, 6, 16, 16, 'Patient has been coughing for months', '2024-02-27', 'Rescheduled'),
			(386, 9, 16, 17, 'Patient feels they have lost energy and strength that has not returned', '2024-04-15', 'Rescheduled'),
			(387, 2, 16, 20, 'Patient is struggling to breathe whilst doing daily tasks that were once doable', '2024-03-14', 'Rescheduled'),
			(388, 6, 16, 12, 'Patient cannot turn their head', '2024-03-12', 'Rescheduled'),
			(389, 6, 16, 14, 'Patient lost consciousness', '2024-03-28', 'Attended'),
			(390, 6, 16, 15, 'Patient is persistently coughing blood for long periods of time', '2024-02-04', 'Attended'),
			(391, 1, 16, 19, 'Patient has not been able to eat for days due to a stomach virus', '2024-04-06', 'Attended'),
			(392, 2, 16, 10, 'Patient experiences intense pulsations around the naval area of the abdomen', '2024-03-07', 'Attended'),
			(393, 6, 16, 13, 'Patient has been experiencing severe headaches for weeks', '2024-03-29', 'Attended'),
			(394, 6, 16, 16, 'Patient is persistently coughing blood for long periods of time', '2024-02-19', 'Attended'),
			(395, 9, 16, 17, 'Patient has been experiencing frequent episodes of vertigo', '2024-04-12', 'Attended'),
			(396, 2, 16, 20, 'Patient has had chest pain and pressure along with vertigo', '2024-03-20', 'Attended'),
			(397, 6, 16, 11, 'Patient has a firm palpable nodule along the shaft', '2024-03-11', 'Attended'),
			(398, 6, 16, 14, 'Patient lost consciousness', '2024-04-05', 'Attended'),
			(399, 6, 16, 15, 'Patient has been coughing for months', '2024-02-11', 'Attended'),
			(400, 1, 16, 19, 'Patient is unable to eat due to prescribed medication side effects', '2024-03-18', 'Attended'),
			(401, 6, 17, 12, 'Patient cannot turn their head', '2024-04-01', 'Attended'),
			(402, 6, 17, 16, 'Patient has been coughing for months', '2024-03-02', 'Attended'),
			(403, 6, 17, 14, 'Patient lost consciousness', '2024-04-09', 'Attended'),
			(404, 6, 17, 15, 'Patient is persistently coughing blood for long periods of time', '2024-02-07', 'Attended'),
			(405, 9, 17, 17, 'Patient has been experiencing frequent episodes of vertigo', '2024-04-15', 'Attended'),
			(406, 1, 17, 19, 'Patient is unable to eat due to prescribed medication side effects', '2024-03-03', 'Attended'),
			(407, 2, 17, 20, 'Patient has had chest pain and pressure along with vertigo', '2024-04-05', 'Attended'),
			(408, 6, 17, 11, 'Patient has a firm palpable nodule along the shaft', '2024-02-15', 'Attended'),
			(409, 6, 17, 13, 'Patient has been experiencing severe headaches for weeks', '2024-04-08', 'Attended'),
			(410, 6, 17, 16, 'Patient has been coughing for months', '2024-02-28', 'Attended'),
			(411, 9, 17, 17, 'Patient feels they have lost energy and strength that has not returned', '2024-04-16', 'Attended'),
			(412, 2, 17, 20, 'Patient is struggling to breathe whilst doing daily tasks that were once doable', '2024-03-15', 'Attended'),
			(413, 6, 17, 12, 'Patient reported severe neck pain', '2024-03-13', 'Attended'),
			(414, 6, 17, 14, 'Patient lost consciousness', '2024-03-29', 'Attended'),
			(415, 6, 17, 15, 'Patient is persistently coughing blood for long periods of time', '2024-02-05', 'Attended'),
			(416, 1, 17, 19, 'Patient has not been able to eat for days due to a stomach virus', '2024-04-07', 'Attended'),
			(417, 2, 17, 10, 'Patient experiences intense pulsations around the naval area of the abdomen', '2024-03-08', 'Attended'),
			(418, 6, 17, 13, 'Patient has been experiencing severe headaches for weeks', '2024-03-30', 'Attended'),
			(419, 6, 17, 16, 'Patient is persistently coughing blood for long periods of time', '2024-02-20', 'Attended'),
			(420, 9, 17, 17, 'Patient has been experiencing frequent episodes of vertigo', '2024-04-13', 'Attended'),
			(421, 2, 17, 20, 'Patient has had chest pain and pressure along with vertigo', '2024-03-21', 'Attended'),
			(422, 6, 17, 11, 'Patient has a firm palpable nodule along the shaft', '2024-03-12', 'Attended'),
			(423, 6, 17, 14, 'Patient lost consciousness', '2024-04-06', 'Did not attend'),
			(424, 6, 17, 15, 'Patient has been coughing for months', '2024-02-12', 'Did not attend'),
			(425, 1, 17, 19, 'Patient is unable to eat due to prescribed medication side effects', '2024-03-19', 'Did not attend'),
			(426, 6, 18, 12, 'Patient reported severe neck pain', '2024-04-02', 'Did not attend'),
			(427, 6, 18, 16, 'Patient is persistently coughing blood for long periods of time', '2024-03-03', 'Did not attend'),
			(428, 6, 18, 14, 'Patient lost consciousness', '2024-04-10', 'Did not attend'),
			(429, 6, 18, 15, 'Patient has been coughing for months', '2024-02-08', 'Did not attend'),
			(430, 9, 18, 17, 'Patient has been experiencing frequent episodes of vertigo', '2024-04-16', 'Did not attend'),
			(431, 1, 18, 19, 'Patient is unable to eat due to prescribed medication side effects', '2024-03-04', 'Did not attend'),
			(432, 2, 18, 20, 'Patient has had chest pain and pressure along with vertigo', '2024-04-06', 'Did not attend'),
			(433, 6, 18, 11, 'Patient has a firm palpable nodule along the shaft', '2024-02-16', 'Did not attend'),
			(434, 6, 18, 13, 'Patient has been experiencing severe headaches for weeks', '2024-04-09', 'Did not attend'),
			(435, 6, 18, 16, 'Patient has been coughing for months', '2024-03-01', 'Did not attend'),
			(436, 9, 18, 17, 'Patient feels they have lost energy and strength that has not returned', '2024-04-17', 'Did not attend'),
			(437, 2, 18, 20, 'Patient is struggling to breathe whilst doing daily tasks that were once doable', '2024-03-16', 'Did not attend'),
			(438, 6, 18, 12, 'Patient cannot turn their head', '2024-03-14', 'Did not attend'),
			(439, 6, 18, 14, 'Patient lost consciousness', '2024-03-30', 'Did not attend'),
			(440, 6, 18, 15, 'Patient is persistently coughing blood for long periods of time', '2024-02-06', 'Did not attend'),
			(441, 1, 18, 19, 'Patient has not been able to eat for days due to a stomach virus', '2024-04-08', 'Did not attend'),
			(442, 2, 18, 10, 'Patient experiences intense pulsations around the naval area of the abdomen', '2024-03-09', 'Did not attend'),
			(443, 6, 18, 13, 'Patient has been experiencing severe headaches for weeks', '2024-03-31', 'Did not attend'),
			(444, 6, 18, 16, 'Patient is persistently coughing blood for long periods of time', '2024-02-21', 'Did not attend'),
			(445, 9, 18, 17, 'Patient has been experiencing frequent episodes of vertigo', '2024-04-14', 'Did not attend'),
			(446, 2, 18, 20, 'Patient has had chest pain and pressure along with vertigo', '2024-03-22', 'Did not attend'),
			(447, 6, 18, 11, 'Patient has a firm palpable nodule along the shaft', '2024-03-13', 'Did not attend'),
			(448, 6, 18, 14, 'Patient lost consciousness', '2024-04-07', 'Did not attend'),
			(449, 6, 18, 15, 'Patient has been coughing for months', '2024-02-13', 'Did not attend'),
			(450, 1, 18, 19, 'Patient is unable to eat due to prescribed medication side effects', '2024-03-20', 'Did not attend'),
			(451, 6, 19, 12, 'Patient cannot turn their head', '2024-04-03', 'Did not attend'),
			(452, 6, 19, 16, 'Patient has been coughing for months', '2024-03-04', 'Did not attend'),
			(453, 6, 19, 14, 'Patient lost consciousness', '2024-04-11', 'Did not attend'),
			(454, 6, 19, 15, 'Patient is persistently coughing blood for long periods of time', '2024-02-09', 'Did not attend'),
			(455, 9, 19, 17, 'Patient has been experiencing frequent episodes of vertigo', '2024-04-17', 'Did not attend'),
			(456, 1, 19, 19, 'Patient is unable to eat due to prescribed medication side effects', '2024-03-05', 'Did not attend'),
			(457, 2, 19, 20, 'Patient has had chest pain and pressure along with vertigo', '2024-04-07', 'Did not attend'),
			(458, 6, 19, 11, 'Patient has a firm palpable nodule along the shaft', '2024-02-17', 'Did not attend'),
			(459, 6, 19, 13, 'Patient has been experiencing severe headaches for weeks', '2024-04-10', 'Did not attend'),
			(460, 6, 19, 16, 'Patient has been coughing for months', '2024-03-02', 'Did not attend'),
			(461, 9, 19, 17, 'Patient feels they have lost energy and strength that has not returned', '2024-04-18', 'Did not attend'),
			(462, 2, 19, 20, 'Patient is struggling to breathe whilst doing daily tasks that were once doable', '2024-03-17', 'Did not attend'),
			(463, 6, 19, 12, 'Patient reported severe neck pain', '2024-03-15', 'Did not attend'),
			(464, 6, 19, 14, 'Patient lost consciousness', '2024-03-31', 'Did not attend'),
			(465, 6, 19, 15, 'Patient is persistently coughing blood for long periods of time', '2024-02-07', 'Did not attend'),
			(466, 1, 19, 19, 'Patient has not been able to eat for days due to a stomach virus', '2024-04-09', 'Did not attend'),
			(467, 2, 19, 10, 'Patient experiences intense pulsations around the naval area of the abdomen', '2024-03-10', 'Did not attend'),
			(468, 6, 19, 13, 'Patient has been experiencing severe headaches for weeks', '2024-04-01', 'Did not attend'),
			(469, 6, 19, 16, 'Patient is persistently coughing blood for long periods of time', '2024-02-22', 'Did not attend'),
			(470, 9, 19, 17, 'Patient has been experiencing frequent episodes of vertigo', '2024-04-15', 'Did not attend'),
			(471, 2, 19, 20, 'Patient has had chest pain and pressure along with vertigo', '2024-03-23', 'Did not attend'),			
			(472, 6, 19, 11, 'Patient has a firm palpable nodule along the shaft', '2024-03-14', 'Attended'),
			(473, 6, 19, 14, 'Patient lost consciousness', '2024-04-08', 'Attended'),
			(474, 6, 19, 15, 'Patient has been coughing for months', '2024-02-14', 'Attended'),
			(475, 1, 19, 19, 'Patient is unable to eat due to prescribed medication side effects', '2024-03-21', 'Attended'),
			(476, 6, 20, 12, 'Patient reported severe neck pain', '2024-04-04', 'Attended'),
			(477, 6, 20, 16, 'Patient has been coughing for months', '2024-03-05', 'Attended'),
			(478, 6, 20, 14, 'Patient lost consciousness', '2024-04-12', 'Attended'),
			(479, 6, 20, 15, 'Patient is persistently coughing blood for long periods of time', '2024-02-10', 'Attended'),
			(480, 9, 20, 17, 'Patient has been experiencing frequent episodes of vertigo', '2024-04-18', 'Attended'),
			(481, 1, 20, 19, 'Patient is unable to eat due to prescribed medication side effects', '2024-03-06', 'Attended'),
			(482, 2, 20, 20, 'Patient has had chest pain and pressure along with vertigo', '2024-04-08', 'Attended'),
			(483, 6, 20, 11, 'Patient has a firm palpable nodule along the shaft', '2024-02-18', 'Attended'),
			(484, 6, 20, 13, 'Patient has been experiencing severe headaches for weeks', '2024-04-11', 'Attended'),
			(485, 6, 20, 16, 'Patient is persistently coughing blood for long periods of time', '2024-03-03', 'Attended'),
			(486, 9, 20, 17, 'Patient feels they have lost energy and strength that has not returned', '2024-04-19', 'Attended'),
			(487, 2, 20, 20, 'Patient is struggling to breathe whilst doing daily tasks that were once doable', '2024-03-18', 'Attended'),
			(488, 6, 20, 12, 'Patient cannot turn their head', '2024-03-16', 'Attended'),
			(489, 6, 20, 14, 'Patient lost consciousness', '2024-04-01', 'Attended'),
			(490, 6, 20, 15, 'Patient is persistently coughing blood for long periods of time', '2024-02-08', 'Attended'),
			(491, 1, 20, 19, 'Patient has not been able to eat for days due to a stomach virus', '2024-04-10', 'Attended'),
			(492, 2, 20, 10, 'Patient experiences intense pulsations around the naval area of the abdomen', '2024-03-11', 'Attended'),
			(493, 6, 20, 13, 'Patient has been experiencing severe headaches for weeks', '2024-04-02', 'Attended'),
			(494, 6, 20, 16, 'Patient is persistently coughing blood for long periods of time', '2024-02-23', 'Attended'),
			(495, 9, 20, 17, 'Patient has been experiencing frequent episodes of vertigo', '2024-04-16', 'Attended'),
			(496, 2, 20, 20, 'Patient has had chest pain and pressure along with vertigo', '2024-03-24', 'Attended'),
			(497, 6, 20, 11, 'Patient has a firm palpable nodule along the shaft', '2024-03-15', 'Attended'),
			(498, 6, 20, 14, 'Patient lost consciousness', '2024-04-09', 'Attended'),
			(499, 6, 20, 15, 'Patient has been coughing for months', '2024-02-15', 'Attended'),
			(500, 1, 20, 19, 'Patient is unable to eat due to prescribed medication side effects', '2024-03-22', 'Attended');

INSERT INTO 
	staff_appointment
		(staff_id, appointment_id) VALUES
			(1, 1),
			(12, 2),
			(12, 3),
			(12, 4),
			(2, 5),
			(3, 6),
			(1, 7),
			(13, 8),
			(14, 9),
			(12, 10),
			(2, 11),
			(3, 12),
			(12, 13),
			(12, 14),
			(14, 15),
			(12, 16),
			(1, 17),
			(13, 18),
			(1, 19),
			(12, 20),
			(1, 21),
			(12, 22),
			(2, 23),
			(14, 24),
			(1, 25),
			(33, 26),
			(32, 27),
			(32, 28),
			(32, 29),
			(22, 30),
			(23, 31),
			(21, 32),
			(33, 33),
			(34, 34),
			(32, 35),
			(22, 36),
			(21, 37),
			(33, 38),
			(32, 39),
			(32, 40),
			(23, 41),
			(21, 42),
			(34, 43),
			(32, 44),
			(22, 45),
			(21, 46),
			(33, 47),
			(32, 48),
			(32, 49),
			(23, 50),
			(53, 51),
			(52, 52),
			(52, 53),
			(52, 54),
			(42, 55),
			(43, 56),
			(41, 57),
			(53, 58),
			(54, 59),
			(52, 60),
			(42, 61),
			(41, 62),
			(53, 63),
			(52, 64),
			(52, 65),
			(43, 66),
			(41, 67),
			(54, 68),
			(52, 69),
			(42, 70),
			(41, 71),
			(53, 72),
			(52, 73),
			(52, 74),
			(43, 75),
			(73, 76),
			(72, 77),
			(72, 78),
			(72, 79),
			(62, 80),
			(63, 81),
			(61, 82),
			(73, 83),
			(74, 84),
			(72, 85),
			(62, 86),
			(61, 87),
			(73, 88),
			(72, 89),
			(72, 90),
			(63, 91),
			(61, 92),
			(74, 93),
			(72, 94),
			(62, 95),
			(61, 96),
			(73, 97),
			(72, 98),
			(72, 99),
			(63, 100),
			(93, 101),
			(92, 102),
			(92, 103),
			(92, 104),
			(82, 105),
			(83, 106),
			(81, 107),
			(93, 108),
			(94, 109),
			(92, 110),
			(82, 111),
			(81, 112),
			(93, 113),
			(92, 114),
			(92, 115),
			(83, 116),
			(81, 117),
			(94, 118),
			(92, 119),
			(82, 120),
			(81, 121),
			(93, 122),
			(92, 123),
			(92, 124),
			(83, 125),
			(113, 126),
			(112, 127),
			(112, 128),
			(112, 129),
			(102, 130),
			(103, 131),
			(101, 132),
			(113, 133),
			(114, 134),
			(112, 135),
			(102, 136),
			(101, 137),
			(113, 138),
			(112, 139),
			(112, 140),
			(103, 141),
			(101, 142),
			(114, 143),
			(112, 144),
			(102, 145),
			(101, 146),
			(113, 147),
			(112, 148),
			(112, 149),
			(103, 150),
			(133, 151),
			(132, 152),
			(132, 153),
			(132, 154),
			(122, 155),
			(123, 156),
			(121, 157),
			(133, 158),
			(134, 159),
			(132, 160),
			(122, 161),
			(121, 162),
			(133, 163),
			(132, 164),
			(132, 165),
			(123, 166),
			(121, 167),
			(134, 168),
			(132, 169),
			(122, 170),
			(121, 171),
			(133, 172),
			(132, 173),
			(132, 174),
			(123, 175),
			(153, 176),
			(152, 177),
			(152, 178),
			(152, 179),
			(142, 180),
			(143, 181),
			(141, 182),
			(153, 183),
			(154, 184),
			(152, 185),
			(142, 186),
			(141, 187),
			(153, 188),
			(152, 189),
			(152, 190),
			(143, 191),
			(141, 192),
			(154, 193),
			(152, 194),
			(142, 195),
			(141, 196),
			(153, 197),
			(152, 198),
			(152, 199),
			(143, 200),
			(173, 201),
			(172, 202),
			(172, 203),
			(172, 204),
			(162, 205),
			(163, 206),
			(161, 207),
			(173, 208),
			(174, 209),
			(172, 210),
			(162, 211),
			(161, 212),
			(173, 213),
			(172, 214),
			(172, 215),
			(163, 216),
			(161, 217),
			(174, 218),
			(172, 219),
			(162, 220),
			(161, 221),
			(173, 222),
			(172, 223),
			(172, 224),
			(163, 225),
			(193, 226),
			(192, 227),
			(192, 228),
			(192, 229),
			(182, 230),
			(183, 231),
			(181, 232),
			(193, 233),
			(194, 234),
			(192, 235),
			(182, 236),
			(181, 237),
			(193, 238),
			(192, 239),
			(192, 240),
			(183, 241),
			(181, 242),
			(194, 243),
			(192, 244),
			(182, 245),
			(181, 246),
			(193, 247),
			(192, 248),
			(192, 249),
			(183, 250),
			(213, 251),
			(212, 252),
			(212, 253),
			(212, 254),
			(202, 255),
			(203, 256),
			(201, 257),
			(213, 258),
			(214, 259),
			(212, 260),
			(202, 261),
			(201, 262),
			(213, 263),
			(212, 264),
			(212, 265),
			(203, 266),
			(201, 267),
			(214, 268),
			(212, 269),
			(202, 270),
			(201, 271),
			(213, 272),
			(212, 273),
			(212, 274),
			(203, 275),
			(233, 276),
			(232, 277),
			(232, 278),
			(232, 279),
			(222, 280),
			(223, 281),
			(221, 282),
			(233, 283),
			(234, 284),
			(232, 285),
			(222, 286),
			(221, 287),
			(233, 288),
			(232, 289),
			(232, 290),
			(223, 291),
			(221, 292),
			(234, 293),
			(232, 294),
			(222, 295),
			(221, 296),
			(233, 297),
			(232, 298),
			(232, 299),
			(223, 300),
			(253, 301),
			(252, 302),
			(252, 303),
			(252, 304),
			(242, 305),
			(243, 306),
			(241, 307),
			(253, 308),
			(254, 309),
			(252, 310),
			(242, 311),
			(241, 312),
			(253, 313),
			(252, 314),
			(252, 315),
			(243, 316),
			(241, 317),
			(254, 318),
			(252, 319),
			(242, 320),
			(241, 321),
			(253, 322),
			(252, 323),
			(252, 324),
			(243, 325),
			(273, 326),
			(272, 327),
			(272, 328),
			(272, 329),
			(262, 330),
			(263, 331),
			(261, 332),
			(273, 333),
			(274, 334),
			(272, 335),
			(262, 336),
			(261, 337),
			(273, 338),
			(272, 339),
			(272, 340),
			(263, 341),
			(261, 342),
			(274, 343),
			(272, 344),
			(262, 345),
			(261, 346),
			(273, 347),
			(272, 348),
			(272, 349),
			(263, 350),
			(293, 351),
			(292, 352),
			(292, 353),
			(292, 354),
			(282, 355),
			(283, 356),
			(281, 357),
			(293, 358),
			(294, 359),
			(292, 360),
			(282, 361),
			(281, 362),
			(293, 363),
			(292, 364),
			(292, 365),
			(283, 366),
			(281, 367),
			(294, 368),
			(292, 369),
			(282, 370),
			(281, 371),
			(293, 372),
			(292, 373),
			(292, 374),
			(283, 375),
			(313, 376),
			(312, 377),
			(312, 378),
			(312, 379),
			(302, 380),
			(303, 381),
			(301, 382),
			(313, 383),
			(314, 384),
			(312, 385),
			(302, 386),
			(301, 387),
			(313, 388),
			(312, 389),
			(312, 390),
			(303, 391),
			(301, 392),
			(314, 393),
			(312, 394),
			(302, 395),
			(301, 396),
			(313, 397),
			(312, 398),
			(312, 399),
			(303, 400),
			(333, 401),
			(332, 402),
			(332, 403),
			(332, 404),
			(322, 405),
			(323, 406),
			(321, 407),
			(333, 408),
			(334, 409),
			(332, 410),
			(322, 411),
			(321, 412),
			(333, 413),
			(332, 414),
			(332, 415),
			(323, 416),
			(321, 417),
			(334, 418),
			(332, 419),
			(322, 420),
			(321, 421),
			(333, 422),
			(332, 423),
			(332, 424),
			(323, 425),
			(353, 426),
			(352, 427),
			(352, 428),
			(352, 429),
			(342, 430),
			(343, 431),
			(341, 432),
			(353, 433),
			(354, 434),
			(352, 435),
			(342, 436),
			(341, 437),
			(353, 438),
			(352, 439),
			(352, 440),
			(343, 441),
			(341, 442),
			(354, 443),
			(352, 444),
			(342, 445),
			(341, 446),
			(353, 447),
			(352, 448),
			(352, 449),
			(343, 450),
			(373, 451),
			(372, 452),
			(372, 453),
			(372, 454),
			(362, 455),
			(363, 456),
			(361, 457),
			(373, 458),
			(374, 459),
			(372, 460),
			(362, 461),
			(361, 462),
			(373, 463),
			(372, 464),
			(372, 465),
			(363, 466),
			(361, 467),
			(374, 468),
			(372, 469),
			(362, 470),
			(361, 471),
			(373, 472),
			(372, 473),
			(372, 474),
			(363, 475),
			(393, 476),
			(392, 477),
			(392, 478),
			(392, 479),
			(382, 480),
			(383, 481),
			(381, 482),
			(393, 483),
			(394, 484),
			(392, 485),
			(382, 486),
			(381, 487),
			(393, 488),
			(392, 489),
			(392, 490),
			(383, 491),
			(381, 492),
			(394, 493),
			(392, 494),
			(382, 495),
			(381, 496),
			(393, 497),
			(392, 498),
			(392, 499),
			(383, 500);

INSERT INTO
	symptom
		(symptom_id, name) VALUES
			(1, 'Chest Pain'),
			(2, 'Chest Pressure'),
			(3, 'Vertigo'),
			(4, 'Cough'),
			(5, 'Syncope'),
			(6, 'Hemoptysis'),
			(7, 'Fatigue'),
			(8, 'Anorexia'),
			(9, 'Dyspnea'),
			(10, 'Neck Stiffness'),
			(11, 'Headache'),
			(12, 'Palpable Nodule'),
			(13, 'Pulsatile Abdominal Mass');

INSERT INTO
	finding
		(finding_id, name) VALUES
			(1, 'Plaque Build Up Left Anterior Descending Artery'),
			(2, 'Lung Scarring'),
			(3, 'Frontal Lobe Aneurysm'),
			(4, 'Right Lung Malignant Tumor'),
			(5, 'Iron Deficiency'),
			(6, 'Vitamin D Deficiency'),
			(7, 'Plaque Build Up Right Coronary Artery'),
			(8, 'Temporal Lobe Benign Tumor'),
			(9, 'Left Lung Malignant Tumor'),
			(10, 'Circumflex Artery Plaque Build Up'),
			(11, 'Left Main Coronary Artery Plaque Build Up'),
			(12, 'Cerebellar Aneurysm'),
			(13, 'Abdominal Aorta Plaque Build Up'),
			(14, 'Parietal Lobe Benign Tumor'),
			(15, 'Brainstem Aneurysm'),
			(16, 'Hippocampus Aneurysm'),
			(17, 'Thalamus Benign Tumor'),
			(18, 'Hypothalamus Aneurysm'),
			(19, 'Basal Ganglia Benign Tumor'),
			(20, 'Medulla Oblongata Aneurysm'),
			(21, 'Midbrain Aneurysm'),
			(22, 'Pituitary Gland Benign Tumor'),
			(23, 'Pons Benign Tumor'),
			(24, 'Occipital Lobe Aneurysm');

INSERT INTO
	appointment_symptom
		(appointment_id, symptom_id) VALUES
			(1, 1),
			(1, 2),
			(1, 3),
			(2, 4),
			(3, 5),
			(4, 6),
			(5, 7),
			(6, 8),
			(7, 9),
			(8, 10),
			(9, 11),
			(10, 4),
			(11, 3),
			(12, 8),
			(13, 5),
			(14, 6),
			(15, 11),
			(16, 4),
			(17, 9),
			(18, 12),
			(19, 1),
			(19, 2),
			(19, 3),
			(20, 5),
			(21, 13),
			(22, 6),
			(23, 7),
			(24, 11),
			(25, 9),
			(26, 10),
			(27, 4),
			(28, 5),
			(29, 6),
			(30, 3),
			(31, 8),
			(32, 1),
			(32, 2),
			(32, 3),
			(33, 12),
			(34, 11),
			(35, 4),
			(36, 7),
			(37, 9),
			(38, 10),
			(39, 5),
			(40, 6),
			(41, 8),
			(42, 13),
			(43, 11),
			(44, 4),
			(45, 3),
			(46, 1),
			(46, 2),
			(46, 3),
			(47, 12),
			(48, 5),
			(49, 6),
			(50, 8),
			(51, 10),
			(52, 6),
			(53, 5),
			(54, 4),
			(55, 7),
			(56, 8),
			(57, 9),
			(58, 12),
			(59, 11),
			(60, 6),
			(61, 3),
			(62, 1),
			(62, 2),
			(62, 3),
			(63, 10),
			(64, 5),
			(65, 4),
			(66, 8),
			(67, 13),
			(68, 11),
			(69, 6),
			(70, 7),
			(71, 9),
			(72, 12),
			(73, 5),
			(74, 4),
			(75, 8),
			(76, 10),
			(77, 4),
			(78, 5),
			(79, 6),
			(80, 3),
			(81, 8),
			(82, 1),
			(82, 2),
			(82, 3),
			(83, 12),
			(84, 11),
			(85, 6),
			(86, 7),
			(87, 9),
			(88, 10),
			(89, 5),
			(90, 4),
			(91, 8),
			(92, 13),
			(93, 11),
			(94, 4),
			(95, 3),
			(96, 1),
			(96, 2),
			(96, 3),
			(97, 12),
			(98, 5),
			(99, 6),
			(100, 8),
			(101, 10),
			(102, 6),
			(103, 5),
			(104, 4),
			(105, 3),
			(106, 8),
			(107, 1),
			(107, 2),
			(107, 3),
			(108, 12),
			(109, 11),
			(110, 4),
			(111, 7),
			(112, 9),
			(113, 10),
			(114, 5),
			(115, 6),
			(116, 8),
			(117, 13),
			(118, 11),
			(119, 6),
			(120, 3),
			(121, 1),
			(121, 2),
			(121, 3),
			(122, 12),
			(123, 5),
			(124, 4),
			(125, 8),
			(126, 10),
			(127, 4),
			(128, 5),
			(129, 6),
			(130, 3),
			(131, 8),
			(132, 1),
			(132, 2),
			(132, 3),
			(133, 12),
			(134, 11),
			(135, 4),
			(136, 7),
			(137, 9),
			(138, 10),
			(139, 5),
			(140, 6),
			(141, 8),
			(142, 13),
			(143, 11),
			(144, 6),
			(145, 3),
			(146, 1),
			(146, 2),
			(146, 3),
			(147, 12),
			(148, 5),
			(149, 4),
			(150, 8),
			(151, 10),
			(152, 4),
			(153, 5),
			(154, 6),
			(155, 3),
			(156, 8),
			(157, 1),
			(157, 2),
			(157, 3),
			(158, 12),
			(159, 11),
			(160, 4),
			(161, 7),
			(162, 9),
			(163, 10),
			(164, 5),
			(165, 6),
			(166, 8),
			(167, 13),
			(168, 11),
			(169, 6),
			(170, 3),
			(171, 1),
			(171, 2),
			(171, 3),
			(172, 12),
			(173, 5),
			(174, 4),
			(175, 8),
			(176, 10),
			(177, 6),
			(178, 5),
			(179, 4),
			(180, 3),
			(181, 8),
			(182, 1),
			(182, 2),
			(182, 3),
			(183, 12),
			(184, 11),
			(185, 4),
			(186, 7),
			(187, 9),
			(188, 10),
			(189, 5),
			(190, 6),
			(191, 8),
			(192, 13),
			(193, 11),
			(194, 6),
			(195, 3),
			(196, 1),
			(196, 2),
			(196, 3),
			(197, 12),
			(198, 5),
			(199, 4),
			(200, 8),
			(201, 10),
			(202, 4),
			(203, 5),
			(204, 6),
			(205, 3),
			(206, 8),
			(207, 1),
			(207, 2),
			(207, 3),
			(208, 12),
			(209, 11),
			(210, 4),
			(211, 7),
			(212, 9),
			(213, 10),
			(214, 5),
			(215, 6),
			(216, 8),
			(217, 13),
			(218, 11),
			(219, 6),
			(220, 3),
			(221, 1),
			(221, 2),
			(221, 3),
			(222, 12),
			(223, 5),
			(224, 4),
			(225, 8),
			(226, 10),
			(227, 6),
			(228, 5),
			(229, 4),
			(230, 3),
			(231, 8),
			(232, 1),
			(232, 2),
			(232, 3),
			(233, 12),
			(234, 11),
			(235, 4),
			(236, 7),
			(237, 9),
			(238, 10),
			(239, 5),
			(240, 6),
			(241, 8),
			(242, 13),
			(243, 11),
			(244, 6),
			(245, 3),
			(246, 1),
			(246, 2),
			(246, 3),
			(247, 12),
			(248, 5),
			(249, 4),
			(250, 8),
			(251, 10),
			(252, 4),
			(253, 5),
			(254, 6),
			(255, 3),
			(256, 8),
			(257, 1),
			(257, 2),
			(257, 3),
			(258, 12),
			(259, 11),
			(260, 4),
			(261, 7),
			(262, 9),
			(263, 10),
			(264, 5),
			(265, 6),
			(266, 8),
			(267, 13),
			(268, 11),
			(269, 6),
			(270, 3),
			(271, 1),
			(271, 2),
			(271, 3),
			(272, 12),
			(273, 5),
			(274, 4),
			(275, 8),
			(276, 10),
			(277, 6),
			(278, 5),
			(279, 4),
			(280, 3),
			(281, 8),
			(282, 1),
			(282, 2),
			(282, 3),
			(283, 12),
			(284, 11),
			(285, 4),
			(286, 7),
			(287, 9),
			(288, 10),
			(289, 5),
			(290, 6),
			(291, 8),
			(292, 13),
			(293, 11),
			(294, 6),
			(295, 3),
			(296, 1),
			(296, 2),
			(296, 3),
			(297, 12),
			(298, 5),
			(299, 4),
			(300, 8),
			(301, 10),
			(302, 4),
			(303, 5),
			(304, 6),
			(305, 3),
			(306, 8),
			(307, 1),
			(307, 2),
			(307, 3),
			(308, 12),
			(309, 11),
			(310, 4),
			(311, 7),
			(312, 9),
			(313, 10),
			(314, 5),
			(315, 6),
			(316, 8),
			(317, 13),
			(318, 11),
			(319, 6),
			(320, 3),
			(321, 1),
			(321, 2),
			(321, 3),
			(322, 12),
			(323, 5),
			(324, 4),
			(325, 8),
			(326, 10),
			(327, 6),
			(328, 5),
			(329, 4),
			(330, 3),
			(331, 8),
			(332, 1),
			(332, 2),
			(332, 3),
			(333, 12),
			(334, 11),
			(335, 4),
			(336, 7),
			(337, 9),
			(338, 10),
			(339, 5),
			(340, 6),
			(341, 8),
			(342, 13),
			(343, 11),
			(344, 6),
			(345, 3),
			(346, 1),
			(346, 2),
			(346, 3),
			(347, 12),
			(348, 5),
			(349, 4),
			(350, 8),
			(351, 10),
			(352, 4),
			(353, 5),
			(354, 6),
			(355, 3),
			(356, 8),
			(357, 1),
			(357, 2),
			(357, 3),
			(358, 12),
			(359, 11),
			(360, 4),
			(361, 7),
			(362, 9),
			(363, 10),
			(364, 5),
			(365, 6),
			(366, 8),
			(367, 13),
			(368, 11),
			(369, 6),
			(370, 3),
			(371, 1),
			(371, 2),
			(371, 3),
			(372, 12),
			(373, 5),
			(374, 4),
			(375, 8),
			(376, 10),
			(377, 6),
			(378, 5),
			(379, 4),
			(380, 3),
			(381, 8),
			(382, 1),
			(382, 2),
			(382, 3),
			(383, 12),
			(384, 11),
			(385, 4),
			(386, 7),
			(387, 9),
			(388, 10),
			(389, 5),
			(390, 6),
			(391, 8),
			(392, 13),
			(393, 11),
			(394, 6),
			(395, 3),
			(396, 1),
			(396, 2),
			(396, 3),
			(397, 12),
			(398, 5),
			(399, 4),
			(400, 8),
			(401, 10),
			(402, 4),
			(403, 5),
			(404, 6),
			(405, 3),
			(406, 8),
			(407, 1),
			(407, 2),
			(407, 3),
			(408, 12),
			(409, 11),
			(410, 4),
			(411, 7),
			(412, 9),
			(413, 10),
			(414, 5),
			(415, 6),
			(416, 8),
			(417, 13),
			(418, 11),
			(419, 6),
			(420, 3),
			(421, 1),
			(421, 2),
			(421, 3),
			(422, 12),
			(423, 5),
			(424, 4),
			(425, 8),
			(426, 10),
			(427, 6),
			(428, 5),
			(429, 4),
			(430, 3),
			(431, 8),
			(432, 1),
			(432, 2),
			(432, 3),
			(433, 12),
			(434, 11),
			(435, 4),
			(436, 7),
			(437, 9),
			(438, 10),
			(439, 5),
			(440, 6),
			(441, 8),
			(442, 13),
			(443, 11),
			(444, 6),
			(445, 3),
			(446, 1),
			(446, 2),
			(446, 3),
			(447, 12),
			(448, 5),
			(449, 4),
			(450, 8),
			(451, 10),
			(452, 4),
			(453, 5),
			(454, 6),
			(455, 3),
			(456, 8),
			(457, 1),
			(457, 2),
			(457, 3),
			(458, 12),
			(459, 11),
			(460, 4),
			(461, 7),
			(462, 9),
			(463, 10),
			(464, 5),
			(465, 6),
			(466, 8),
			(467, 13),
			(468, 11),
			(469, 6),
			(470, 3),
			(471, 1),
			(471, 2),
			(471, 3),
			(472, 12),
			(473, 5),
			(474, 4),
			(475, 8),
			(476, 10),
			(477, 4),
			(478, 5),
			(479, 6),
			(480, 3),
			(481, 8),
			(482, 1),
			(482, 2),
			(482, 3),
			(483, 12),
			(484, 11),
			(485, 6),
			(486, 7),
			(487, 9),
			(488, 10),
			(489, 5),
			(490, 6),
			(491, 8),
			(492, 13),
			(493, 11),
			(494, 6),
			(495, 3),
			(496, 1),
			(496, 2),
			(496, 3),
			(497, 12),
			(498, 5),
			(499, 4),
			(500, 8);

INSERT INTO 
	appointment_result 
		(appointment_id, illness_id, staff_id, notes, confirmed_date) VALUES
			(1, 2, 1, 'Plaque build up in left anterior descending artery', '2024-06-15'),
			(2, 19, 6, 'Found scarring on lungs', '2024-05-28'),
			(3, 10, 9, '20mm aneurysm located in frontal lobe', '2024-06-10'),
			(4, 6, 6, '15mm cancerous tumor found on right lung', '2024-04-22'),
			(5, 19, 9, 'Low amounts of Iron and Vitamin D found in bloodwork', '2024-06-18'),
			(6, 19, 16, 'Taken patient off metformin', '2024-05-14'),
			(7, 2, 1, 'Plaque build up in right coronary artery', '2024-06-05'),
			(8, 19, 12, 'Found scarring on lungs', '2024-04-30'),
			(9, 19, 9, 'Low amounts of Iron and Vitamin D found in bloodwork', '2024-05-19'),
			(10, 19, 6, 'Found scarring on lungs', '2024-06-12'),
			(11, 19, 9, 'Low amounts of Iron and Vitamin D found in bloodwork', '2024-05-25'),
			(12, 19, 16, 'Started patient on amlodipine', '2024-06-08'),
			(13, 11, 9, '10mm benign tumour located in temporal lobe', '2024-04-18'),
			(14, 7, 6, '25mm cancerous tumor found on left lung', '2024-06-20'),
			(15, 19, 9, 'Low amounts of Iron and Vitamin D found in bloodwork', '2024-05-10'),
			(16, 19, 6, 'Found scarring on lungs', '2024-06-14'),
			(17, 2, 1, 'Plaque build up in circumflex artery', '2024-04-28'),
			(18, 19, 6, 'Found scarring on lungs', '2024-06-22'),
			(19, 2, 1, 'Plaque build up in left main coronary artery', '2024-05-08'),
			(20, 10, 9, '20mm aneurysm located in cerebellum', '2024-06-16'),
			(21, 2, 1, 'Plaque build up in abdominal aorta', '2024-04-15'),
			(22, 8, 6, '35mm cancerous tumor found on right lung', '2024-06-03'),
			(23, 19, 9, 'Low amounts of Iron and Vitamin D found in bloodwork', '2024-05-22'),
			(24, 19, 9, 'Low amounts of Iron and Vitamin D found in bloodwork', '2024-06-17'),
			(25, 2, 1, 'Plaque build up in right coronary artery', '2024-05-05'),
			(26, 19, 12, 'Found scarring on lungs', '2024-06-19'),
			(27, 19, 6, 'Found scarring on lungs', '2024-05-12'),
			(28, 10, 9, '10mm benign tumour located in parietal lobe', '2024-06-22'),
			(29, 6, 6, '15mm cancerous tumor found on left lung', '2024-04-25'),
			(30, 19, 9, 'Low amounts of Iron and Vitamin D found in bloodwork', '2024-06-28'),
			(31, 19, 16, 'Taken patient off lisinopril', '2024-05-18'),
			(32, 2, 1, 'Plaque build up in left anterior descending artery', '2024-06-25'),
			(33, 19, 6, 'Found scarring on lungs', '2024-04-30'),
			(34, 19, 9, 'Low amounts of Iron and Vitamin D found in bloodwork', '2024-06-29'),
			(35, 19, 6, 'Found scarring on lungs', '2024-05-15'),
			(36, 19, 9, 'Low amounts of Iron and Vitamin D found in bloodwork', '2024-07-01'),
			(37, 2, 1, 'Plaque build up in circumflex artery', '2024-06-02'),
			(38, 19, 12, 'Found scarring on lungs', '2024-05-28'),
			(39, 10, 9, '20mm aneurysm located in brainstem', '2024-06-14'),
			(40, 8, 6, '45mm cancerous tumor found on right lung', '2024-04-20'),
			(41, 19, 16, 'Started patient on atorvastatin', '2024-06-24'),
			(42, 2, 1, 'Plaque build up in abdominal aorta', '2024-05-22'),
			(43, 19, 9, 'Low amounts of Iron and Vitamin D found in bloodwork', '2024-06-18'),
			(44, 19, 6, 'Found scarring on lungs', '2024-05-05'),
			(45, 19, 9, 'Low amounts of Iron and Vitamin D found in bloodwork', '2024-06-30'),
			(46, 2, 1, 'Plaque build up in right coronary artery', '2024-07-07'),
			(47, 19, 6, 'Found scarring on lungs', '2024-05-25'),
			(48, 11, 9, '10mm benign tumour located in occipital lobe', '2024-06-21'),
			(49, 7, 6, '25mm cancerous tumor found on left lung', '2024-04-28'),
			(50, 19, 16, 'Started patient on levothyroxine', '2024-06-05'),
			(51, 19, 12, 'Found scarring on lungs', '2024-06-12'),
			(52, 6, 6, '15mm cancerous tumor found on right lung', '2024-05-17'),
			(53, 10, 9, '20mm aneurysm located in hippocampus', '2024-06-25'),
			(54, 19, 6, 'Found scarring on lungs', '2024-04-22'),
			(55, 19, 9, 'Low amounts of Iron and Vitamin D found in bloodwork', '2024-06-28'),
			(56, 19, 16, 'Taken patient off omeprazole', '2024-05-14'),
			(57, 2, 1, 'Plaque build up in left main coronary artery', '2024-06-19'),
			(58, 19, 6, 'Found scarring on lungs', '2024-04-30'),
			(59, 19, 9, 'Low amounts of Iron and Vitamin D found in bloodwork', '2024-06-22'),
			(60, 6, 6, '15mm cancerous tumor found on left lung', '2024-05-09'),
			(61, 19, 9, 'Low amounts of Iron and Vitamin D found in bloodwork', '2024-06-30'),
			(62, 2, 1, 'Plaque build up in left anterior descending artery', '2024-06-03'),
			(63, 19, 12, 'Found scarring on lungs', '2024-05-26'),
			(64, 10, 9, '10mm benign tumour located in thalamus', '2024-06-15'),
			(65, 19, 6, 'Found scarring on lungs', '2024-04-19'),
			(66, 19, 16, 'Started patient on sertraline', '2024-06-24'),
			(67, 2, 1, 'Plaque build up in abdominal aorta', '2024-05-21'),
			(68, 19, 9, 'Low amounts of Iron and Vitamin D found in bloodwork', '2024-06-17'),
			(69, 6, 6, '15mm cancerous tumor found on right lung', '2024-05-04'),
			(70, 19, 9, 'Low amounts of Iron and Vitamin D found in bloodwork', '2024-06-29'),
			(71, 2, 1, 'Plaque build up in circumflex artery', '2024-06-06'),
			(72, 19, 6, 'Found scarring on lungs', '2024-05-24'),
			(73, 10, 9, '20mm aneurysm located in hypothalamus', '2024-06-20'),
			(74, 19, 6, 'Found scarring on lungs', '2024-04-28'),
			(75, 19, 16, 'Taken patient off warfarin', '2024-06-04'),
			(76, 19, 12, 'Found scarring on lungs', '2024-06-18'),
			(77, 19, 6, 'Found scarring on lungs', '2024-05-11'),
			(78, 10, 9, '10mm benign tumour located in basal ganglia', '2024-06-27'),
			(79, 6, 6, '15mm cancerous tumor found on left lung', '2024-04-23'),
			(80, 19, 9, 'Low amounts of Iron and Vitamin D found in bloodwork', '2024-06-30'),
			(81, 19, 16, 'Started patient on prednisone', '2024-05-16'),
			(82, 2, 1, 'Plaque build up in right coronary artery', '2024-06-23'),
			(83, 19, 6, 'Found scarring on lungs', '2024-05-01'),
			(84, 19, 9, 'Low amounts of Iron and Vitamin D found in bloodwork', '2024-06-26'),
			(85, 7, 6, '25mm cancerous tumor found on right lung', '2024-05-13'),
			(86, 19, 9, 'Low amounts of Iron and Vitamin D found in bloodwork', '2024-07-02'),
			(87, 2, 1, 'Plaque build up in left anterior descending artery', '2024-06-01'),
			(88, 19, 12, 'Found scarring on lungs', '2024-05-27'),
			(89, 10, 9, '20mm aneurysm located in medulla oblongata', '2024-06-13'),
			(90, 19, 6, 'Found scarring on lungs', '2024-04-21'),
			(91, 19, 16, 'Taken patient off gabapentin', '2024-06-25'),
			(92, 2, 1, 'Plaque build up in abdominal aorta', '2024-05-23'),
			(93, 19, 9, 'Low amounts of Iron and Vitamin D found in bloodwork', '2024-06-16'),
			(94, 19, 6, 'Found scarring on lungs', '2024-05-06'),
			(95, 19, 9, 'Low amounts of Iron and Vitamin D found in bloodwork', '2024-06-30'),
			(96, 2, 1, 'Plaque build up in left main coronary artery', '2024-06-08'),
			(97, 19, 6, 'Found scarring on lungs', '2024-05-26'),
			(98, 10, 9, '10mm benign tumour located in pons', '2024-06-24'),
			(99, 6, 6, '15mm cancerous tumor found on left lung', '2024-04-30'),
			(100, 19, 16, 'Started patient on amlodipine', '2024-06-06'),
			(101, 19, 12, 'Found scarring on lungs', '2024-06-20'),
			(102, 6, 6, '15mm cancerous tumor found on right lung', '2024-05-18'),
			(103, 10, 9, '20mm aneurysm located in midbrain', '2024-06-28'),
			(104, 19, 6, 'Found scarring on lungs', '2024-04-26'),
			(105, 19, 9, 'Low amounts of Iron and Vitamin D found in bloodwork', '2024-07-03'),
			(106, 19, 16, 'Taken patient off metformin', '2024-05-19'),
			(107, 2, 1, 'Plaque build up in left anterior descending artery', '2024-06-24'),
			(108, 19, 6, 'Found scarring on lungs', '2024-05-03'),
			(109, 19, 9, 'Low amounts of Iron and Vitamin D found in bloodwork', '2024-06-27'),
			(110, 19, 6, 'Found scarring on lungs', '2024-05-16'),
			(111, 19, 9, 'Low amounts of Iron and Vitamin D found in bloodwork', '2024-07-04'),
			(112, 2, 1, 'Plaque build up in circumflex artery', '2024-06-03'),
			(113, 19, 12, 'Found scarring on lungs', '2024-06-01'),
			(114, 10, 9, '10mm benign tumour located in pituitary gland', '2024-06-17'),
			(115, 6, 6, '15mm cancerous tumor found on right lung', '2024-04-24'),
			(116, 19, 16, 'Started patient on lisinopril', '2024-06-26'),
			(117, 2, 1, 'Plaque build up in abdominal aorta', '2024-05-24'),
			(118, 19, 9, 'Low amounts of Iron and Vitamin D found in bloodwork', '2024-06-18'),
			(119, 6, 6, '15mm cancerous tumor found on left lung', '2024-05-08'),
			(120, 19, 9, 'Low amounts of Iron and Vitamin D found in bloodwork', '2024-07-01'),
			(121, 2, 1, 'Plaque build up in right coronary artery', '2024-06-09'),
			(122, 19, 6, 'Found scarring on lungs', '2024-05-28'),
			(123, 10, 9, '20mm aneurysm located in frontal lobe', '2024-06-25'),
			(124, 19, 6, 'Found scarring on lungs', '2024-04-30'),
			(125, 19, 16, 'Taken patient off atorvastatin', '2024-06-07'),
			(126, 19, 12, 'Found scarring on lungs', '2024-06-21'),
			(127, 19, 6, 'Found scarring on lungs', '2024-05-19'),
			(128, 10, 9, '10mm benign tumour located in temporal lobe', '2024-06-29'),
			(129, 6, 6, '15mm cancerous tumor found on left lung', '2024-04-27'),
			(130, 19, 9, 'Low amounts of Iron and Vitamin D found in bloodwork', '2024-07-04'),
			(131, 19, 16, 'Started patient on omeprazole', '2024-05-20'),
			(132, 2, 1, 'Plaque build up in left main coronary artery', '2024-06-25'),
			(133, 19, 6, 'Found scarring on lungs', '2024-05-04'),
			(134, 19, 9, 'Low amounts of Iron and Vitamin D found in bloodwork', '2024-06-28'),
			(135, 19, 6, 'Found scarring on lungs', '2024-05-17'),
			(136, 19, 9, 'Low amounts of Iron and Vitamin D found in bloodwork', '2024-07-05'),
			(137, 2, 1, 'Plaque build up in left anterior descending artery', '2024-06-04'),
			(138, 19, 12, 'Found scarring on lungs', '2024-06-02'),
			(139, 10, 9, '20mm aneurysm located in cerebellum', '2024-06-18'),
			(140, 6, 6, '15mm cancerous tumor found on right lung', '2024-04-25'),
			(141, 19, 16, 'Taken patient off levothyroxine', '2024-06-27'),
			(142, 2, 1, 'Plaque build up in abdominal aorta', '2024-05-25'),
			(143, 19, 9, 'Low amounts of Iron and Vitamin D found in bloodwork', '2024-06-19'),
			(144, 7, 6, '25mm cancerous tumor found on left lung', '2024-05-09'),
			(145, 19, 9, 'Low amounts of Iron and Vitamin D found in bloodwork', '2024-07-02'),
			(146, 2, 1, 'Plaque build up in circumflex artery', '2024-06-10'),
			(147, 19, 6, 'Found scarring on lungs', '2024-06-01'),
			(148, 10, 9, '10mm benign tumour located in parietal lobe', '2024-06-26'),
			(149, 19, 6, 'Found scarring on lungs', '2024-05-01'),
			(150, 19, 16, 'Started patient on metformin', '2024-06-08'),
			(151, 19, 12, 'Found scarring on lungs', '2024-06-22'),
			(152, 19, 6, 'Found scarring on lungs', '2024-05-20'),
			(153, 10, 9, '20mm aneurysm located in occipital lobe', '2024-06-30'),
			(154, 6, 6, '15mm cancerous tumor found on right lung', '2024-04-28'),
			(155, 19, 9, 'Low amounts of Iron and Vitamin D found in bloodwork', '2024-07-05'),
			(156, 19, 16, 'Taken patient off sertraline', '2024-05-21'),
			(157, 2, 1, 'Plaque build up in right coronary artery', '2024-06-26'),
			(158, 19, 6, 'Found scarring on lungs', '2024-05-05'),
			(159, 19, 9, 'Low amounts of Iron and Vitamin D found in bloodwork', '2024-06-29'),
			(160, 19, 6, 'Found scarring on lungs', '2024-05-18'),
			(161, 19, 9, 'Low amounts of Iron and Vitamin D found in bloodwork', '2024-07-06'),
			(162, 2, 1, 'Plaque build up in left main coronary artery', '2024-06-05'),
			(163, 19, 12, 'Found scarring on lungs', '2024-06-03'),
			(164, 10, 9, '10mm benign tumour located in brainstem', '2024-06-19'),
			(165, 6, 6, '15mm cancerous tumor found on left lung', '2024-04-26'),
			(166, 19, 16, 'Started patient on warfarin', '2024-06-28'),
			(167, 2, 1, 'Plaque build up in abdominal aorta', '2024-05-26'),
			(168, 19, 9, 'Low amounts of Iron and Vitamin D found in bloodwork', '2024-06-20'),
			(169, 7, 6, '25mm cancerous tumor found on right lung', '2024-05-10'),
			(170, 19, 9, 'Low amounts of Iron and Vitamin D found in bloodwork', '2024-07-03'),
			(171, 2, 1, 'Plaque build up in left anterior descending artery', '2024-06-11'),
			(172, 19, 6, 'Found scarring on lungs', '2024-06-02'),
			(173, 10, 9, '20mm aneurysm located in hippocampus', '2024-06-27'),
			(174, 19, 6, 'Found scarring on lungs', '2024-05-02'),
			(175, 19, 16, 'Taken patient off prednisone', '2024-06-09'),
			(176, 19, 12, 'Found scarring on lungs', '2024-06-23'),
			(177, 6, 6, '15mm cancerous tumor found on left lung', '2024-05-21'),
			(178, 10, 9, '10mm benign tumour located in hypothalamus', '2024-07-01'),
			(179, 19, 6, 'Found scarring on lungs', '2024-04-29'),
			(180, 19, 9, 'Low amounts of Iron and Vitamin D found in bloodwork', '2024-07-06'),
			(181, 19, 16, 'Started patient on gabapentin', '2024-05-22'),
			(182, 2, 1, 'Plaque build up in circumflex artery', '2024-06-27'),
			(183, 19, 6, 'Found scarring on lungs', '2024-05-06'),
			(184, 19, 9, 'Low amounts of Iron and Vitamin D found in bloodwork', '2024-06-30'),
			(185, 19, 6, 'Found scarring on lungs', '2024-05-19'),
			(186, 19, 9, 'Low amounts of Iron and Vitamin D found in bloodwork', '2024-07-07'),
			(187, 2, 1, 'Plaque build up in right coronary artery', '2024-06-06'),
			(188, 19, 12, 'Found scarring on lungs', '2024-06-04'),
			(189, 10, 9, '20mm aneurysm located in basal ganglia', '2024-06-20'),
			(190, 6, 6, '15mm cancerous tumor found on right lung', '2024-04-27'),
			(191, 19, 16, 'Taken patient off amlodipine', '2024-06-29'),
			(192, 2, 1, 'Plaque build up in abdominal aorta', '2024-05-27'),
			(193, 19, 9, 'Low amounts of Iron and Vitamin D found in bloodwork', '2024-06-21'),
			(194, 6, 6, '15mm cancerous tumor found on left lung', '2024-05-11'),
			(195, 19, 9, 'Low amounts of Iron and Vitamin D found in bloodwork', '2024-07-04'),
			(196, 2, 1, 'Plaque build up in left main coronary artery', '2024-06-12'),
			(197, 19, 6, 'Found scarring on lungs', '2024-06-03'),
			(198, 10, 9, '10mm benign tumour located in medulla oblongata', '2024-06-28'),
			(199, 19, 6, 'Found scarring on lungs', '2024-05-03'),
			(200, 19, 16, 'Started patient on lisinopril', '2024-06-10'),
			(201, 19, 12, 'Found scarring on lungs', '2024-06-24'),
			(202, 19, 6, 'Found scarring on lungs', '2024-05-22'),
			(203, 10, 9, '20mm aneurysm located in pons', '2024-07-01'),
			(204, 6, 6, '15mm cancerous tumor found on right lung', '2024-04-30'),
			(205, 19, 9, 'Low amounts of Iron and Vitamin D found in bloodwork', '2024-07-07'),
			(206, 19, 16, 'Taken patient off atorvastatin', '2024-05-23'),
			(207, 2, 1, 'Plaque build up in left anterior descending artery', '2024-06-28'),
			(208, 19, 6, 'Found scarring on lungs', '2024-05-07'),
			(209, 19, 9, 'Low amounts of Iron and Vitamin D found in bloodwork', '2024-07-01'),
			(210, 19, 6, 'Found scarring on lungs', '2024-05-20'),
			(211, 19, 9, 'Low amounts of Iron and Vitamin D found in bloodwork', '2024-07-08'),
			(212, 2, 1, 'Plaque build up in circumflex artery', '2024-06-07'),
			(213, 19, 12, 'Found scarring on lungs', '2024-06-05'),
			(214, 10, 9, '10mm benign tumour located in midbrain', '2024-06-21'),
			(215, 6, 6, '15mm cancerous tumor found on left lung', '2024-04-28'),
			(216, 19, 16, 'Started patient on metformin', '2024-06-30'),
			(217, 2, 1, 'Plaque build up in abdominal aorta', '2024-05-28'),
			(218, 19, 9, 'Low amounts of Iron and Vitamin D found in bloodwork', '2024-06-22'),
			(219, 7, 6, '25mm cancerous tumor found on right lung', '2024-05-12'),
			(220, 19, 9, 'Low amounts of Iron and Vitamin D found in bloodwork', '2024-07-05'),
			(221, 2, 1, 'Plaque build up in right coronary artery', '2024-06-13'),
			(222, 19, 6, 'Found scarring on lungs', '2024-06-04'),
			(223, 10, 9, '20mm aneurysm located in pituitary gland', '2024-06-29'),
			(224, 19, 6, 'Found scarring on lungs', '2024-05-04'),
			(225, 19, 16, 'Taken patient off levothyroxine', '2024-06-11'),
			(226, 19, 12, 'Found scarring on lungs', '2024-06-25'),
			(227, 6, 6, '15mm cancerous tumor found on left lung', '2024-05-23'),
			(228, 10, 9, '10mm benign tumour located in frontal lobe', '2024-07-02'),
			(229, 19, 6, 'Found scarring on lungs', '2024-04-30'),
			(230, 19, 9, 'Low amounts of Iron and Vitamin D found in bloodwork', '2024-07-08'),
			(231, 19, 16, 'Started patient on omeprazole', '2024-05-24'),
			(232, 2, 1, 'Plaque build up in left main coronary artery', '2024-06-29'),
			(233, 19, 6, 'Found scarring on lungs', '2024-05-08'),
			(234, 19, 9, 'Low amounts of Iron and Vitamin D found in bloodwork', '2024-07-02'),
			(235, 19, 6, 'Found scarring on lungs', '2024-05-21'),
			(236, 19, 9, 'Low amounts of Iron and Vitamin D found in bloodwork', '2024-07-09'),
			(237, 2, 1, 'Plaque build up in left anterior descending artery', '2024-06-08'),
			(238, 19, 12, 'Found scarring on lungs', '2024-06-06'),
			(239, 10, 9, '20mm aneurysm located in temporal lobe', '2024-06-22'),
			(240, 6, 6, '15mm cancerous tumor found on right lung', '2024-04-29'),
			(241, 19, 16, 'Taken patient off sertraline', '2024-07-01'),
			(242, 2, 1, 'Plaque build up in abdominal aorta', '2024-05-29'),
			(243, 19, 9, 'Low amounts of Iron and Vitamin D found in bloodwork', '2024-06-23'),
			(244, 6, 6, '15mm cancerous tumor found on left lung', '2024-05-13'),
			(245, 19, 9, 'Low amounts of Iron and Vitamin D found in bloodwork', '2024-07-06'),
			(246, 2, 1, 'Plaque build up in circumflex artery', '2024-06-14'),
			(247, 19, 6, 'Found scarring on lungs', '2024-06-05'),
			(248, 10, 9, '10mm benign tumour located in parietal lobe', '2024-06-30'),
			(249, 19, 6, 'Found scarring on lungs', '2024-05-05'),
			(250, 19, 16, 'Started patient on atorvastatin', '2024-06-12'),
			(251, 19, 12, 'Found scarring on lungs', '2024-06-26'),
			(252, 19, 6, 'Found scarring on lungs', '2024-05-24'),
			(253, 10, 9, '20mm aneurysm located in occipital lobe', '2024-07-03'),
			(254, 6, 6, '15mm cancerous tumor found on right lung', '2024-05-01'),
			(255, 19, 9, 'Low amounts of Iron and Vitamin D found in bloodwork', '2024-07-09'),
			(256, 19, 16, 'Taken patient off warfarin', '2024-05-25'),
			(257, 2, 1, 'Plaque build up in right coronary artery', '2024-06-30'),
			(258, 19, 6, 'Found scarring on lungs', '2024-05-09'),
			(259, 19, 9, 'Low amounts of Iron and Vitamin D found in bloodwork', '2024-07-03'),
			(260, 19, 6, 'Found scarring on lungs', '2024-05-22'),
			(261, 19, 9, 'Low amounts of Iron and Vitamin D found in bloodwork', '2024-07-10'),
			(262, 2, 1, 'Plaque build up in left main coronary artery', '2024-06-09'),
			(263, 19, 12, 'Found scarring on lungs', '2024-06-07'),
			(264, 10, 9, '10mm benign tumour located in cerebellum', '2024-06-23'),
			(265, 6, 6, '15mm cancerous tumor found on left lung', '2024-04-30'),
			(266, 19, 16, 'Started patient on prednisone', '2024-07-02'),
			(267, 2, 1, 'Plaque build up in abdominal aorta', '2024-05-30'),
			(268, 19, 9, 'Low amounts of Iron and Vitamin D found in bloodwork', '2024-06-24'),
			(269, 7, 6, '25mm cancerous tumor found on right lung', '2024-05-14'),
			(270, 19, 9, 'Low amounts of Iron and Vitamin D found in bloodwork', '2024-07-07'),
			(271, 2, 1, 'Plaque build up in left anterior descending artery', '2024-06-15'),
			(272, 19, 6, 'Found scarring on lungs', '2024-06-06'),
			(273, 10, 9, '20mm aneurysm located in brainstem', '2024-07-01'),
			(274, 19, 6, 'Found scarring on lungs', '2024-05-06'),
			(275, 19, 16, 'Taken patient off gabapentin', '2024-06-13'),
			(276, 19, 12, 'Found scarring on lungs', '2024-06-27'),
			(277, 6, 6, '15mm cancerous tumor found on left lung', '2024-05-25'),
			(278, 10, 9, '10mm benign tumour located in hippocampus', '2024-07-04'),
			(279, 19, 6, 'Found scarring on lungs', '2024-05-02'),
			(280, 19, 9, 'Low amounts of Iron and Vitamin D found in bloodwork', '2024-07-10'),
			(281, 19, 16, 'Started patient on levothyroxine', '2024-05-26'),
			(282, 2, 1, 'Plaque build up in circumflex artery', '2024-07-01'),
			(283, 19, 6, 'Found scarring on lungs', '2024-05-10'),
			(284, 19, 9, 'Low amounts of Iron and Vitamin D found in bloodwork', '2024-07-04'),
			(285, 19, 6, 'Found scarring on lungs', '2024-05-23'),
			(286, 19, 9, 'Low amounts of Iron and Vitamin D found in bloodwork', '2024-07-11'),
			(287, 2, 1, 'Plaque build up in right coronary artery', '2024-06-10'),
			(288, 19, 12, 'Found scarring on lungs', '2024-06-08'),
			(289, 10, 9, '20mm aneurysm located in thalamus', '2024-06-24'),
			(290, 6, 6, '15mm cancerous tumor found on right lung', '2024-05-01'),
			(291, 19, 16, 'Taken patient off metformin', '2024-07-03'),
			(292, 2, 1, 'Plaque build up in abdominal aorta', '2024-06-01'),
			(293, 19, 9, 'Low amounts of Iron and Vitamin D found in bloodwork', '2024-06-25'),
			(294, 6, 6, '15mm cancerous tumor found on left lung', '2024-05-15'),
			(295, 19, 9, 'Low amounts of Iron and Vitamin D found in bloodwork', '2024-07-08'),
			(296, 2, 1, 'Plaque build up in left main coronary artery', '2024-06-16'),
			(297, 19, 6, 'Found scarring on lungs', '2024-06-07'),
			(298, 10, 9, '10mm benign tumour located in hypothalamus', '2024-07-02'),
			(299, 19, 6, 'Found scarring on lungs', '2024-05-07'),
			(300, 19, 16, 'Started patient on amlodipine', '2024-06-14'),
			(301, 19, 12, 'Found scarring on lungs', '2024-06-28'),
			(302, 19, 6, 'Found scarring on lungs', '2024-05-26'),
			(303, 10, 9, '20mm aneurysm located in basal ganglia', '2024-07-05'),
			(304, 6, 6, '15mm cancerous tumor found on right lung', '2024-05-03'),
			(305, 19, 9, 'Low amounts of Iron and Vitamin D found in bloodwork', '2024-07-11'),
			(306, 19, 16, 'Taken patient off lisinopril', '2024-05-27'),
			(307, 2, 1, 'Plaque build up in left anterior descending artery', '2024-07-02'),
			(308, 19, 6, 'Found scarring on lungs', '2024-05-11'),
			(309, 19, 9, 'Low amounts of Iron and Vitamin D found in bloodwork', '2024-07-05'),
			(310, 19, 6, 'Found scarring on lungs', '2024-05-24'),
			(311, 19, 9, 'Low amounts of Iron and Vitamin D found in bloodwork', '2024-07-12'),
			(312, 2, 1, 'Plaque build up in circumflex artery', '2024-06-11'),
			(313, 19, 12, 'Found scarring on lungs', '2024-06-09'),
			(314, 10, 9, '10mm benign tumour located in medulla oblongata', '2024-06-25'),
			(315, 6, 6, '15mm cancerous tumor found on left lung', '2024-05-02'),
			(316, 19, 16, 'Started patient on sertraline', '2024-07-04'),
			(317, 2, 1, 'Plaque build up in abdominal aorta', '2024-06-02'),
			(318, 19, 9, 'Low amounts of Iron and Vitamin D found in bloodwork', '2024-06-26'),
			(319, 7, 6, '25mm cancerous tumor found on right lung', '2024-05-16'),
			(320, 19, 9, 'Low amounts of Iron and Vitamin D found in bloodwork', '2024-07-09'),
			(321, 2, 1, 'Plaque build up in right coronary artery', '2024-06-17'),
			(322, 19, 6, 'Found scarring on lungs', '2024-06-08'),
			(323, 10, 9, '20mm aneurysm located in pons', '2024-07-03'),
			(324, 19, 6, 'Found scarring on lungs', '2024-05-08'),
			(325, 19, 16, 'Taken patient off omeprazole', '2024-06-15'),
			(326, 19, 12, 'Found scarring on lungs', '2024-06-29'),
			(327, 6, 6, '15mm cancerous tumor found on left lung', '2024-05-27'),
			(328, 10, 9, '10mm benign tumour located in midbrain', '2024-07-06'),
			(329, 19, 6, 'Found scarring on lungs', '2024-05-04'),
			(330, 19, 9, 'Low amounts of Iron and Vitamin D found in bloodwork', '2024-07-12'),
			(331, 19, 16, 'Started patient on warfarin', '2024-05-28'),
			(332, 2, 1, 'Plaque build up in left main coronary artery', '2024-07-03'),
			(333, 19, 6, 'Found scarring on lungs', '2024-05-12'),
			(334, 19, 9, 'Low amounts of Iron and Vitamin D found in bloodwork', '2024-07-06'),
			(335, 19, 6, 'Found scarring on lungs', '2024-05-25'),
			(336, 19, 9, 'Low amounts of Iron and Vitamin D found in bloodwork', '2024-07-13'),
			(337, 2, 1, 'Plaque build up in left anterior descending artery', '2024-06-12'),
			(338, 19, 12, 'Found scarring on lungs', '2024-06-10'),
			(339, 10, 9, '20mm aneurysm located in pituitary gland', '2024-06-26'),
			(340, 6, 6, '15mm cancerous tumor found on right lung', '2024-05-03'),
			(341, 19, 16, 'Taken patient off atorvastatin', '2024-07-05'),
			(342, 2, 1, 'Plaque build up in abdominal aorta', '2024-06-03'),
			(343, 19, 9, 'Low amounts of Iron and Vitamin D found in bloodwork', '2024-06-27'),
			(344, 6, 6, '15mm cancerous tumor found on left lung', '2024-05-17'),
			(345, 19, 9, 'Low amounts of Iron and Vitamin D found in bloodwork', '2024-07-10'),
			(346, 2, 1, 'Plaque build up in circumflex artery', '2024-06-18'),
			(347, 19, 6, 'Found scarring on lungs', '2024-06-09'),
			(348, 10, 9, '10mm benign tumour located in frontal lobe', '2024-07-04'),
			(349, 19, 6, 'Found scarring on lungs', '2024-05-09'),
			(350, 19, 16, 'Started patient on gabapentin', '2024-06-16'),
			(351, 19, 12, 'Found scarring on lungs', '2024-06-30'),
			(352, 19, 6, 'Found scarring on lungs', '2024-05-28'),
			(353, 10, 9, '20mm aneurysm located in temporal lobe', '2024-07-07'),
			(354, 6, 6, '15mm cancerous tumor found on right lung', '2024-05-05'),
			(355, 19, 9, 'Low amounts of Iron and Vitamin D found in bloodwork', '2024-07-13'),
			(356, 19, 16, 'Taken patient off prednisone', '2024-05-29'),
			(357, 2, 1, 'Plaque build up in right coronary artery', '2024-07-04'),
			(358, 19, 6, 'Found scarring on lungs', '2024-05-13'),
			(359, 19, 9, 'Low amounts of Iron and Vitamin D found in bloodwork', '2024-07-07'),
			(360, 19, 6, 'Found scarring on lungs', '2024-05-26'),
			(361, 19, 9, 'Low amounts of Iron and Vitamin D found in bloodwork', '2024-07-14'),
			(362, 2, 1, 'Plaque build up in left main coronary artery', '2024-06-13'),
			(363, 19, 12, 'Found scarring on lungs', '2024-06-11'),
			(364, 10, 9, '10mm benign tumour located in parietal lobe', '2024-06-27'),
			(365, 6, 6, '15mm cancerous tumor found on left lung', '2024-05-04'),
			(366, 19, 16, 'Started patient on metformin', '2024-07-06'),
			(367, 2, 1, 'Plaque build up in abdominal aorta', '2024-06-04'),
			(368, 19, 9, 'Low amounts of Iron and Vitamin D found in bloodwork', '2024-06-28'),
			(369, 7, 6, '25mm cancerous tumor found on right lung', '2024-05-18'),
			(370, 19, 9, 'Low amounts of Iron and Vitamin D found in bloodwork', '2024-07-11'),
			(371, 2, 1, 'Plaque build up in left anterior descending artery', '2024-06-19'),
			(372, 19, 6, 'Found scarring on lungs', '2024-06-10'),
			(373, 10, 9, '20mm aneurysm located in occipital lobe', '2024-07-05'),
			(374, 19, 6, 'Found scarring on lungs', '2024-05-10'),
			(375, 19, 16, 'Taken patient off levothyroxine', '2024-06-17'),
			(376, 19, 12, 'Found scarring on lungs', '2024-07-01'),
			(377, 6, 6, '15mm cancerous tumor found on left lung', '2024-05-29'),
			(378, 10, 9, '10mm benign tumour located in cerebellum', '2024-07-08'),
			(379, 19, 6, 'Found scarring on lungs', '2024-05-06'),
			(380, 19, 9, 'Low amounts of Iron and Vitamin D found in bloodwork', '2024-07-14'),
			(381, 19, 16, 'Started patient on lisinopril', '2024-05-30'),
			(382, 2, 1, 'Plaque build up in circumflex artery', '2024-07-05'),
			(383, 19, 6, 'Found scarring on lungs', '2024-05-14'),
			(384, 19, 9, 'Low amounts of Iron and Vitamin D found in bloodwork', '2024-07-08'),
			(385, 19, 6, 'Found scarring on lungs', '2024-05-27'),
			(386, 19, 9, 'Low amounts of Iron and Vitamin D found in bloodwork', '2024-07-15'),
			(387, 2, 1, 'Plaque build up in right coronary artery', '2024-06-14'),
			(388, 19, 12, 'Found scarring on lungs', '2024-06-12'),
			(389, 19, 9, 'Low amounts of Iron and Vitamin D found in bloodwork', '2024-06-28'),
			(390, 6, 6, '15mm cancerous tumor found on right lung', '2024-05-05'),
			(391, 19, 16, 'Taken patient off amlodipine', '2024-07-07'),
			(392, 2, 1, 'Plaque build up in abdominal aorta', '2024-06-05'),
			(393, 19, 9, 'Low amounts of Iron and Vitamin D found in bloodwork', '2024-06-29'),
			(394, 6, 6, '15mm cancerous tumor found on left lung', '2024-05-19'),
			(395, 19, 9, 'Low amounts of Iron and Vitamin D found in bloodwork', '2024-07-12'),
			(396, 2, 1, 'Plaque build up in left main coronary artery', '2024-06-20'),
			(397, 19, 6, 'Found scarring on lungs', '2024-06-11'),
			(398, 10, 9, '10mm benign tumour located in brainstem', '2024-07-06'),
			(399, 19, 6, 'Found scarring on lungs', '2024-05-11'),
			(400, 19, 16, 'Started patient on omeprazole', '2024-06-18'),
			(401, 19, 12, 'Found scarring on lungs', '2024-07-02'),
			(402, 19, 6, 'Found scarring on lungs', '2024-05-30'),
			(403, 10, 9, '20mm aneurysm located in hippocampus', '2024-07-09'),
			(404, 6, 6, '15mm cancerous tumor found on right lung', '2024-05-07'),
			(405, 19, 9, 'Low amounts of Iron and Vitamin D found in bloodwork', '2024-07-15'),
			(406, 19, 16, 'Taken patient off sertraline', '2024-06-01'),
			(407, 2, 1, 'Plaque build up in left anterior descending artery', '2024-07-06'),
			(408, 19, 6, 'Found scarring on lungs', '2024-05-15'),
			(409, 19, 9, 'Low amounts of Iron and Vitamin D found in bloodwork', '2024-07-09'),
			(410, 19, 6, 'Found scarring on lungs', '2024-05-28'),
			(411, 19, 9, 'Low amounts of Iron and Vitamin D found in bloodwork', '2024-07-16'),
			(412, 2, 1, 'Plaque build up in circumflex artery', '2024-06-15'),
			(413, 19, 12, 'Found scarring on lungs', '2024-06-13'),
			(414, 10, 9, '10mm benign tumour located in thalamus', '2024-06-29'),
			(415, 6, 6, '15mm cancerous tumor found on left lung', '2024-05-06'),
			(416, 19, 16, 'Started patient on atorvastatin', '2024-07-08'),
			(417, 2, 1, 'Plaque build up in abdominal aorta', '2024-06-06'),
			(418, 19, 9, 'Low amounts of Iron and Vitamin D found in bloodwork', '2024-06-30'),
			(419, 7, 6, '25mm cancerous tumor found on right lung', '2024-05-20'),
			(420, 19, 9, 'Low amounts of Iron and Vitamin D found in bloodwork', '2024-07-13'),
			(421, 2, 1, 'Plaque build up in right coronary artery', '2024-06-21'),
			(422, 19, 6, 'Found scarring on lungs', '2024-06-12'),
			(423, 10, 9, '20mm aneurysm located in hypothalamus', '2024-07-07'),
			(424, 19, 6, 'Found scarring on lungs', '2024-05-12'),
			(425, 19, 16, 'Taken patient off warfarin', '2024-06-19'),
			(426, 19, 12, 'Found scarring on lungs', '2024-07-03'),
			(427, 6, 6, '15mm cancerous tumor found on left lung', '2024-06-01'),
			(428, 10, 9, '10mm benign tumour located in basal ganglia', '2024-07-10'),
			(429, 19, 6, 'Found scarring on lungs', '2024-05-08'),
			(430, 19, 9, 'Low amounts of Iron and Vitamin D found in bloodwork', '2024-07-16'),
			(431, 19, 16, 'Started patient on prednisone', '2024-06-02'),
			(432, 2, 1, 'Plaque build up in left main coronary artery', '2024-07-07'),
			(433, 19, 6, 'Found scarring on lungs', '2024-05-16'),
			(434, 19, 9, 'Low amounts of Iron and Vitamin D found in bloodwork', '2024-07-10'),
			(435, 19, 6, 'Found scarring on lungs', '2024-05-29'),
			(436, 19, 9, 'Low amounts of Iron and Vitamin D found in bloodwork', '2024-07-17'),
			(437, 2, 1, 'Plaque build up in left anterior descending artery', '2024-06-16'),
			(438, 19, 12, 'Found scarring on lungs', '2024-06-14'),
			(439, 10, 9, '20mm aneurysm located in medulla oblongata', '2024-06-30'),
			(440, 6, 6, '15mm cancerous tumor found on right lung', '2024-05-07'),
			(441, 19, 16, 'Taken patient off gabapentin', '2024-07-09'),
			(442, 2, 1, 'Plaque build up in abdominal aorta', '2024-06-07'),
			(443, 19, 9, 'Low amounts of Iron and Vitamin D found in bloodwork', '2024-07-01'),
			(444, 6, 6, '15mm cancerous tumor found on left lung', '2024-05-21'),
			(445, 19, 9, 'Low amounts of Iron and Vitamin D found in bloodwork', '2024-07-14'),
			(446, 2, 1, 'Plaque build up in circumflex artery', '2024-06-22'),
			(447, 19, 6, 'Found scarring on lungs', '2024-06-13'),
			(448, 10, 9, '10mm benign tumour located in pons', '2024-07-08'),
			(449, 19, 6, 'Found scarring on lungs', '2024-05-13'),
			(450, 19, 16, 'Started patient on levothyroxine', '2024-06-20'),
			(451, 19, 12, 'Found scarring on lungs', '2024-07-04'),
			(452, 19, 6, 'Found scarring on lungs', '2024-06-02'),
			(453, 10, 9, '20mm aneurysm located in midbrain', '2024-07-11'),
			(454, 6, 6, '15mm cancerous tumor found on right lung', '2024-05-09'),
			(455, 19, 9, 'Low amounts of Iron and Vitamin D found in bloodwork', '2024-07-17'),
			(456, 19, 16, 'Taken patient off metformin', '2024-06-03'),
			(457, 2, 1, 'Plaque build up in right coronary artery', '2024-07-08'),
			(458, 19, 6, 'Found scarring on lungs', '2024-05-17'),
			(459, 19, 9, 'Low amounts of Iron and Vitamin D found in bloodwork', '2024-07-11'),
			(460, 19, 6, 'Found scarring on lungs', '2024-05-30'),
			(461, 19, 9, 'Low amounts of Iron and Vitamin D found in bloodwork', '2024-07-18'),
			(462, 2, 1, 'Plaque build up in left main coronary artery', '2024-06-17'),
			(463, 19, 12, 'Found scarring on lungs', '2024-06-15'),
			(464, 10, 9, '10mm benign tumour located in pituitary gland', '2024-07-01'),
			(465, 6, 6, '15mm cancerous tumor found on left lung', '2024-05-08'),
			(466, 19, 16, 'Started patient on amlodipine', '2024-07-10'),
			(467, 2, 1, 'Plaque build up in abdominal aorta', '2024-06-08'),
			(468, 19, 9, 'Low amounts of Iron and Vitamin D found in bloodwork', '2024-07-02'),
			(469, 7, 6, '25mm cancerous tumor found on right lung', '2024-05-22'),
			(470, 19, 9, 'Low amounts of Iron and Vitamin D found in bloodwork', '2024-07-15'),
			(471, 2, 1, 'Plaque build up in left anterior descending artery', '2024-06-23'),
			(472, 19, 6, 'Found scarring on lungs', '2024-06-14'),
			(473, 10, 9, '20mm aneurysm located in frontal lobe', '2024-07-09'),
			(474, 19, 6, 'Found scarring on lungs', '2024-05-14'),
			(475, 19, 16, 'Taken patient off lisinopril', '2024-06-21'),
			(476, 19, 12, 'Found scarring on lungs', '2024-07-05'),
			(477, 19, 6, 'Found scarring on lungs', '2024-06-03'),
			(478, 10, 9, '10mm benign tumour located in temporal lobe', '2024-07-12'),
			(479, 6, 6, '15mm cancerous tumor found on right lung', '2024-05-10'),
			(480, 19, 9, 'Low amounts of Iron and Vitamin D found in bloodwork', '2024-07-18'),
			(481, 19, 16, 'Started patient on omeprazole', '2024-06-04'),
			(482, 2, 1, 'Plaque build up in circumflex artery', '2024-07-09'),
			(483, 19, 6, 'Found scarring on lungs', '2024-05-18'),
			(484, 19, 9, 'Low amounts of Iron and Vitamin D found in bloodwork', '2024-07-12'),
			(485, 6, 6, '15mm cancerous tumor found on left lung', '2024-06-01'),
			(486, 19, 9, 'Low amounts of Iron and Vitamin D found in bloodwork', '2024-07-19'),
			(487, 2, 1, 'Plaque build up in right coronary artery', '2024-06-18'),
			(488, 19, 12, 'Found scarring on lungs', '2024-06-16'),
			(489, 10, 9, '20mm aneurysm located in parietal lobe', '2024-07-02'),
			(490, 6, 6, '15mm cancerous tumor found on right lung', '2024-05-08'),
			(491, 19, 16, 'Taken patient off atorvastatin', '2024-07-11'),
			(492, 2, 1, 'Plaque build up in abdominal aorta', '2024-06-09'),
			(493, 19, 9, 'Low amounts of Iron and Vitamin D found in bloodwork', '2024-07-03'),
			(494, 6, 6, '15mm cancerous tumor found on left lung', '2024-05-23'),
			(495, 19, 9, 'Low amounts of Iron and Vitamin D found in bloodwork', '2024-07-16'),
			(496, 2, 1, 'Plaque build up in left main coronary artery', '2024-06-24'),
			(497, 19, 6, 'Found scarring on lungs', '2024-06-15'),
			(498, 10, 9, '10mm benign tumour located in occipital lobe', '2024-07-10'),
			(499, 19, 6, 'Found scarring on lungs', '2024-05-15'),
			(500, 19, 16, 'Started patient on sertraline', '2024-06-22');

INSERT INTO 
	appointment_result_finding
		(appointment_result_id, finding_id) VALUES
			(1, 1),
			(2, 2),
			(3, 3),
			(4, 4),
			(5, 5),
			(5, 6),
			(7, 7),
			(8, 2),
			(9, 5),
			(9, 6),
			(10, 2),
			(11, 5),
			(11, 6),
			(13, 8),
			(14, 9),
			(15, 5),
			(15, 6),
			(16, 2),
			(17, 10),
			(18, 2),
			(19, 11),
			(20, 12),
			(21, 13),
			(22, 4),
			(23, 5),
			(23, 6),
			(24, 5),
			(24, 6),
			(25, 7),
			(26, 2),
			(27, 2),
			(28, 14),
			(29, 9),
			(30, 5),
			(30, 6),
			(32, 1),
			(33, 2),
			(34, 5),
			(34, 6),
			(35, 2),
			(36, 5),
			(36, 6),
			(37, 10),
			(38, 2),
			(39, 15),
			(40, 4),
			(42, 13),
			(43, 5),
			(43, 6),
			(44, 2),
			(45, 5),
			(45, 6),
			(46, 7),
			(47, 2),
			(48, 8),
			(49, 9),
			(51, 2),
			(52, 4),
			(53, 16),
			(54, 2),
			(55, 5),
			(55, 6),
			(57, 11),
			(58, 2),
			(59, 5),
			(59, 6),
			(60, 9),
			(61, 5),
			(61, 6),
			(62, 1),
			(63, 2),
			(64, 17),
			(65, 2),
			(67, 13),
			(68, 5),
			(68, 6),
			(69, 4),
			(70, 5),
			(70, 6),
			(71, 10),
			(72, 2),
			(73, 18),
			(74, 2),
			(76, 2),
			(77, 2),
			(78, 19),
			(79, 9),
			(80, 5),
			(80, 6),
			(82, 7),
			(83, 2),
			(84, 5),
			(84, 6),
			(85, 4),
			(86, 5),
			(86, 6),
			(87, 1),
			(88, 2),
			(89, 20),
			(90, 2),
			(92, 13),
			(93, 5),
			(93, 6),
			(94, 2),
			(95, 5),
			(95, 6),
			(96, 11),
			(97, 2),
			(98, 23),
			(99, 9),
			(101, 2),
			(102, 4),
			(103, 21),
			(104, 2),
			(105, 5),
			(105, 6),
			(107, 1),
			(108, 2),
			(109, 5),
			(109, 6),
			(110, 2),
			(111, 5),
			(111, 6),
			(112, 10),
			(113, 2),
			(114, 22),
			(115, 4),
			(117, 13),
			(118, 5),
			(118, 6),
			(119, 9),
			(120, 5),
			(120, 6),
			(121, 7),
			(122, 2),
			(123, 3),
			(124, 2),
			(126, 2),
			(127, 2),
			(128, 8),
			(129, 9),
			(130, 5),
			(130, 6),
			(132, 11),
			(133, 2),
			(134, 5),
			(134, 6),
			(135, 2),
			(136, 5),
			(136, 6),
			(137, 1),
			(138, 2),
			(139, 12),
			(140, 4),
			(142, 13),
			(143, 5),
			(143, 6),
			(144, 9),
			(145, 5),
			(145, 6),
			(146, 10),
			(147, 2),
			(148, 14),
			(149, 2),
			(151, 2),
			(152, 2),
			(153, 24),
			(154, 4),
			(155, 5),
			(155, 6),
			(157, 7),
			(158, 2),
			(159, 5),
			(159, 6),
			(160, 2),
			(161, 5),
			(161, 6),
			(162, 11),
			(163, 2),
			(164, 15),
			(165, 9),
			(167, 13),
			(168, 5),
			(168, 6),
			(169, 4),
			(170, 5),
			(170, 6),
			(171, 1),
			(172, 2),
			(173, 16),
			(174, 2),
			(176, 2),
			(177, 9),
			(178, 18),
			(179, 2),
			(180, 5),
			(180, 6),
			(182, 10),
			(183, 2),
			(184, 5),
			(184, 6),
			(185, 2),
			(186, 5),
			(186, 6),
			(187, 7),
			(188, 2),
			(189, 19),
			(190, 4),
			(192, 13),
			(193, 5),
			(193, 6),
			(194, 9),
			(195, 5),
			(195, 6),
			(196, 11),
			(197, 2),
			(198, 20),
			(199, 2),
			(201, 2),
			(202, 2),
			(203, 23),
			(204, 4),
			(205, 5),
			(205, 6),
			(207, 1),
			(208, 2),
			(209, 5),
			(209, 6),
			(210, 2),
			(211, 5),
			(211, 6),
			(212, 10),
			(213, 2),
			(214, 21),
			(215, 9),
			(217, 13),
			(218, 5),
			(218, 6),
			(219, 4),
			(220, 5),
			(220, 6),
			(221, 7),
			(222, 2),
			(223, 22),
			(224, 2),
			(226, 2),
			(227, 9),
			(228, 3),
			(229, 2),
			(230, 5),
			(230, 6),
			(232, 11),
			(233, 2),
			(234, 5),
			(234, 6),
			(235, 2),
			(236, 5),
			(236, 6),
			(237, 1),
			(238, 2),
			(239, 8),
			(240, 4),
			(242, 13),
			(243, 5),
			(243, 6),
			(244, 9),
			(245, 5),
			(245, 6),
			(246, 10),
			(247, 2),
			(248, 14),
			(249, 2),
			(251, 2),
			(252, 2),
			(253, 24),
			(254, 4),
			(255, 5),
			(255, 6),
			(257, 7),
			(258, 2),
			(259, 5),
			(259, 6),
			(260, 2),
			(261, 5),
			(261, 6),
			(262, 11),
			(263, 2),
			(264, 12),
			(265, 9),
			(267, 13),
			(268, 5),
			(268, 6),
			(269, 4),
			(270, 5),
			(270, 6),
			(271, 1),
			(272, 2),
			(273, 15),
			(274, 2),
			(276, 2),
			(277, 9),
			(278, 16),
			(279, 2),
			(280, 5),
			(280, 6),
			(282, 10),
			(283, 2),
			(284, 5),
			(284, 6),
			(285, 2),
			(286, 5),
			(286, 6),
			(287, 7),
			(288, 2),
			(289, 17),
			(290, 4),
			(292, 13),
			(293, 5),
			(293, 6),
			(294, 9),
			(295, 5),
			(295, 6),
			(296, 11),
			(297, 2),
			(298, 18),
			(299, 2),
			(301, 2),
			(302, 2),
			(303, 19),
			(304, 4),
			(305, 5),
			(305, 6),
			(307, 1),
			(308, 2),
			(309, 5),
			(309, 6),
			(310, 2),
			(311, 5),
			(311, 6),
			(312, 10),
			(313, 2),
			(314, 20),
			(315, 9),
			(317, 13),
			(318, 5),
			(318, 6),
			(319, 4),
			(320, 5),
			(320, 6),
			(321, 7),
			(322, 2),
			(323, 23),
			(324, 2),
			(326, 2),
			(327, 9),
			(328, 21),
			(329, 2),
			(330, 5),
			(330, 6),
			(332, 11),
			(333, 2),
			(334, 5),
			(334, 6),
			(335, 2),
			(336, 5),
			(336, 6),
			(337, 1),
			(338, 2),
			(339, 22),
			(340, 4),
			(342, 13),
			(343, 5),
			(343, 6),
			(344, 9),
			(345, 5),
			(345, 6),
			(346, 10),
			(347, 2),
			(348, 3),
			(349, 2),
			(351, 2),
			(352, 2),
			(353, 8),
			(354, 4),
			(355, 5),
			(355, 6),
			(357, 7),
			(358, 2),
			(359, 5),
			(359, 6),
			(360, 2),
			(361, 5),
			(361, 6),
			(362, 11),
			(363, 2),
			(364, 14),
			(365, 9),
			(367, 13),
			(368, 5),
			(368, 6),
			(369, 4),
			(370, 5),
			(370, 6),
			(371, 1),
			(372, 2),
			(373, 24),
			(374, 2),
			(376, 2),
			(377, 9),
			(378, 12),
			(379, 2),
			(380, 5),
			(380, 6),
			(382, 10),
			(383, 2),
			(384, 5),
			(384, 6),
			(385, 2),
			(386, 5),
			(386, 6),
			(387, 7),
			(388, 2),
			(389, 5),
			(389, 6),
			(390, 4),
			(392, 13),
			(393, 5),
			(393, 6),
			(394, 9),
			(395, 5),
			(395, 6),
			(396, 11),
			(397, 2),
			(398, 15),
			(399, 2),
			(401, 2),
			(402, 2),
			(403, 16),
			(404, 4),
			(405, 5),
			(405, 6),
			(407, 1),
			(408, 2),
			(409, 5),
			(409, 6),
			(410, 2),
			(411, 5),
			(411, 6),
			(412, 10),
			(413, 2),
			(414, 17),
			(415, 9),
			(417, 13),
			(418, 5),
			(418, 6),
			(419, 4),
			(420, 5),
			(420, 6),
			(421, 7),
			(422, 2),
			(423, 18),
			(424, 2),
			(426, 2),
			(427, 9),
			(428, 19),
			(429, 2),
			(430, 5),
			(430, 6),
			(432, 11),
			(433, 2),
			(434, 5),
			(434, 6),
			(435, 2),
			(436, 5),
			(436, 6),
			(437, 1),
			(438, 2),
			(439, 20),
			(440, 4),
			(442, 13),
			(443, 5),
			(443, 6),
			(444, 9),
			(445, 5),
			(445, 6),
			(446, 10),
			(447, 2),
			(448, 23),
			(449, 2),
			(451, 2),
			(452, 2),
			(453, 21),
			(454, 4),
			(455, 5),
			(455, 6),
			(457, 7),
			(458, 2),
			(459, 5),
			(459, 6),
			(460, 2),
			(461, 5),
			(461, 6),
			(462, 11),
			(463, 2),
			(464, 22),
			(465, 9),
			(467, 13),
			(468, 5),
			(468, 6),
			(469, 4),
			(470, 5),
			(470, 6),
			(471, 1),
			(472, 2),
			(473, 3),
			(474, 2),
			(476, 2),
			(477, 2),
			(478, 8),
			(479, 4),
			(480, 5),
			(480, 6),
			(482, 10),
			(483, 2),
			(484, 5),
			(484, 6),
			(485, 9),
			(486, 5),
			(486, 6),
			(487, 7),
			(488, 2),
			(489, 14),
			(490, 4),
			(492, 13),
			(493, 5),
			(493, 6),
			(494, 9),
			(495, 5),
			(495, 6),
			(496, 11),
			(497, 2),
			(498, 24),
			(499, 2);

INSERT INTO 
	hospital_department
		(hospital_id, department_id, extension, email) VALUES
			(1,1,'10001','accident.emergency@greenfieldhospital.fakenhs.uk'),
			(1,2,'10002','cardiology@greenfieldhospital.fakenhs.uk'),
			(1,3,'10003','oncology@greenfieldhospital.fakenhs.uk'),
			(1,4,'10004','respiratory@greenfieldhospital.fakenhs.uk'),
			(1,5,'10005','neurology@greenfieldhospital.fakenhs.uk'),
			(1,6,'10006','radiology@greenfieldhospital.fakenhs.uk'),
			(1,7,'10007','gastroenterology@greenfieldhospital.fakenhs.uk'),
			(1,8,'10008','pharmacology@greenfieldhospital.fakenhs.uk'),
			(1,9,'10009','pathology@greenfieldhospital.fakenhs.uk'),
			(1,10,'10010','nursing@greenfieldhospital.fakenhs.uk'),
			(2,1,'10011','accident.emergency@riversidemedicalcentre.fakenhs.uk'),
			(2,2,'10012','cardiology@riversidemedicalcentre.fakenhs.uk'),
			(2,3,'10013','oncology@riversidemedicalcentre.fakenhs.uk'),
			(2,4,'10014','respiratory@riversidemedicalcentre.fakenhs.uk'),
			(2,5,'10015','neurology@riversidemedicalcentre.fakenhs.uk'),
			(2,6,'10016','radiology@riversidemedicalcentre.fakenhs.uk'),
			(2,7,'10017','gastroenterology@riversidemedicalcentre.fakenhs.uk'),
			(2,8,'10018','pharmacology@riversidemedicalcentre.fakenhs.uk'),
			(2,9,'10019','pathology@riversidemedicalcentre.fakenhs.uk'),
			(2,10,'10020','nursing@riversidemedicalcentre.fakenhs.uk'),
			(3,1,'10021','accident.emergency@oakwoodhealthcentre.fakenhs.uk'),
			(3,2,'10022','cardiology@oakwoodhealthcentre.fakenhs.uk'),
			(3,3,'10023','oncology@oakwoodhealthcentre.fakenhs.uk'),
			(3,4,'10024','respiratory@oakwoodhealthcentre.fakenhs.uk'),
			(3,5,'10025','neurology@oakwoodhealthcentre.fakenhs.uk'),
			(3,6,'10026','radiology@oakwoodhealthcentre.fakenhs.uk'),
			(3,7,'10027','gastroenterology@oakwoodhealthcentre.fakenhs.uk'),
			(3,8,'10028','pharmacology@oakwoodhealthcentre.fakenhs.uk'),
			(3,9,'10029','pathology@oakwoodhealthcentre.fakenhs.uk'),
			(3,10,'10030','nursing@oakwoodhealthcentre.fakenhs.uk'),
			(4,1,'10031','accident.emergency@mapleleafhospital.fakenhs.uk'),
			(4,2,'10032','cardiology@mapleleafhospital.fakenhs.uk'),
			(4,3,'10033','oncology@mapleleafhospital.fakenhs.uk'),
			(4,4,'10034','respiratory@mapleleafhospital.fakenhs.uk'),
			(4,5,'10035','neurology@mapleleafhospital.fakenhs.uk'),
			(4,6,'10036','radiology@mapleleafhospital.fakenhs.uk'),
			(4,7,'10037','gastroenterology@mapleleafhospital.fakenhs.uk'),
			(4,8,'10038','pharmacology@mapleleafhospital.fakenhs.uk'),
			(4,9,'10039','pathology@mapleleafhospital.fakenhs.uk'),
			(4,10,'10040','nursing@mapleleafhospital.fakenhs.uk'),
			(5,1,'10041','accident.emergency@cedargrovehospital.fakenhs.uk'),
			(5,2,'10042','cardiology@cedargrovehospital.fakenhs.uk'),
			(5,3,'10043','oncology@cedargrovehospital.fakenhs.uk'),
			(5,4,'10044','respiratory@cedargrovehospital.fakenhs.uk'),
			(5,5,'10045','neurology@cedargrovehospital.fakenhs.uk'),
			(5,6,'10046','radiology@cedargrovehospital.fakenhs.uk'),
			(5,7,'10047','gastroenterology@cedargrovehospital.fakenhs.uk'),
			(5,8,'10048','pharmacology@cedargrovehospital.fakenhs.uk'),
			(5,9,'10049','pathology@cedargrovehospital.fakenhs.uk'),
			(5,10,'10050','nursing@cedargrovehospital.fakenhs.uk'),
			(6,1,'10051','accident.emergency@lakesidehospital.fakenhs.uk'),
			(6,2,'10052','cardiology@lakesidehospital.fakenhs.uk'),
			(6,3,'10053','oncology@lakesidehospital.fakenhs.uk'),
			(6,4,'10054','respiratory@lakesidehospital.fakenhs.uk'),
			(6,5,'10055','neurology@lakesidehospital.fakenhs.uk'),
			(6,6,'10056','radiology@lakesidehospital.fakenhs.uk'),
			(6,7,'10057','gastroenterology@lakesidehospital.fakenhs.uk'),
			(6,8,'10058','pharmacology@lakesidehospital.fakenhs.uk'),
			(6,9,'10059','pathology@lakesidehospital.fakenhs.uk'),
			(6,10,'10060','nursing@lakesidehospital.fakenhs.uk'),
			(7,1,'10061','accident.emergency@hilltopmedicalcentre.fakenhs.uk'),
			(7,2,'10062','cardiology@hilltopmedicalcentre.fakenhs.uk'),
			(7,3,'10063','oncology@hilltopmedicalcentre.fakenhs.uk'),
			(7,4,'10064','respiratory@hilltopmedicalcentre.fakenhs.uk'),
			(7,5,'10065','neurology@hilltopmedicalcentre.fakenhs.uk'),
			(7,6,'10066','radiology@hilltopmedicalcentre.fakenhs.uk'),
			(7,7,'10067','gastroenterology@hilltopmedicalcentre.fakenhs.uk'),
			(7,8,'10068','pharmacology@hilltopmedicalcentre.fakenhs.uk'),
			(7,9,'10069','pathology@hilltopmedicalcentre.fakenhs.uk'),
			(7,10,'10070','nursing@hilltopmedicalcentre.fakenhs.uk'),
			(8,1,'10071','accident.emergency@sunnybrookhospital.fakenhs.uk'),
			(8,2,'10072','cardiology@sunnybrookhospital.fakenhs.uk'),
			(8,3,'10073','oncology@sunnybrookhospital.fakenhs.uk'),
			(8,4,'10074','respiratory@sunnybrookhospital.fakenhs.uk'),
			(8,5,'10075','neurology@sunnybrookhospital.fakenhs.uk'),
			(8,6,'10076','radiology@sunnybrookhospital.fakenhs.uk'),
			(8,7,'10077','gastroenterology@sunnybrookhospital.fakenhs.uk'),
			(8,8,'10078','pharmacology@sunnybrookhospital.fakenhs.uk'),
			(8,9,'10079','pathology@sunnybrookhospital.fakenhs.uk'),
			(8,10,'10080','nursing@sunnybrookhospital.fakenhs.uk'),
			(9,1,'10081','accident.emergency@meadowviewhealthcentre.fakenhs.uk'),
			(9,2,'10082','cardiology@meadowviewhealthcentre.fakenhs.uk'),
			(9,3,'10083','oncology@meadowviewhealthcentre.fakenhs.uk'),
			(9,4,'10084','respiratory@meadowviewhealthcentre.fakenhs.uk'),
			(9,5,'10085','neurology@meadowviewhealthcentre.fakenhs.uk'),
			(9,6,'10086','radiology@meadowviewhealthcentre.fakenhs.uk'),
			(9,7,'10087','gastroenterology@meadowviewhealthcentre.fakenhs.uk'),
			(9,8,'10088','pharmacology@meadowviewhealthcentre.fakenhs.uk'),
			(9,9,'10089','pathology@meadowviewhealthcentre.fakenhs.uk'),
			(9,10,'10090','nursing@meadowviewhealthcentre.fakenhs.uk'),
			(10,1,'10091','accident.emergency@forestparkhospital.fakenhs.uk'),
			(10,2,'10092','cardiology@forestparkhospital.fakenhs.uk'),
			(10,3,'10093','oncology@forestparkhospital.fakenhs.uk'),
			(10,4,'10094','respiratory@forestparkhospital.fakenhs.uk'),
			(10,5,'10095','neurology@forestparkhospital.fakenhs.uk'),
			(10,6,'10096','radiology@forestparkhospital.fakenhs.uk'),
			(10,7,'10097','gastroenterology@forestparkhospital.fakenhs.uk'),
			(10,8,'10098','pharmacology@forestparkhospital.fakenhs.uk'),
			(10,9,'10099','pathology@forestparkhospital.fakenhs.uk'),
			(10,10,'10100','nursing@forestparkhospital.fakenhs.uk'),
			(11,1,'10101','accident.emergency@highlandmedicalcentre.fakenhs.uk'),
			(11,2,'10102','cardiology@highlandmedicalcentre.fakenhs.uk'),
			(11,3,'10103','oncology@highlandmedicalcentre.fakenhs.uk'),
			(11,4,'10104','respiratory@highlandmedicalcentre.fakenhs.uk'),
			(11,5,'10105','neurology@highlandmedicalcentre.fakenhs.uk'),
			(11,6,'10106','radiology@highlandmedicalcentre.fakenhs.uk'),
			(11,7,'10107','gastroenterology@highlandmedicalcentre.fakenhs.uk'),
			(11,8,'10108','pharmacology@highlandmedicalcentre.fakenhs.uk'),
			(11,9,'10109','pathology@highlandmedicalcentre.fakenhs.uk'),
			(11,10,'10110','nursing@highlandmedicalcentre.fakenhs.uk'),
			(12,1,'10111','accident.emergency@riverbendhospital.fakenhs.uk'),
			(12,2,'10112','cardiology@riverbendhospital.fakenhs.uk'),
			(12,3,'10113','oncology@riverbendhospital.fakenhs.uk'),
			(12,4,'10114','respiratory@riverbendhospital.fakenhs.uk'),
			(12,5,'10115','neurology@riverbendhospital.fakenhs.uk'),
			(12,6,'10116','radiology@riverbendhospital.fakenhs.uk'),
			(12,7,'10117','gastroenterology@riverbendhospital.fakenhs.uk'),
			(12,8,'10118','pharmacology@riverbendhospital.fakenhs.uk'),
			(12,9,'10119','pathology@riverbendhospital.fakenhs.uk'),
			(12,10,'10120','nursing@riverbendhospital.fakenhs.uk'),
			(13,1,'10121','accident.emergency@silverwoodhealthcentre.fakenhs.uk'),
			(13,2,'10122','cardiology@silverwoodhealthcentre.fakenhs.uk'),
			(13,3,'10123','oncology@silverwoodhealthcentre.fakenhs.uk'),
			(13,4,'10124','respiratory@silverwoodhealthcentre.fakenhs.uk'),
			(13,5,'10125','neurology@silverwoodhealthcentre.fakenhs.uk'),
			(13,6,'10126','radiology@silverwoodhealthcentre.fakenhs.uk'),
			(13,7,'10127','gastroenterology@silverwoodhealthcentre.fakenhs.uk'),
			(13,8,'10128','pharmacology@silverwoodhealthcentre.fakenhs.uk'),
			(13,9,'10129','pathology@silverwoodhealthcentre.fakenhs.uk'),
			(13,10,'10130','nursing@silverwoodhealthcentre.fakenhs.uk'),
			(14,1,'10131','accident.emergency@eastviewhospital.fakenhs.uk'),
			(14,2,'10132','cardiology@eastviewhospital.fakenhs.uk'),
			(14,3,'10133','oncology@eastviewhospital.fakenhs.uk'),
			(14,4,'10134','respiratory@eastviewhospital.fakenhs.uk'),
			(14,5,'10135','neurology@eastviewhospital.fakenhs.uk'),
			(14,6,'10136','radiology@eastviewhospital.fakenhs.uk'),
			(14,7,'10137','gastroenterology@eastviewhospital.fakenhs.uk'),
			(14,8,'10138','pharmacology@eastviewhospital.fakenhs.uk'),
			(14,9,'10139','pathology@eastviewhospital.fakenhs.uk'),
			(14,10,'10140','nursing@eastviewhospital.fakenhs.uk'),
			(15,1,'10141','accident.emergency@northgatemedicalcentre.fakenhs.uk'),
			(15,2,'10142','cardiology@northgatemedicalcentre.fakenhs.uk'),
			(15,3,'10143','oncology@northgatemedicalcentre.fakenhs.uk'),
			(15,4,'10144','respiratory@northgatemedicalcentre.fakenhs.uk'),
			(15,5,'10145','neurology@northgatemedicalcentre.fakenhs.uk'),
			(15,6,'10146','radiology@northgatemedicalcentre.fakenhs.uk'),
			(15,7,'10147','gastroenterology@northgatemedicalcentre.fakenhs.uk'),
			(15,8,'10148','pharmacology@northgatemedicalcentre.fakenhs.uk'),
			(15,9,'10149','pathology@northgatemedicalcentre.fakenhs.uk'),
			(15,10,'10150','nursing@northgatemedicalcentre.fakenhs.uk'),
			(16,1,'10151','accident.emergency@pinecresthospital.fakenhs.uk'),
			(16,2,'10152','cardiology@pinecresthospital.fakenhs.uk'),
			(16,3,'10153','oncology@pinecresthospital.fakenhs.uk'),
			(16,4,'10154','respiratory@pinecresthospital.fakenhs.uk'),
			(16,5,'10155','neurology@pinecresthospital.fakenhs.uk'),
			(16,6,'10156','radiology@pinecresthospital.fakenhs.uk'),
			(16,7,'10157','gastroenterology@pinecresthospital.fakenhs.uk'),
			(16,8,'10158','pharmacology@pinecresthospital.fakenhs.uk'),
			(16,9,'10159','pathology@pinecresthospital.fakenhs.uk'),
			(16,10,'10160','nursing@pinecresthospital.fakenhs.uk'),
			(17,1,'10161','accident.emergency@brooksidemedicalcentre.fakenhs.uk'),
			(17,2,'10162','cardiology@brooksidemedicalcentre.fakenhs.uk'),
			(17,3,'10163','oncology@brooksidemedicalcentre.fakenhs.uk'),
			(17,4,'10164','respiratory@brooksidemedicalcentre.fakenhs.uk'),
			(17,5,'10165','neurology@brooksidemedicalcentre.fakenhs.uk'),
			(17,6,'10166','radiology@brooksidemedicalcentre.fakenhs.uk'),
			(17,7,'10167','gastroenterology@brooksidemedicalcentre.fakenhs.uk'),
			(17,8,'10168','pharmacology@brooksidemedicalcentre.fakenhs.uk'),
			(17,9,'10169','pathology@brooksidemedicalcentre.fakenhs.uk'),
			(17,10,'10170','nursing@brooksidemedicalcentre.fakenhs.uk'),
			(18,1,'10171','accident.emergency@willowbrookhospital.fakenhs.uk'),
			(18,2,'10172','cardiology@willowbrookhospital.fakenhs.uk'),
			(18,3,'10173','oncology@willowbrookhospital.fakenhs.uk'),
			(18,4,'10174','respiratory@willowbrookhospital.fakenhs.uk'),
			(18,5,'10175','neurology@willowbrookhospital.fakenhs.uk'),
			(18,6,'10176','radiology@willowbrookhospital.fakenhs.uk'),
			(18,7,'10177','gastroenterology@willowbrookhospital.fakenhs.uk'),
			(18,8,'10178','pharmacology@willowbrookhospital.fakenhs.uk'),
			(18,9,'10179','pathology@willowbrookhospital.fakenhs.uk'),
			(18,10,'10180','nursing@willowbrookhospital.fakenhs.uk'),
			(19,1,'10181','accident.emergency@crestviewhealthcentre.fakenhs.uk'),
			(19,2,'10182','cardiology@crestviewhealthcentre.fakenhs.uk'),
			(19,3,'10183','oncology@crestviewhealthcentre.fakenhs.uk'),
			(19,4,'10184','respiratory@crestviewhealthcentre.fakenhs.uk'),
			(19,5,'10185','neurology@crestviewhealthcentre.fakenhs.uk'),
			(19,6,'10186','radiology@crestviewhealthcentre.fakenhs.uk'),
			(19,7,'10187','gastroenterology@crestviewhealthcentre.fakenhs.uk'),
			(19,8,'10188','pharmacology@crestviewhealthcentre.fakenhs.uk'),
			(19,9,'10189','pathology@crestviewhealthcentre.fakenhs.uk'),
			(19,10,'10190','nursing@crestviewhealthcentre.fakenhs.uk'),
			(20,1,'10191','accident.emergency@meadowlandshospital.fakenhs.uk'),
			(20,2,'10192','cardiology@meadowlandshospital.fakenhs.uk'),
			(20,3,'10193','oncology@meadowlandshospital.fakenhs.uk'),
			(20,4,'10194','respiratory@meadowlandshospital.fakenhs.uk'),
			(20,5,'10195','neurology@meadowlandshospital.fakenhs.uk'),
			(20,6,'10196','radiology@meadowlandshospital.fakenhs.uk'),
			(20,7,'10197','gastroenterology@meadowlandshospital.fakenhs.uk'),
			(20,8,'10198','pharmacology@meadowlandshospital.fakenhs.uk'),
			(20,9,'10199','pathology@meadowlandshospital.fakenhs.uk'),
			(20,10,'10200','nursing@meadowlandshospital.fakenhs.uk');

INSERT INTO
	stock_type
		(stock_type_id, name) VALUES
			(1, 'Injection & Venepuncture'),
			(2, 'Blood Collection & Laboratory Sampling'),
			(3, 'General Surgical'),
			(4, 'Cardiothoracic Surgical'),
			(5, 'Neurosurgical'),
			(6, 'Thoracic & Pulmonary Surgical'),
			(7, 'Imaging Contrast & Radiology'),
			(8, 'Radiology Protection & Positioning'),
			(9, 'Intravenous Therapy & Infusion'),
			(10, 'Cardiac Monitoring'),
			(11, 'Wound Care & Skin Preparation'),
			(12, 'Anaesthesia & Perioperative');

INSERT INTO
	stock
		(stock_id, stock_type_id, name, description) VALUES
			(1, 1, 'Hypodermic Needle 18G', 'Large bore injection needle'),
			(2, 1, 'Hypodermic Needle 21G', 'Standard injection needle'),
			(3, 1, 'Hypodermic Needle 23G', 'Fine injection needle'),
			(4, 1, 'Syringe 1ml', 'Small volume medication syringe'),
			(5, 1, 'Syringe 5ml', 'Low volume injection syringe'),
			(6, 1, 'Syringe 10ml', 'Standard medication syringe'),
			(7, 1, 'Syringe 20ml', 'Medium volume syringe'),
			(8, 1, 'Syringe 50ml', 'Large volume syringe'),
			(9, 1, 'Butterfly Needle Set', 'Winged venous access set'),
			(10, 1, 'Tourniquet', 'Venous blood flow restriction band'),
			(11, 11, 'Alcohol Swab', 'Skin antiseptic wipe'),
			(12, 11, 'Sterile Gauze Swab', 'Wound dressing swab'),
			(13, 11, 'Adhesive Dressing Strip', 'Small wound dressing'),
			(14, 2, 'Sharps Container', 'Used sharps disposal unit'),
			(15, 2, 'Blood Collection Tube EDTA 2ml', 'Haematology sample tube'),
			(16, 2, 'Blood Collection Tube EDTA 4ml', 'Full blood count tube'),
			(17, 2, 'Blood Collection Tube Serum Separator 4ml', 'Biochemistry sample tube'),
			(18, 2, 'Blood Collection Tube Serum Separator 6ml', 'High volume serum tube'),
			(19, 2, 'Blood Collection Tube Heparin 4ml', 'Plasma sample tube'),
			(20, 2, 'Blood Collection Tube Citrate 2.7ml', 'Coagulation sample tube'),
			(21, 3, 'Surgical Suture 2-0', 'Thicker tissue closure suture'),
			(22, 3, 'Surgical Suture 3-0', 'Standard closure suture'),
			(23, 3, 'Surgical Suture 4-0', 'Fine tissue closure suture'),
			(24, 4, 'Coronary Stent', 'Arterial support implant'),
			(25, 4, 'Heart Valve Prosthesis', 'Valve replacement implant'),
			(26, 3, 'Skin Marker', 'Surgical marking pen'),
			(27, 3, 'Chlorhexidine Skin Prep Solution', 'Pre-operative antiseptic'),
			(28, 3, 'Sterile Surgical Drapes Cardiac', 'Cardiac theatre drape'),
			(29, 6, 'Sterile Surgical Drapes Thoracic', 'Chest surgery drape'),
			(30, 5, 'Sterile Surgical Drapes Neurosurgery', 'Neurosurgery drape'),
			(31, 3, 'Sterile Surgical Drapes Universal', 'General theatre drape'),
			(32, 3, 'Surgical Gloves Size 6', 'Small sterile gloves'),
			(33, 3, 'Surgical Gloves Size 7', 'Medium sterile gloves'),
			(34, 3, 'Surgical Gloves Size 8', 'Large sterile gloves'),
			(35, 3, 'Surgical Mask', 'Infection control mask'),
			(36, 3, 'Surgical Gown Medium', 'Sterile theatre gown'),
			(37, 3, 'Surgical Gown Large', 'Sterile theatre gown'),
			(38, 3, 'Sterile Theatre Towels', 'Operating field towels'),
			(39, 6, 'Chest Drain Tube', 'Pleural drainage tube'),
			(40, 6, 'Lung Stapler Cartridge', 'Thoracic stapling consumable'),
			(41, 6, 'Pulmonary Tissue Sealant', 'Lung sealing agent'),
			(42, 6, 'Thoracic Surgical Suture 2-0', 'Chest closure suture'),
			(43, 5, 'Aneurysm Clip', 'Vascular closure clip'),
			(44, 5, 'Neurosurgical Hemostatic Sponge', 'Bleeding control sponge'),
			(45, 5, 'Brain Tissue Sealant', 'Neurosurgical sealant'),
			(46, 5, 'Neurosurgical Suture 4-0', 'Fine brain tissue suture'),
			(47, 7, 'CT Contrast Medium', 'Iodinated imaging contrast'),
			(48, 7, 'MRI Contrast Medium', 'Gadolinium imaging contrast'),
			(49, 7, 'Contrast Injection Syringe', 'Contrast delivery syringe'),
			(50, 8, 'Ultrasound Gel', 'Acoustic transmission gel'),
			(51, 8, 'Ultrasound Probe Cover', 'Sterile probe sheath'),
			(52, 8, 'Radiolucent X-Ray Positioning Sheet', 'Imaging positioning sheet'),
			(53, 8, 'Lead Apron', 'Radiation protection garment'),
			(54, 8, 'Lead Thyroid Shield', 'Neck radiation protection'),
			(55, 9, 'Peripheral Venous Cannula 18G', 'Large venous access cannula'),
			(56, 9, 'Peripheral Venous Cannula 20G', 'Standard venous access cannula'),
			(57, 9, 'Peripheral Venous Cannula 22G', 'Small venous access cannula'),
			(58, 9, 'IV Giving Set', 'Fluid administration tubing'),
			(59, 9, 'Central Venous Catheter Kit', 'Central venous access kit'),
			(60, 9, 'Infusion Pump Giving Set', 'Controlled infusion tubing'),
			(61, 9, 'Heparin Flush Syringe', 'Line flushing syringe'),
			(62, 9, 'Total Parenteral Nutrition Bag', 'IV nutrition solution'),
			(63, 9, 'Chemotherapy Infusion Bag', 'Cancer treatment infusion'),
			(64, 9, 'Sterile IV Dressing Pack', 'IV site dressing kit'),
			(65, 10, 'ECG Electrode', 'Cardiac monitoring pad'),
			(66, 10, 'ECG Lead Wire Set', 'Heart monitoring leads'),
			(67, 10, 'ECG Gel', 'Conductive monitoring gel');

INSERT INTO
	hospital_stock
		(hospital_id, stock_id, total_amount) VALUES
			(1,1,1354),
			(1,2,814),
			(1,3,725),
			(1,4,1459),
			(1,5,981),
			(1,6,950),
			(1,7,928),
			(1,8,842),
			(1,9,1454),
			(1,10,804),
			(1,11,1392),
			(1,12,1458),
			(1,13,1258),
			(1,14,789),
			(1,15,1304),
			(1,16,1132),
			(1,17,732),
			(1,18,730),
			(1,19,795),
			(1,20,923),
			(1,21,938),
			(1,22,1217),
			(1,23,1316),
			(1,24,727),
			(1,25,1274),
			(1,26,903),
			(1,27,1433),
			(1,28,1365),
			(1,29,1418),
			(1,30,1258),
			(1,31,1129),
			(1,32,925),
			(1,33,1159),
			(1,34,1303),
			(1,35,984),
			(1,36,706),
			(1,37,1477),
			(1,38,863),
			(1,39,1414),
			(1,40,1132),
			(1,41,1048),
			(1,42,984),
			(1,43,859),
			(1,44,920),
			(1,45,1481),
			(1,46,1044),
			(1,47,804),
			(1,48,794),
			(1,49,1089),
			(1,50,799),
			(1,51,1067),
			(1,52,1052),
			(1,53,1318),
			(1,54,970),
			(1,55,744),
			(1,56,1447),
			(1,57,1170),
			(1,58,1249),
			(1,59,827),
			(1,60,1087),
			(1,61,780),
			(1,62,1265),
			(1,63,1000),
			(1,64,1343),
			(1,65,1333),
			(1,66,1070),
			(1,67,1291),
			(2,1,896),
			(2,2,1421),
			(2,3,771),
			(2,4,746),
			(2,5,1377),
			(2,6,933),
			(2,7,1491),
			(2,8,996),
			(2,9,781),
			(2,10,938),
			(2,11,803),
			(2,12,1089),
			(2,13,984),
			(2,14,1164),
			(2,15,1350),
			(2,16,1073),
			(2,17,866),
			(2,18,1079),
			(2,19,1063),
			(2,20,914),
			(2,21,1386),
			(2,22,973),
			(2,23,1418),
			(2,24,1399),
			(2,25,1363),
			(2,26,773),
			(2,27,1323),
			(2,28,1350),
			(2,29,875),
			(2,30,1246),
			(2,31,1446),
			(2,32,950),
			(2,33,867),
			(2,34,1173),
			(2,35,1088),
			(2,36,976),
			(2,37,1355),
			(2,38,1404),
			(2,39,1270),
			(2,40,924),
			(2,41,1401),
			(2,42,1032),
			(2,43,1486),
			(2,44,1494),
			(2,45,757),
			(2,46,934),
			(2,47,732),
			(2,48,1023),
			(2,49,1110),
			(2,50,974),
			(2,51,767),
			(2,52,916),
			(2,53,1280),
			(2,54,1435),
			(2,55,1022),
			(2,56,917),
			(2,57,1371),
			(2,58,1211),
			(2,59,1105),
			(2,60,1358),
			(2,61,1169),
			(2,62,846),
			(2,63,971),
			(2,64,842),
			(2,65,952),
			(2,66,1462),
			(2,67,1274),
			(3,1,1251),
			(3,2,969),
			(3,3,1464),
			(3,4,1298),
			(3,5,1138),
			(3,6,1297),
			(3,7,1108),
			(3,8,1070),
			(3,9,924),
			(3,10,841),
			(3,11,1221),
			(3,12,1205),
			(3,13,793),
			(3,14,1473),
			(3,15,748),
			(3,16,812),
			(3,17,856),
			(3,18,1342),
			(3,19,863),
			(3,20,1396),
			(3,21,1132),
			(3,22,1310),
			(3,23,765),
			(3,24,1094),
			(3,25,1090),
			(3,26,1310),
			(3,27,1179),
			(3,28,1241),
			(3,29,957),
			(3,30,1266),
			(3,31,711),
			(3,32,1396),
			(3,33,1438),
			(3,34,817),
			(3,35,1398),
			(3,36,1249),
			(3,37,1468),
			(3,38,973),
			(3,39,1487),
			(3,40,1356),
			(3,41,1048),
			(3,42,814),
			(3,43,1000),
			(3,44,1145),
			(3,45,861),
			(3,46,1164),
			(3,47,703),
			(3,48,1439),
			(3,49,1436),
			(3,50,969),
			(3,51,1212),
			(3,52,1480),
			(3,53,882),
			(3,54,1219),
			(3,55,808),
			(3,56,1340),
			(3,57,1005),
			(3,58,1354),
			(3,59,1219),
			(3,60,1323),
			(3,61,903),
			(3,62,856),
			(3,63,1082),
			(3,64,1480),
			(3,65,865),
			(3,66,1252),
			(3,67,1497),
			(4,1,1243),
			(4,2,700),
			(4,3,1313),
			(4,4,1031),
			(4,5,1200),
			(4,6,719),
			(4,7,814),
			(4,8,1071),
			(4,9,1014),
			(4,10,945),
			(4,11,759),
			(4,12,946),
			(4,13,1280),
			(4,14,780),
			(4,15,787),
			(4,16,1449),
			(4,17,1197),
			(4,18,770),
			(4,19,1478),
			(4,20,1245),
			(4,21,1484),
			(4,22,828),
			(4,23,831),
			(4,24,1375),
			(4,25,1186),
			(4,26,1262),
			(4,27,869),
			(4,28,971),
			(4,29,1240),
			(4,30,1321),
			(4,31,1133),
			(4,32,916),
			(4,33,1252),
			(4,34,1473),
			(4,35,1447),
			(4,36,1406),
			(4,37,905),
			(4,38,1430),
			(4,39,1019),
			(4,40,1108),
			(4,41,1387),
			(4,42,1365),
			(4,43,1082),
			(4,44,1148),
			(4,45,1229),
			(4,46,1162),
			(4,47,823),
			(4,48,953),
			(4,49,930),
			(4,50,765),
			(4,51,1046),
			(4,52,721),
			(4,53,1302),
			(4,54,1267),
			(4,55,935),
			(4,56,1302),
			(4,57,925),
			(4,58,707),
			(4,59,772),
			(4,60,1424),
			(4,61,1346),
			(4,62,760),
			(4,63,934),
			(4,64,769),
			(4,65,732),
			(4,66,1038),
			(4,67,772),
			(5,1,1226),
			(5,2,943),
			(5,3,985),
			(5,4,1385),
			(5,5,1197),
			(5,6,919),
			(5,7,1252),
			(5,8,835),
			(5,9,1440),
			(5,10,1284),
			(5,11,1290),
			(5,12,1184),
			(5,13,948),
			(5,14,1184),
			(5,15,1116),
			(5,16,894),
			(5,17,796),
			(5,18,799),
			(5,19,1374),
			(5,20,1141),
			(5,21,1062),
			(5,22,1133),
			(5,23,1120),
			(5,24,1178),
			(5,25,1446),
			(5,26,755),
			(5,27,1389),
			(5,28,1369),
			(5,29,1361),
			(5,30,800),
			(5,31,762),
			(5,32,1112),
			(5,33,1445),
			(5,34,1047),
			(5,35,811),
			(5,36,954),
			(5,37,896),
			(5,38,894),
			(5,39,1249),
			(5,40,1159),
			(5,41,843),
			(5,42,1132),
			(5,43,887),
			(5,44,985),
			(5,45,1173),
			(5,46,955),
			(5,47,777),
			(5,48,1153),
			(5,49,1263),
			(5,50,800),
			(5,51,751),
			(5,52,1367),
			(5,53,1253),
			(5,54,715),
			(5,55,795),
			(5,56,1471),
			(5,57,942),
			(5,58,870),
			(5,59,1116),
			(5,60,1197),
			(5,61,1192),
			(5,62,918),
			(5,63,1110),
			(5,64,760),
			(5,65,868),
			(5,66,1088),
			(5,67,702),
			(6,1,1099),
			(6,2,971),
			(6,3,1165),
			(6,4,992),
			(6,5,1133),
			(6,6,1413),
			(6,7,1448),
			(6,8,1269),
			(6,9,1377),
			(6,10,1435),
			(6,11,1198),
			(6,12,858),
			(6,13,894),
			(6,14,1003),
			(6,15,922),
			(6,16,759),
			(6,17,1293),
			(6,18,1453),
			(6,19,1255),
			(6,20,762),
			(6,21,1465),
			(6,22,1021),
			(6,23,758),
			(6,24,751),
			(6,25,1298),
			(6,26,1188),
			(6,27,1214),
			(6,28,1243),
			(6,29,861),
			(6,30,758),
			(6,31,1220),
			(6,32,782),
			(6,33,890),
			(6,34,770),
			(6,35,1309),
			(6,36,769),
			(6,37,1391),
			(6,38,940),
			(6,39,1113),
			(6,40,822),
			(6,41,1283),
			(6,42,952),
			(6,43,1292),
			(6,44,1308),
			(6,45,740),
			(6,46,1334),
			(6,47,783),
			(6,48,1129),
			(6,49,1373),
			(6,50,1297),
			(6,51,1278),
			(6,52,1235),
			(6,53,1023),
			(6,54,967),
			(6,55,909),
			(6,56,1385),
			(6,57,1433),
			(6,58,1021),
			(6,59,944),
			(6,60,971),
			(6,61,1105),
			(6,62,834),
			(6,63,1387),
			(6,64,1360),
			(6,65,1007),
			(6,66,1168),
			(6,67,1023),
			(7,1,1469),
			(7,2,774),
			(7,3,709),
			(7,4,1169),
			(7,5,1336),
			(7,6,1276),
			(7,7,802),
			(7,8,775),
			(7,9,1250),
			(7,10,918),
			(7,11,1218),
			(7,12,971),
			(7,13,835),
			(7,14,1057),
			(7,15,770),
			(7,16,950),
			(7,17,1078),
			(7,18,991),
			(7,19,861),
			(7,20,1148),
			(7,21,1256),
			(7,22,1420),
			(7,23,1009),
			(7,24,1326),
			(7,25,1369),
			(7,26,1241),
			(7,27,708),
			(7,28,1383),
			(7,29,1267),
			(7,30,1006),
			(7,31,1379),
			(7,32,806),
			(7,33,837),
			(7,34,970),
			(7,35,818),
			(7,36,809),
			(7,37,1460),
			(7,38,1266),
			(7,39,859),
			(7,40,978),
			(7,41,988),
			(7,42,1319),
			(7,43,915),
			(7,44,1434),
			(7,45,1051),
			(7,46,908),
			(7,47,1403),
			(7,48,1349),
			(7,49,970),
			(7,50,1217),
			(7,51,1200),
			(7,52,957),
			(7,53,752),
			(7,54,794),
			(7,55,1349),
			(7,56,1133),
			(7,57,983),
			(7,58,745),
			(7,59,703),
			(7,60,1041),
			(7,61,1489),
			(7,62,833),
			(7,63,1352),
			(7,64,968),
			(7,65,865),
			(7,66,1459),
			(7,67,1152),
			(8,1,1264),
			(8,2,1422),
			(8,3,1137),
			(8,4,1274),
			(8,5,709),
			(8,6,814),
			(8,7,777),
			(8,8,1407),
			(8,9,852),
			(8,10,1258),
			(8,11,736),
			(8,12,1078),
			(8,13,1296),
			(8,14,1265),
			(8,15,851),
			(8,16,1140),
			(8,17,830),
			(8,18,742),
			(8,19,1015),
			(8,20,1073),
			(8,21,740),
			(8,22,1066),
			(8,23,915),
			(8,24,1398),
			(8,25,955),
			(8,26,1382),
			(8,27,805),
			(8,28,1062),
			(8,29,1498),
			(8,30,1273),
			(8,31,1116),
			(8,32,1335),
			(8,33,1467),
			(8,34,858),
			(8,35,942),
			(8,36,866),
			(8,37,881),
			(8,38,1122),
			(8,39,725),
			(8,40,883),
			(8,41,1454),
			(8,42,1040),
			(8,43,1121),
			(8,44,1385),
			(8,45,1452),
			(8,46,954),
			(8,47,973),
			(8,48,863),
			(8,49,1418),
			(8,50,810),
			(8,51,1091),
			(8,52,739),
			(8,53,1181),
			(8,54,927),
			(8,55,904),
			(8,56,1171),
			(8,57,1058),
			(8,58,1012),
			(8,59,933),
			(8,60,928),
			(8,61,724),
			(8,62,1375),
			(8,63,897),
			(8,64,1108),
			(8,65,1036),
			(8,66,985),
			(8,67,771),
			(9,1,1491),
			(9,2,985),
			(9,3,1059),
			(9,4,1356),
			(9,5,1221),
			(9,6,1109),
			(9,7,1395),
			(9,8,1249),
			(9,9,1039),
			(9,10,728),
			(9,11,818),
			(9,12,967),
			(9,13,882),
			(9,14,1294),
			(9,15,971),
			(9,16,739),
			(9,17,811),
			(9,18,1310),
			(9,19,1144),
			(9,20,1053),
			(9,21,1446),
			(9,22,1021),
			(9,23,1146),
			(9,24,1320),
			(9,25,1223),
			(9,26,818),
			(9,27,1094),
			(9,28,1290),
			(9,29,894),
			(9,30,960),
			(9,31,745),
			(9,32,1425),
			(9,33,1146),
			(9,34,701),
			(9,35,1232),
			(9,36,1251),
			(9,37,1403),
			(9,38,1436),
			(9,39,1459),
			(9,40,1454),
			(9,41,1386),
			(9,42,901),
			(9,43,1072),
			(9,44,1141),
			(9,45,771),
			(9,46,1380),
			(9,47,1038),
			(9,48,1338),
			(9,49,1021),
			(9,50,1379),
			(9,51,827),
			(9,52,1437),
			(9,53,1007),
			(9,54,1219),
			(9,55,1016),
			(9,56,1382),
			(9,57,1118),
			(9,58,1034),
			(9,59,1112),
			(9,60,1413),
			(9,61,1002),
			(9,62,1267),
			(9,63,830),
			(9,64,896),
			(9,65,1130),
			(9,66,1380),
			(9,67,1088),
			(10,1,1393),
			(10,2,1466),
			(10,3,878),
			(10,4,1330),
			(10,5,1282),
			(10,6,1008),
			(10,7,1115),
			(10,8,1261),
			(10,9,700),
			(10,10,1011),
			(10,11,993),
			(10,12,915),
			(10,13,1140),
			(10,14,1293),
			(10,15,1321),
			(10,16,1370),
			(10,17,1029),
			(10,18,1176),
			(10,19,1152),
			(10,20,1152),
			(10,21,1391),
			(10,22,918),
			(10,23,1223),
			(10,24,1184),
			(10,25,1453),
			(10,26,873),
			(10,27,1374),
			(10,28,786),
			(10,29,990),
			(10,30,1227),
			(10,31,1379),
			(10,32,1348),
			(10,33,1334),
			(10,34,1043),
			(10,35,795),
			(10,36,1469),
			(10,37,940),
			(10,38,1388),
			(10,39,1017),
			(10,40,930),
			(10,41,903),
			(10,42,850),
			(10,43,725),
			(10,44,747),
			(10,45,950),
			(10,46,1186),
			(10,47,1325),
			(10,48,1486),
			(10,49,774),
			(10,50,1166),
			(10,51,1124),
			(10,52,1344),
			(10,53,1289),
			(10,54,899),
			(10,55,1435),
			(10,56,1413),
			(10,57,1093),
			(10,58,1206),
			(10,59,1109),
			(10,60,949),
			(10,61,851),
			(10,62,1371),
			(10,63,1404),
			(10,64,705),
			(10,65,1468),
			(10,66,1488),
			(10,67,809),
			(11,1,1497),
			(11,2,1135),
			(11,3,924),
			(11,4,880),
			(11,5,1412),
			(11,6,1230),
			(11,7,1175),
			(11,8,751),
			(11,9,1270),
			(11,10,955),
			(11,11,824),
			(11,12,1167),
			(11,13,836),
			(11,14,1175),
			(11,15,1383),
			(11,16,1243),
			(11,17,1272),
			(11,18,1309),
			(11,19,1024),
			(11,20,1473),
			(11,21,1153),
			(11,22,1327),
			(11,23,1436),
			(11,24,1216),
			(11,25,1136),
			(11,26,1261),
			(11,27,1156),
			(11,28,862),
			(11,29,1461),
			(11,30,1186),
			(11,31,1160),
			(11,32,965),
			(11,33,1469),
			(11,34,953),
			(11,35,1352),
			(11,36,983),
			(11,37,1484),
			(11,38,1496),
			(11,39,1233),
			(11,40,1196),
			(11,41,1341),
			(11,42,944),
			(11,43,981),
			(11,44,1150),
			(11,45,779),
			(11,46,1430),
			(11,47,992),
			(11,48,940),
			(11,49,978),
			(11,50,1043),
			(11,51,1027),
			(11,52,1253),
			(11,53,782),
			(11,54,841),
			(11,55,854),
			(11,56,936),
			(11,57,1092),
			(11,58,1410),
			(11,59,856),
			(11,60,1423),
			(11,61,919),
			(11,62,765),
			(11,63,1124),
			(11,64,1117),
			(11,65,1038),
			(11,66,1255),
			(11,67,1177),
			(12,1,1125),
			(12,2,763),
			(12,3,911),
			(12,4,1130),
			(12,5,1098),
			(12,6,1488),
			(12,7,1298),
			(12,8,1412),
			(12,9,720),
			(12,10,1483),
			(12,11,1289),
			(12,12,1089),
			(12,13,1188),
			(12,14,706),
			(12,15,1060),
			(12,16,1005),
			(12,17,1471),
			(12,18,1099),
			(12,19,1129),
			(12,20,1251),
			(12,21,1465),
			(12,22,1452),
			(12,23,1259),
			(12,24,1317),
			(12,25,925),
			(12,26,1199),
			(12,27,924),
			(12,28,979),
			(12,29,1146),
			(12,30,1197),
			(12,31,729),
			(12,32,1098),
			(12,33,1044),
			(12,34,1384),
			(12,35,1395),
			(12,36,1114),
			(12,37,1441),
			(12,38,869),
			(12,39,1178),
			(12,40,830),
			(12,41,1337),
			(12,42,1246),
			(12,43,727),
			(12,44,1103),
			(12,45,1306),
			(12,46,1277),
			(12,47,1378),
			(12,48,727),
			(12,49,785),
			(12,50,1358),
			(12,51,1138),
			(12,52,838),
			(12,53,1172),
			(12,54,886),
			(12,55,751),
			(12,56,966),
			(12,57,1088),
			(12,58,1035),
			(12,59,916),
			(12,60,1165),
			(12,61,1034),
			(12,62,1045),
			(12,63,1479),
			(12,64,1088),
			(12,65,984),
			(12,66,1470),
			(12,67,1131),
			(13,1,958),
			(13,2,783),
			(13,3,1181),
			(13,4,719),
			(13,5,1467),
			(13,6,1252),
			(13,7,753),
			(13,8,1058),
			(13,9,929),
			(13,10,1365),
			(13,11,770),
			(13,12,1499),
			(13,13,1367),
			(13,14,741),
			(13,15,1472),
			(13,16,731),
			(13,17,953),
			(13,18,904),
			(13,19,720),
			(13,20,1336),
			(13,21,856),
			(13,22,944),
			(13,23,829),
			(13,24,1184),
			(13,25,1385),
			(13,26,817),
			(13,27,1277),
			(13,28,923),
			(13,29,1176),
			(13,30,1416),
			(13,31,962),
			(13,32,1485),
			(13,33,1077),
			(13,34,871),
			(13,35,1320),
			(13,36,1321),
			(13,37,1465),
			(13,38,1435),
			(13,39,817),
			(13,40,1496),
			(13,41,867),
			(13,42,1018),
			(13,43,810),
			(13,44,1292),
			(13,45,726),
			(13,46,1019),
			(13,47,1289),
			(13,48,1393),
			(13,49,1084),
			(13,50,1106),
			(13,51,1432),
			(13,52,903),
			(13,53,777),
			(13,54,1306),
			(13,55,1407),
			(13,56,1342),
			(13,57,948),
			(13,58,804),
			(13,59,1413),
			(13,60,1491),
			(13,61,1008),
			(13,62,1400),
			(13,63,1314),
			(13,64,823),
			(13,65,1279),
			(13,66,742),
			(13,67,1055),
			(14,1,1245),
			(14,2,1138),
			(14,3,1377),
			(14,4,1079),
			(14,5,770),
			(14,6,1218),
			(14,7,1363),
			(14,8,1049),
			(14,9,712),
			(14,10,1130),
			(14,11,1201),
			(14,12,808),
			(14,13,1143),
			(14,14,1070),
			(14,15,1350),
			(14,16,1170),
			(14,17,1424),
			(14,18,856),
			(14,19,1145),
			(14,20,880),
			(14,21,1451),
			(14,22,1234),
			(14,23,1366),
			(14,24,976),
			(14,25,1330),
			(14,26,1251),
			(14,27,1493),
			(14,28,1195),
			(14,29,1176),
			(14,30,1146),
			(14,31,1448),
			(14,32,1306),
			(14,33,974),
			(14,34,1030),
			(14,35,951),
			(14,36,788),
			(14,37,985),
			(14,38,1161),
			(14,39,949),
			(14,40,1468),
			(14,41,1175),
			(14,42,1283),
			(14,43,1324),
			(14,44,1384),
			(14,45,1088),
			(14,46,1044),
			(14,47,729),
			(14,48,1206),
			(14,49,1032),
			(14,50,886),
			(14,51,1199),
			(14,52,917),
			(14,53,1063),
			(14,54,964),
			(14,55,1048),
			(14,56,986),
			(14,57,1310),
			(14,58,1418),
			(14,59,982),
			(14,60,1269),
			(14,61,710),
			(14,62,1229),
			(14,63,895),
			(14,64,787),
			(14,65,947),
			(14,66,1437),
			(14,67,1116),
			(15,1,1200),
			(15,2,1268),
			(15,3,1476),
			(15,4,946),
			(15,5,1407),
			(15,6,1187),
			(15,7,1361),
			(15,8,1428),
			(15,9,1202),
			(15,10,1158),
			(15,11,717),
			(15,12,795),
			(15,13,1001),
			(15,14,926),
			(15,15,1114),
			(15,16,1408),
			(15,17,949),
			(15,18,1013),
			(15,19,1379),
			(15,20,1295),
			(15,21,1077),
			(15,22,1184),
			(15,23,1266),
			(15,24,1243),
			(15,25,1052),
			(15,26,1135),
			(15,27,1463),
			(15,28,1263),
			(15,29,1038),
			(15,30,1060),
			(15,31,1419),
			(15,32,1164),
			(15,33,977),
			(15,34,1013),
			(15,35,957),
			(15,36,936),
			(15,37,823),
			(15,38,1438),
			(15,39,897),
			(15,40,1023),
			(15,41,822),
			(15,42,1460),
			(15,43,1248),
			(15,44,1480),
			(15,45,1406),
			(15,46,889),
			(15,47,896),
			(15,48,921),
			(15,49,1456),
			(15,50,1195),
			(15,51,983),
			(15,52,1441),
			(15,53,1303),
			(15,54,1478),
			(15,55,1237),
			(15,56,1311),
			(15,57,989),
			(15,58,802),
			(15,59,898),
			(15,60,1003),
			(15,61,932),
			(15,62,1069),
			(15,63,883),
			(15,64,1009),
			(15,65,714),
			(15,66,1425),
			(15,67,1246),
			(16,1,829),
			(16,2,980),
			(16,3,746),
			(16,4,755),
			(16,5,1266),
			(16,6,999),
			(16,7,1414),
			(16,8,829),
			(16,9,1353),
			(16,10,1470),
			(16,11,1202),
			(16,12,805),
			(16,13,712),
			(16,14,1287),
			(16,15,991),
			(16,16,1180),
			(16,17,1190),
			(16,18,1151),
			(16,19,1048),
			(16,20,888),
			(16,21,752),
			(16,22,958),
			(16,23,1189),
			(16,24,816),
			(16,25,766),
			(16,26,1110),
			(16,27,1203),
			(16,28,775),
			(16,29,1290),
			(16,30,1344),
			(16,31,1402),
			(16,32,754),
			(16,33,855),
			(16,34,852),
			(16,35,1276),
			(16,36,1011),
			(16,37,787),
			(16,38,954),
			(16,39,821),
			(16,40,1271),
			(16,41,1482),
			(16,42,1126),
			(16,43,1320),
			(16,44,1310),
			(16,45,1333),
			(16,46,931),
			(16,47,1494),
			(16,48,1235),
			(16,49,1089),
			(16,50,1161),
			(16,51,1153),
			(16,52,1004),
			(16,53,1302),
			(16,54,1139),
			(16,55,1012),
			(16,56,1282),
			(16,57,1335),
			(16,58,761),
			(16,59,1324),
			(16,60,1457),
			(16,61,801),
			(16,62,1481),
			(16,63,912),
			(16,64,1340),
			(16,65,916),
			(16,66,970),
			(16,67,1376),
			(17,1,783),
			(17,2,860),
			(17,3,945),
			(17,4,877),
			(17,5,1265),
			(17,6,776),
			(17,7,860),
			(17,8,702),
			(17,9,1118),
			(17,10,1161),
			(17,11,1405),
			(17,12,1308),
			(17,13,1181),
			(17,14,998),
			(17,15,733),
			(17,16,937),
			(17,17,995),
			(17,18,1423),
			(17,19,989),
			(17,20,1419),
			(17,21,1164),
			(17,22,772),
			(17,23,1403),
			(17,24,939),
			(17,25,970),
			(17,26,1340),
			(17,27,1303),
			(17,28,1377),
			(17,29,902),
			(17,30,1135),
			(17,31,817),
			(17,32,1257),
			(17,33,930),
			(17,34,1363),
			(17,35,852),
			(17,36,972),
			(17,37,845),
			(17,38,773),
			(17,39,761),
			(17,40,869),
			(17,41,1014),
			(17,42,1309),
			(17,43,1466),
			(17,44,1282),
			(17,45,995),
			(17,46,1149),
			(17,47,827),
			(17,48,1179),
			(17,49,1405),
			(17,50,1011),
			(17,51,1416),
			(17,52,1112),
			(17,53,978),
			(17,54,1212),
			(17,55,1252),
			(17,56,1205),
			(17,57,1148),
			(17,58,782),
			(17,59,1312),
			(17,60,740),
			(17,61,1142),
			(17,62,1452),
			(17,63,1030),
			(17,64,1318),
			(17,65,956),
			(17,66,726),
			(17,67,793),
			(18,1,934),
			(18,2,1390),
			(18,3,1289),
			(18,4,1301),
			(18,5,721),
			(18,6,1483),
			(18,7,1388),
			(18,8,975),
			(18,9,1290),
			(18,10,741),
			(18,11,1481),
			(18,12,1474),
			(18,13,879),
			(18,14,1181),
			(18,15,1231),
			(18,16,1367),
			(18,17,1152),
			(18,18,984),
			(18,19,885),
			(18,20,1299),
			(18,21,1146),
			(18,22,1350),
			(18,23,1203),
			(18,24,793),
			(18,25,1181),
			(18,26,1056),
			(18,27,1118),
			(18,28,1041),
			(18,29,1028),
			(18,30,1386),
			(18,31,807),
			(18,32,864),
			(18,33,1037),
			(18,34,1121),
			(18,35,1410),
			(18,36,1207),
			(18,37,995),
			(18,38,1378),
			(18,39,1110),
			(18,40,1478),
			(18,41,1263),
			(18,42,737),
			(18,43,1165),
			(18,44,790),
			(18,45,1022),
			(18,46,958),
			(18,47,1031),
			(18,48,818),
			(18,49,1491),
			(18,50,1113),
			(18,51,1226),
			(18,52,701),
			(18,53,1373),
			(18,54,1255),
			(18,55,1173),
			(18,56,1123),
			(18,57,755),
			(18,58,892),
			(18,59,1230),
			(18,60,1070),
			(18,61,1337),
			(18,62,1474),
			(18,63,1210),
			(18,64,1340),
			(18,65,1152),
			(18,66,1478),
			(18,67,752),
			(19,1,908),
			(19,2,973),
			(19,3,1262),
			(19,4,834),
			(19,5,994),
			(19,6,1148),
			(19,7,1415),
			(19,8,1196),
			(19,9,824),
			(19,10,729),
			(19,11,1345),
			(19,12,1323),
			(19,13,945),
			(19,14,1426),
			(19,15,862),
			(19,16,1018),
			(19,17,1264),
			(19,18,714),
			(19,19,1265),
			(19,20,1117),
			(19,21,795),
			(19,22,930),
			(19,23,816),
			(19,24,1172),
			(19,25,820),
			(19,26,1363),
			(19,27,857),
			(19,28,1210),
			(19,29,1433),
			(19,30,998),
			(19,31,1221),
			(19,32,1422),
			(19,33,979),
			(19,34,1125),
			(19,35,1194),
			(19,36,1183),
			(19,37,949),
			(19,38,1167),
			(19,39,1264),
			(19,40,848),
			(19,41,1092),
			(19,42,895),
			(19,43,1313),
			(19,44,1220),
			(19,45,1464),
			(19,46,839),
			(19,47,771),
			(19,48,982),
			(19,49,1491),
			(19,50,1124),
			(19,51,1048),
			(19,52,1219),
			(19,53,973),
			(19,54,702),
			(19,55,989),
			(19,56,1443),
			(19,57,1005),
			(19,58,1301),
			(19,59,1293),
			(19,60,1375),
			(19,61,1201),
			(19,62,852),
			(19,63,1157),
			(19,64,1251),
			(19,65,1195),
			(19,66,1053),
			(19,67,1040),
			(20,1,1265),
			(20,2,1481),
			(20,3,1256),
			(20,4,1086),
			(20,5,1166),
			(20,6,1029),
			(20,7,893),
			(20,8,1414),
			(20,9,944),
			(20,10,1285),
			(20,11,1092),
			(20,12,939),
			(20,13,1494),
			(20,14,1120),
			(20,15,744),
			(20,16,1025),
			(20,17,1462),
			(20,18,1184),
			(20,19,1422),
			(20,20,1090),
			(20,21,1095),
			(20,22,1379),
			(20,23,1367),
			(20,24,855),
			(20,25,1207),
			(20,26,737),
			(20,27,829),
			(20,28,1214),
			(20,29,1304),
			(20,30,1039),
			(20,31,802),
			(20,32,1150),
			(20,33,802),
			(20,34,1238),
			(20,35,1167),
			(20,36,715),
			(20,37,1439),
			(20,38,847),
			(20,39,1119),
			(20,40,1370),
			(20,41,858),
			(20,42,776),
			(20,43,1180),
			(20,44,1500),
			(20,45,971),
			(20,46,1046),
			(20,47,1338),
			(20,48,1409),
			(20,49,1107),
			(20,50,1365),
			(20,51,782),
			(20,52,1036),
			(20,53,1390),
			(20,54,1246),
			(20,55,1089),
			(20,56,1024),
			(20,57,1341),
			(20,58,1435),
			(20,59,1477),
			(20,60,1199),
			(20,61,1254),
			(20,62,736),
			(20,63,1332),
			(20,64,770),
			(20,65,940),
			(20,66,1346),
			(20,67,1400);

INSERT INTO
	appointment_stock
		(appointment_id, stock_id, amount_used) VALUES
			(1,65,10),
			(1,66,1),
			(1,67,1),
			(2,65,10),
			(2,66,1),
			(2,67,1),
			(3,65,10),
			(3,66,1),
			(3,67,1),
			(4,65,10),
			(4,66,1),
			(4,67,1),
			(5,65,10),
			(5,66,1),
			(5,67,1),
			(6,65,10),
			(6,66,1),
			(6,67,1),
			(7,65,10),
			(7,66,1),
			(7,67,1),
			(8,50,2),
			(8,51,1),
			(9,50,2),
			(9,51,1),
			(10,50,2),
			(10,51,1),
			(11,50,2),
			(11,51,1),
			(12,50,2),
			(12,51,1),
			(13,50,2),
			(13,51,1),
			(14,50,2),
			(14,51,1),
			(15,50,2),
			(15,51,1),
			(16,50,2),
			(16,51,1),
			(17,50,2),
			(17,51,1),
			(18,50,2),
			(18,51,1),
			(19,50,2),
			(19,51,1),
			(20,48,1),
			(20,49,1),
			(20,11,1),
			(21,48,1),
			(21,49,1),
			(21,11,1),
			(22,48,1),
			(22,49,1),
			(22,11,1),
			(23,48,1),
			(23,49,1),
			(23,11,1),
			(24,47,1),
			(24,49,1),
			(24,52,1),
			(24,11,1),
			(25,47,1),
			(25,49,1),
			(25,52,1),
			(25,11,1),
			(26,47,1),
			(26,49,1),
			(26,52,1),
			(26,11,1),
			(27,47,1),
			(27,49,1),
			(27,52,1),
			(27,11,1),
			(28,47,1),
			(28,49,1),
			(28,52,1),
			(28,53,1),
			(28,11,1),
			(29,47,1),
			(29,49,1),
			(29,52,1),
			(29,53,1),
			(29,11,1),
			(30,47,1),
			(30,49,1),
			(30,52,1),
			(30,53,1),
			(30,11,1),
			(31,47,1),
			(31,49,1),
			(31,52,1),
			(31,53,1),
			(31,11,1),
			(32,52,1),
			(32,53,1),
			(32,54,1),
			(33,52,1),
			(33,53,1),
			(33,54,1),
			(34,52,1),
			(34,53,1),
			(34,54,1),
			(35,9,1),
			(35,10,1),
			(35,11,2),
			(35,15,1),
			(35,16,1),
			(35,13,1),
			(35,14,1),
			(36,9,1),
			(36,10,1),
			(36,11,2),
			(36,15,1),
			(36,16,1),
			(36,13,1),
			(36,14,1),
			(37,9,1),
			(37,10,1),
			(37,11,2),
			(37,15,1),
			(37,16,1),
			(37,13,1),
			(37,14,1),
			(38,9,1),
			(38,10,1),
			(38,11,2),
			(38,15,1),
			(38,16,1),
			(38,13,1),
			(38,14,1),
			(39,9,1),
			(39,10,1),
			(39,11,2),
			(39,15,1),
			(39,16,1),
			(39,13,1),
			(39,14,1),
			(40,55,1),
			(40,56,1),
			(40,58,1),
			(40,62,1),
			(40,64,1),
			(41,55,1),
			(41,56,1),
			(41,58,1),
			(41,62,1),
			(41,64,1),
			(42,55,1),
			(42,56,1),
			(42,58,1),
			(42,62,1),
			(42,64,1),
			(43,55,1),
			(43,56,1),
			(43,58,1),
			(43,62,1),
			(43,64,1),
			(44,55,1),
			(44,56,1),
			(44,58,1),
			(44,62,1),
			(44,64,1),
			(45,65,10),
			(45,66,1),
			(45,67,1),
			(46,65,10),
			(46,66,1),
			(46,67,1),
			(47,65,10),
			(47,66,1),
			(47,67,1),
			(48,65,10),
			(48,66,1),
			(48,67,1),
			(49,65,10),
			(49,66,1),
			(49,67,1),
			(50,65,10),
			(50,66,1),
			(50,67,1),
			(51,50,2),
			(51,51,1),
			(52,50,2),
			(52,51,1),
			(53,50,2),
			(53,51,1),
			(54,50,2),
			(54,51,1),
			(55,50,2),
			(55,51,1),
			(56,50,2),
			(56,51,1),
			(57,50,2),
			(57,51,1),
			(58,50,2),
			(58,51,1),
			(59,50,2),
			(59,51,1),
			(60,50,2),
			(60,51,1),
			(61,50,2),
			(61,51,1),
			(62,50,2),
			(62,51,1),
			(63,48,1),
			(63,49,1),
			(63,11,1),
			(64,48,1),
			(64,49,1),
			(64,11,1),
			(65,48,1),
			(65,49,1),
			(65,11,1),
			(66,47,1),
			(66,49,1),
			(66,52,1),
			(66,11,1),
			(67,47,1),
			(67,49,1),
			(67,52,1),
			(67,11,1),
			(68,47,1),
			(68,49,1),
			(68,52,1),
			(68,11,1),
			(69,47,1),
			(69,49,1),
			(69,52,1),
			(69,53,1),
			(69,11,1),
			(70,47,1),
			(70,49,1),
			(70,52,1),
			(70,53,1),
			(70,11,1),
			(71,52,1),
			(71,53,1),
			(71,54,1),
			(72,52,1),
			(72,53,1),
			(72,54,1),
			(73,52,1),
			(73,53,1),
			(73,54,1),
			(74,9,1),
			(74,10,1),
			(74,11,2),
			(74,15,1),
			(74,16,1),
			(74,13,1),
			(74,14,1),
			(75,9,1),
			(75,10,1),
			(75,11,2),
			(75,15,1),
			(75,16,1),
			(75,13,1),
			(75,14,1),
			(76,9,1),
			(76,10,1),
			(76,11,2),
			(76,15,1),
			(76,16,1),
			(76,13,1),
			(76,14,1),
			(77,9,1),
			(77,10,1),
			(77,11,2),
			(77,15,1),
			(77,16,1),
			(77,13,1),
			(77,14,1),
			(78,9,1),
			(78,10,1),
			(78,11,2),
			(78,15,1),
			(78,16,1),
			(78,13,1),
			(78,14,1),
			(79,55,1),
			(79,56,1),
			(79,58,1),
			(79,62,1),
			(79,64,1),
			(80,55,1),
			(80,56,1),
			(80,58,1),
			(80,62,1),
			(80,64,1),
			(81,55,1),
			(81,56,1),
			(81,58,1),
			(81,62,1),
			(81,64,1),
			(82,65,10),
			(82,66,1),
			(82,67,1),
			(83,65,10),
			(83,66,1),
			(83,67,1),
			(84,65,10),
			(84,66,1),
			(84,67,1),
			(85,65,10),
			(85,66,1),
			(85,67,1),
			(86,65,10),
			(86,66,1),
			(86,67,1),
			(87,50,2),
			(87,51,1),
			(88,50,2),
			(88,51,1),
			(89,50,2),
			(89,51,1),
			(90,50,2),
			(90,51,1),
			(91,50,2),
			(91,51,1),
			(92,50,2),
			(92,51,1),
			(93,50,2),
			(93,51,1),
			(94,50,2),
			(94,51,1),
			(95,50,2),
			(95,51,1),
			(96,50,2),
			(96,51,1),
			(97,48,1),
			(97,49,1),
			(97,11,1),
			(98,48,1),
			(98,49,1),
			(98,11,1),
			(99,48,1),
			(99,49,1),
			(99,11,1),
			(100,47,1),
			(100,49,1),
			(100,52,1),
			(100,11,1),
			(101,65,10),
			(101,66,1),
			(101,67,1),
			(102,65,10),
			(102,66,1),
			(102,67,1),
			(103,65,10),
			(103,66,1),
			(103,67,1),
			(104,65,10),
			(104,66,1),
			(104,67,1),
			(105,65,10),
			(105,66,1),
			(105,67,1),
			(106,65,10),
			(106,66,1),
			(106,67,1),
			(107,65,10),
			(107,66,1),
			(107,67,1),
			(108,50,2),
			(108,51,1),
			(109,50,2),
			(109,51,1),
			(110,50,2),
			(110,51,1),
			(111,50,2),
			(111,51,1),
			(112,50,2),
			(112,51,1),
			(113,50,2),
			(113,51,1),
			(114,50,2),
			(114,51,1),
			(115,50,2),
			(115,51,1),
			(116,50,2),
			(116,51,1),
			(117,50,2),
			(117,51,1),
			(118,50,2),
			(118,51,1),
			(119,50,2),
			(119,51,1),
			(120,48,1),
			(120,49,1),
			(120,11,1),
			(121,48,1),
			(121,49,1),
			(121,11,1),
			(122,48,1),
			(122,49,1),
			(122,11,1),
			(123,48,1),
			(123,49,1),
			(123,11,1),
			(124,47,1),
			(124,49,1),
			(124,52,1),
			(124,11,1),
			(125,47,1),
			(125,49,1),
			(125,52,1),
			(125,11,1),
			(126,47,1),
			(126,49,1),
			(126,52,1),
			(126,11,1),
			(127,47,1),
			(127,49,1),
			(127,52,1),
			(127,11,1),
			(128,47,1),
			(128,49,1),
			(128,52,1),
			(128,53,1),
			(128,11,1),
			(129,47,1),
			(129,49,1),
			(129,52,1),
			(129,53,1),
			(129,11,1),
			(130,47,1),
			(130,49,1),
			(130,52,1),
			(130,53,1),
			(130,11,1),
			(131,47,1),
			(131,49,1),
			(131,52,1),
			(131,53,1),
			(131,11,1),
			(132,52,1),
			(132,53,1),
			(132,54,1),
			(133,52,1),
			(133,53,1),
			(133,54,1),
			(134,52,1),
			(134,53,1),
			(134,54,1),
			(135,9,1),
			(135,10,1),
			(135,11,2),
			(135,15,1),
			(135,16,1),
			(135,13,1),
			(135,14,1),
			(136,9,1),
			(136,10,1),
			(136,11,2),
			(136,15,1),
			(136,16,1),
			(136,13,1),
			(136,14,1),
			(137,9,1),
			(137,10,1),
			(137,11,2),
			(137,15,1),
			(137,16,1),
			(137,13,1),
			(137,14,1),
			(138,9,1),
			(138,10,1),
			(138,11,2),
			(138,15,1),
			(138,16,1),
			(138,13,1),
			(138,14,1),
			(139,9,1),
			(139,10,1),
			(139,11,2),
			(139,15,1),
			(139,16,1),
			(139,13,1),
			(139,14,1),
			(140,55,1),
			(140,56,1),
			(140,58,1),
			(140,62,1),
			(140,64,1),
			(141,55,1),
			(141,56,1),
			(141,58,1),
			(141,62,1),
			(141,64,1),
			(142,55,1),
			(142,56,1),
			(142,58,1),
			(142,62,1),
			(142,64,1),
			(143,55,1),
			(143,56,1),
			(143,58,1),
			(143,62,1),
			(143,64,1),
			(144,55,1),
			(144,56,1),
			(144,58,1),
			(144,62,1),
			(144,64,1),
			(145,65,10),
			(145,66,1),
			(145,67,1),
			(146,65,10),
			(146,66,1),
			(146,67,1),
			(147,65,10),
			(147,66,1),
			(147,67,1),
			(148,65,10),
			(148,66,1),
			(148,67,1),
			(149,65,10),
			(149,66,1),
			(149,67,1),
			(150,65,10),
			(150,66,1),
			(150,67,1),
			(151,50,2),
			(151,51,1),
			(152,50,2),
			(152,51,1),
			(153,50,2),
			(153,51,1),
			(154,50,2),
			(154,51,1),
			(155,50,2),
			(155,51,1),
			(156,50,2),
			(156,51,1),
			(157,50,2),
			(157,51,1),
			(158,50,2),
			(158,51,1),
			(159,50,2),
			(159,51,1),
			(160,50,2),
			(160,51,1),
			(161,48,1),
			(161,49,1),
			(161,11,1),
			(162,48,1),
			(162,49,1),
			(162,11,1),
			(163,48,1),
			(163,49,1),
			(163,11,1),
			(164,47,1),
			(164,49,1),
			(164,52,1),
			(164,11,1),
			(165,47,1),
			(165,49,1),
			(165,52,1),
			(165,11,1),
			(166,47,1),
			(166,49,1),
			(166,52,1),
			(166,11,1),
			(167,47,1),
			(167,49,1),
			(167,52,1),
			(167,11,1),
			(168,47,1),
			(168,49,1),
			(168,52,1),
			(168,53,1),
			(168,11,1),
			(169,47,1),
			(169,49,1),
			(169,52,1),
			(169,53,1),
			(169,11,1),
			(170,47,1),
			(170,49,1),
			(170,52,1),
			(170,53,1),
			(170,11,1),
			(171,52,1),
			(171,53,1),
			(171,54,1),
			(172,52,1),
			(172,53,1),
			(172,54,1),
			(173,52,1),
			(173,53,1),
			(173,54,1),
			(174,9,1),
			(174,10,1),
			(174,11,2),
			(174,15,1),
			(174,16,1),
			(174,13,1),
			(174,14,1),
			(175,9,1),
			(175,10,1),
			(175,11,2),
			(175,15,1),
			(175,16,1),
			(175,13,1),
			(175,14,1),
			(176,9,1),
			(176,10,1),
			(176,11,2),
			(176,15,1),
			(176,16,1),
			(176,13,1),
			(176,14,1),
			(177,9,1),
			(177,10,1),
			(177,11,2),
			(177,15,1),
			(177,16,1),
			(177,13,1),
			(177,14,1),
			(178,9,1),
			(178,10,1),
			(178,11,2),
			(178,15,1),
			(178,16,1),
			(178,13,1),
			(178,14,1),
			(179,55,1),
			(179,56,1),
			(179,58,1),
			(179,62,1),
			(179,64,1),
			(180,55,1),
			(180,56,1),
			(180,58,1),
			(180,62,1),
			(180,64,1),
			(181,55,1),
			(181,56,1),
			(181,58,1),
			(181,62,1),
			(181,64,1),
			(182,65,10),
			(182,66,1),
			(182,67,1),
			(183,65,10),
			(183,66,1),
			(183,67,1),
			(184,65,10),
			(184,66,1),
			(184,67,1),
			(185,65,10),
			(185,66,1),
			(185,67,1),
			(186,65,10),
			(186,66,1),
			(186,67,1),
			(187,50,2),
			(187,51,1),
			(188,50,2),
			(188,51,1),
			(189,50,2),
			(189,51,1),
			(190,50,2),
			(190,51,1),
			(191,50,2),
			(191,51,1),
			(192,50,2),
			(192,51,1),
			(193,50,2),
			(193,51,1),
			(194,50,2),
			(194,51,1),
			(195,50,2),
			(195,51,1),
			(196,50,2),
			(196,51,1),
			(197,48,1),
			(197,49,1),
			(197,11,1),
			(198,48,1),
			(198,49,1),
			(198,11,1),
			(199,48,1),
			(199,49,1),
			(199,11,1),
			(200,47,1),
			(200,49,1),
			(200,52,1),
			(200,11,1),
			(201,65,10),
			(201,66,1),
			(201,67,1),
			(202,65,10),
			(202,66,1),
			(202,67,1),
			(203,65,10),
			(203,66,1),
			(203,67,1),
			(204,65,10),
			(204,66,1),
			(204,67,1),
			(205,65,10),
			(205,66,1),
			(205,67,1),
			(206,65,10),
			(206,66,1),
			(206,67,1),
			(207,50,2),
			(207,51,1),
			(208,50,2),
			(208,51,1),
			(209,50,2),
			(209,51,1),
			(210,50,2),
			(210,51,1),
			(211,50,2),
			(211,51,1),
			(212,50,2),
			(212,51,1),
			(213,50,2),
			(213,51,1),
			(214,50,2),
			(214,51,1),
			(215,50,2),
			(215,51,1),
			(216,50,2),
			(216,51,1),
			(217,48,1),
			(217,49,1),
			(217,11,1),
			(218,48,1),
			(218,49,1),
			(218,11,1),
			(219,48,1),
			(219,49,1),
			(219,11,1),
			(220,47,1),
			(220,49,1),
			(220,52,1),
			(220,11,1),
			(221,47,1),
			(221,49,1),
			(221,52,1),
			(221,11,1),
			(222,47,1),
			(222,49,1),
			(222,52,1),
			(222,11,1),
			(223,47,1),
			(223,49,1),
			(223,52,1),
			(223,11,1),
			(224,47,1),
			(224,49,1),
			(224,52,1),
			(224,53,1),
			(224,11,1),
			(225,47,1),
			(225,49,1),
			(225,52,1),
			(225,53,1),
			(225,11,1),
			(226,47,1),
			(226,49,1),
			(226,52,1),
			(226,53,1),
			(226,11,1),
			(227,47,1),
			(227,49,1),
			(227,52,1),
			(227,53,1),
			(227,11,1),
			(228,52,1),
			(228,53,1),
			(228,54,1),
			(229,52,1),
			(229,53,1),
			(229,54,1),
			(230,52,1),
			(230,53,1),
			(230,54,1),
			(231,9,1),
			(231,10,1),
			(231,11,2),
			(231,15,1),
			(231,16,1),
			(231,13,1),
			(231,14,1),
			(232,9,1),
			(232,10,1),
			(232,11,2),
			(232,15,1),
			(232,16,1),
			(232,13,1),
			(232,14,1),
			(233,9,1),
			(233,10,1),
			(233,11,2),
			(233,15,1),
			(233,16,1),
			(233,13,1),
			(233,14,1),
			(234,9,1),
			(234,10,1),
			(234,11,2),
			(234,15,1),
			(234,16,1),
			(234,13,1),
			(234,14,1),
			(235,9,1),
			(235,10,1),
			(235,11,2),
			(235,15,1),
			(235,16,1),
			(235,13,1),
			(235,14,1),
			(236,55,1),
			(236,56,1),
			(236,58,1),
			(236,62,1),
			(236,64,1),
			(237,55,1),
			(237,56,1),
			(237,58,1),
			(237,62,1),
			(237,64,1),
			(238,55,1),
			(238,56,1),
			(238,58,1),
			(238,62,1),
			(238,64,1),
			(239,55,1),
			(239,56,1),
			(239,58,1),
			(239,62,1),
			(239,64,1),
			(240,55,1),
			(240,56,1),
			(240,58,1),
			(240,62,1),
			(240,64,1),
			(241,65,10),
			(241,66,1),
			(241,67,1),
			(242,65,10),
			(242,66,1),
			(242,67,1),
			(243,65,10),
			(243,66,1),
			(243,67,1),
			(244,65,10),
			(244,66,1),
			(244,67,1),
			(245,65,10),
			(245,66,1),
			(245,67,1),
			(246,65,10),
			(246,66,1),
			(246,67,1),
			(247,50,2),
			(247,51,1),
			(248,50,2),
			(248,51,1),
			(249,50,2),
			(249,51,1),
			(250,50,2),
			(250,51,1),
			(251,50,2),
			(251,51,1),
			(252,50,2),
			(252,51,1),
			(253,50,2),
			(253,51,1),
			(254,50,2),
			(254,51,1),
			(255,50,2),
			(255,51,1),
			(256,50,2),
			(256,51,1),
			(257,48,1),
			(257,49,1),
			(257,11,1),
			(258,48,1),
			(258,49,1),
			(258,11,1),
			(259,48,1),
			(259,49,1),
			(259,11,1),
			(260,47,1),
			(260,49,1),
			(260,52,1),
			(260,11,1),
			(261,47,1),
			(261,49,1),
			(261,52,1),
			(261,11,1),
			(262,47,1),
			(262,49,1),
			(262,52,1),
			(262,11,1),
			(263,47,1),
			(263,49,1),
			(263,52,1),
			(263,11,1),
			(264,47,1),
			(264,49,1),
			(264,52,1),
			(264,53,1),
			(264,11,1),
			(265,47,1),
			(265,49,1),
			(265,52,1),
			(265,53,1),
			(265,11,1),
			(266,47,1),
			(266,49,1),
			(266,52,1),
			(266,53,1),
			(266,11,1),
			(267,52,1),
			(267,53,1),
			(267,54,1),
			(268,52,1),
			(268,53,1),
			(268,54,1),
			(269,52,1),
			(269,53,1),
			(269,54,1),
			(270,9,1),
			(270,10,1),
			(270,11,2),
			(270,15,1),
			(270,16,1),
			(270,13,1),
			(270,14,1),
			(271,9,1),
			(271,10,1),
			(271,11,2),
			(271,15,1),
			(271,16,1),
			(271,13,1),
			(271,14,1),
			(272,9,1),
			(272,10,1),
			(272,11,2),
			(272,15,1),
			(272,16,1),
			(272,13,1),
			(272,14,1),
			(273,9,1),
			(273,10,1),
			(273,11,2),
			(273,15,1),
			(273,16,1),
			(273,13,1),
			(273,14,1),
			(274,9,1),
			(274,10,1),
			(274,11,2),
			(274,15,1),
			(274,16,1),
			(274,13,1),
			(274,14,1),
			(275,55,1),
			(275,56,1),
			(275,58,1),
			(275,62,1),
			(275,64,1),
			(276,55,1),
			(276,56,1),
			(276,58,1),
			(276,62,1),
			(276,64,1),
			(277,55,1),
			(277,56,1),
			(277,58,1),
			(277,62,1),
			(277,64,1),
			(278,65,10),
			(278,66,1),
			(278,67,1),
			(279,65,10),
			(279,66,1),
			(279,67,1),
			(280,65,10),
			(280,66,1),
			(280,67,1),
			(281,65,10),
			(281,66,1),
			(281,67,1),
			(282,65,10),
			(282,66,1),
			(282,67,1),
			(283,50,2),
			(283,51,1),
			(284,50,2),
			(284,51,1),
			(285,50,2),
			(285,51,1),
			(286,50,2),
			(286,51,1),
			(287,50,2),
			(287,51,1),
			(288,50,2),
			(288,51,1),
			(289,50,2),
			(289,51,1),
			(290,50,2),
			(290,51,1),
			(291,50,2),
			(291,51,1),
			(292,50,2),
			(292,51,1),
			(293,48,1),
			(293,49,1),
			(293,11,1),
			(294,48,1),
			(294,49,1),
			(294,11,1),
			(295,48,1),
			(295,49,1),
			(295,11,1),
			(296,47,1),
			(296,49,1),
			(296,52,1),
			(296,11,1),
			(297,47,1),
			(297,49,1),
			(297,52,1),
			(297,11,1),
			(298,47,1),
			(298,49,1),
			(298,52,1),
			(298,11,1),
			(299,47,1),
			(299,49,1),
			(299,52,1),
			(299,11,1),
			(300,47,1),
			(300,49,1),
			(300,52,1),
			(300,53,1),
			(300,11,1),
			(301,47,1),
			(301,49,1),
			(301,52,1),
			(301,53,1),
			(301,11,1),
			(302,47,1),
			(302,49,1),
			(302,52,1),
			(302,53,1),
			(302,11,1),
			(303,47,1),
			(303,49,1),
			(303,52,1),
			(303,11,1),
			(304,47,1),
			(304,49,1),
			(304,52,1),
			(304,11,1),
			(305,47,1),
			(305,49,1),
			(305,52,1),
			(305,11,1),
			(306,52,1),
			(306,53,1),
			(306,54,1),
			(307,52,1),
			(307,53,1),
			(307,54,1),
			(308,52,1),
			(308,53,1),
			(308,54,1),
			(309,9,1),
			(309,10,1),
			(309,11,2),
			(309,15,1),
			(309,16,1),
			(309,13,1),
			(309,14,1),
			(310,9,1),
			(310,10,1),
			(310,11,2),
			(310,15,1),
			(310,16,1),
			(310,13,1),
			(310,14,1),
			(311,9,1),
			(311,10,1),
			(311,11,2),
			(311,15,1),
			(311,16,1),
			(311,13,1),
			(311,14,1),
			(312,9,1),
			(312,10,1),
			(312,11,2),
			(312,15,1),
			(312,16,1),
			(312,13,1),
			(312,14,1),
			(313,9,1),
			(313,10,1),
			(313,11,2),
			(313,15,1),
			(313,16,1),
			(313,13,1),
			(313,14,1),
			(314,55,1),
			(314,56,1),
			(314,58,1),
			(314,62,1),
			(314,64,1),
			(315,55,1),
			(315,56,1),
			(315,58,1),
			(315,62,1),
			(315,64,1),
			(316,55,1),
			(316,56,1),
			(316,58,1),
			(316,62,1),
			(316,64,1),
			(317,55,1),
			(317,56,1),
			(317,58,1),
			(317,62,1),
			(317,64,1),
			(318,55,1),
			(318,56,1),
			(318,58,1),
			(318,62,1),
			(318,64,1),
			(319,65,10),
			(319,66,1),
			(319,67,1),
			(320,65,10),
			(320,66,1),
			(320,67,1),
			(321,65,10),
			(321,66,1),
			(321,67,1),
			(322,65,10),
			(322,66,1),
			(322,67,1),
			(323,65,10),
			(323,66,1),
			(323,67,1),
			(324,65,10),
			(324,66,1),
			(324,67,1),
			(325,50,2),
			(325,51,1),
			(326,50,2),
			(326,51,1),
			(327,50,2),
			(327,51,1),
			(328,50,2),
			(328,51,1),
			(329,50,2),
			(329,51,1),
			(330,50,2),
			(330,51,1),
			(331,50,2),
			(331,51,1),
			(332,50,2),
			(332,51,1),
			(333,50,2),
			(333,51,1),
			(334,50,2),
			(334,51,1),
			(335,48,1),
			(335,49,1),
			(335,11,1),
			(336,48,1),
			(336,49,1),
			(336,11,1),
			(337,48,1),
			(337,49,1),
			(337,11,1),
			(338,47,1),
			(338,49,1),
			(338,52,1),
			(338,11,1),
			(339,47,1),
			(339,49,1),
			(339,52,1),
			(339,11,1),
			(340,47,1),
			(340,49,1),
			(340,52,1),
			(340,11,1),
			(341,47,1),
			(341,49,1),
			(341,52,1),
			(341,11,1),
			(342,47,1),
			(342,49,1),
			(342,52,1),
			(342,53,1),
			(342,11,1),
			(343,47,1),
			(343,49,1),
			(343,52,1),
			(343,53,1),
			(343,11,1),
			(344,47,1),
			(344,49,1),
			(344,52,1),
			(344,53,1),
			(344,11,1),
			(345,52,1),
			(345,53,1),
			(345,54,1),
			(346,52,1),
			(346,53,1),
			(346,54,1),
			(347,52,1),
			(347,53,1),
			(347,54,1),
			(348,9,1),
			(348,10,1),
			(348,11,2),
			(348,15,1),
			(348,16,1),
			(348,13,1),
			(348,14,1),
			(349,9,1),
			(349,10,1),
			(349,11,2),
			(349,15,1),
			(349,16,1),
			(349,13,1),
			(349,14,1),
			(350,9,1),
			(350,10,1),
			(350,11,2),
			(350,15,1),
			(350,16,1),
			(350,13,1),
			(350,14,1),
			(351,9,1),
			(351,10,1),
			(351,11,2),
			(351,15,1),
			(351,16,1),
			(351,13,1),
			(351,14,1),
			(352,9,1),
			(352,10,1),
			(352,11,2),
			(352,15,1),
			(352,16,1),
			(352,13,1),
			(352,14,1),
			(353,55,1),
			(353,56,1),
			(353,58,1),
			(353,62,1),
			(353,64,1),
			(354,55,1),
			(354,56,1),
			(354,58,1),
			(354,62,1),
			(354,64,1),
			(355,55,1),
			(355,56,1),
			(355,58,1),
			(355,62,1),
			(355,64,1),
			(356,65,10),
			(356,66,1),
			(356,67,1),
			(357,65,10),
			(357,66,1),
			(357,67,1),
			(358,65,10),
			(358,66,1),
			(358,67,1),
			(359,65,10),
			(359,66,1),
			(359,67,1),
			(360,65,10),
			(360,66,1),
			(360,67,1),
			(361,50,2),
			(361,51,1),
			(362,50,2),
			(362,51,1),
			(363,50,2),
			(363,51,1),
			(364,50,2),
			(364,51,1),
			(365,50,2),
			(365,51,1),
			(366,50,2),
			(366,51,1),
			(367,48,1),
			(367,49,1),
			(367,11,1),
			(368,48,1),
			(368,49,1),
			(368,11,1),
			(369,48,1),
			(369,49,1),
			(369,11,1),
			(370,47,1),
			(370,49,1),
			(370,52,1),
			(370,11,1),
			(371,47,1),
			(371,49,1),
			(371,52,1),
			(371,11,1),
			(372,47,1),
			(372,49,1),
			(372,52,1),
			(372,11,1),
			(373,47,1),
			(373,49,1),
			(373,52,1),
			(373,11,1),
			(374,47,1),
			(374,49,1),
			(374,52,1),
			(374,53,1),
			(374,11,1),
			(375,47,1),
			(375,49,1),
			(375,52,1),
			(375,53,1),
			(375,11,1),
			(376,47,1),
			(376,49,1),
			(376,52,1),
			(376,53,1),
			(376,11,1),
			(377,52,1),
			(377,53,1),
			(377,54,1),
			(378,52,1),
			(378,53,1),
			(378,54,1),
			(379,52,1),
			(379,53,1),
			(379,54,1),
			(380,9,1),
			(380,10,1),
			(380,11,2),
			(380,15,1),
			(380,16,1),
			(380,13,1),
			(380,14,1),
			(381,9,1),
			(381,10,1),
			(381,11,2),
			(381,15,1),
			(381,16,1),
			(381,13,1),
			(381,14,1),
			(382,9,1),
			(382,10,1),
			(382,11,2),
			(382,15,1),
			(382,16,1),
			(382,13,1),
			(382,14,1),
			(383,9,1),
			(383,10,1),
			(383,11,2),
			(383,15,1),
			(383,16,1),
			(383,13,1),
			(383,14,1),
			(384,9,1),
			(384,10,1),
			(384,11,2),
			(384,15,1),
			(384,16,1),
			(384,13,1),
			(384,14,1),
			(385,55,1),
			(385,56,1),
			(385,58,1),
			(385,62,1),
			(385,64,1),
			(386,55,1),
			(386,56,1),
			(386,58,1),
			(386,62,1),
			(386,64,1),
			(387,55,1),
			(387,56,1),
			(387,58,1),
			(387,62,1),
			(387,64,1),
			(388,65,10),
			(388,66,1),
			(388,67,1),
			(389,65,10),
			(389,66,1),
			(389,67,1),
			(390,65,10),
			(390,66,1),
			(390,67,1),
			(391,65,10),
			(391,66,1),
			(391,67,1),
			(392,65,10),
			(392,66,1),
			(392,67,1),
			(393,50,2),
			(393,51,1),
			(394,50,2),
			(394,51,1),
			(395,50,2),
			(395,51,1),
			(396,50,2),
			(396,51,1),
			(397,50,2),
			(397,51,1),
			(398,50,2),
			(398,51,1),
			(399,48,1),
			(399,49,1),
			(399,11,1),
			(400,48,1),
			(400,49,1),
			(400,11,1),
			(401,47,1),
			(401,49,1),
			(401,52,1),
			(401,11,1),
			(402,47,1),
			(402,49,1),
			(402,52,1),
			(402,11,1),
			(403,47,1),
			(403,49,1),
			(403,52,1),
			(403,11,1),
			(404,47,1),
			(404,49,1),
			(404,52,1),
			(404,11,1),
			(405,47,1),
			(405,49,1),
			(405,52,1),
			(405,11,1),
			(406,52,1),
			(406,53,1),
			(406,54,1),
			(407,52,1),
			(407,53,1),
			(407,54,1),
			(408,52,1),
			(408,53,1),
			(408,54,1),
			(409,9,1),
			(409,10,1),
			(409,11,2),
			(409,15,1),
			(409,16,1),
			(409,13,1),
			(409,14,1),
			(410,9,1),
			(410,10,1),
			(410,11,2),
			(410,15,1),
			(410,16,1),
			(410,13,1),
			(410,14,1),
			(411,9,1),
			(411,10,1),
			(411,11,2),
			(411,15,1),
			(411,16,1),
			(411,13,1),
			(411,14,1),
			(412,9,1),
			(412,10,1),
			(412,11,2),
			(412,15,1),
			(412,16,1),
			(412,13,1),
			(412,14,1),
			(413,9,1),
			(413,10,1),
			(413,11,2),
			(413,15,1),
			(413,16,1),
			(413,13,1),
			(413,14,1),
			(414,55,1),
			(414,56,1),
			(414,58,1),
			(414,62,1),
			(414,64,1),
			(415,55,1),
			(415,56,1),
			(415,58,1),
			(415,62,1),
			(415,64,1),
			(416,55,1),
			(416,56,1),
			(416,58,1),
			(416,62,1),
			(416,64,1),
			(417,55,1),
			(417,56,1),
			(417,58,1),
			(417,62,1),
			(417,64,1),
			(418,55,1),
			(418,56,1),
			(418,58,1),
			(418,62,1),
			(418,64,1),
			(419,65,1),
			(419,66,1),
			(419,67,1),
			(420,65,1),
			(420,66,1),
			(420,67,1),
			(421,65,1),
			(421,66,1),
			(421,67,1),
			(422,65,1),
			(422,66,1),
			(422,67,1),
			(423,65,1),
			(423,66,1),
			(423,67,1),
			(424,50,1),
			(424,51,1),
			(425,50,1),
			(425,51,1),
			(426,50,1),
			(426,51,1),
			(427,50,1),
			(427,51,1),
			(428,50,1),
			(428,51,1),
			(429,48,1),
			(429,49,1),
			(429,11,1),
			(430,48,1),
			(430,49,1),
			(430,11,1),
			(431,48,1),
			(431,49,1),
			(431,11,1),
			(432,47,1),
			(432,49,1),
			(432,52,1),
			(432,11,1),
			(433,47,1),
			(433,49,1),
			(433,52,1),
			(433,11,1),
			(434,47,1),
			(434,49,1),
			(434,52,1),
			(434,11,1),
			(435,47,1),
			(435,49,1),
			(435,52,1),
			(435,11,1),
			(436,47,1),
			(436,49,1),
			(436,52,1),
			(436,53,1),
			(436,11,1),
			(437,47,1),
			(437,49,1),
			(437,52,1),
			(437,53,1),
			(437,11,1),
			(438,47,1),
			(438,49,1),
			(438,52,1),
			(438,53,1),
			(438,11,1),
			(439,52,1),
			(439,53,1),
			(439,54,1),
			(440,52,1),
			(440,53,1),
			(440,54,1),
			(441,52,1),
			(441,53,1),
			(441,54,1),
			(442,9,1),
			(442,10,1),
			(442,11,2),
			(442,15,1),
			(442,16,1),
			(442,13,1),
			(442,14,1),
			(443,9,1),
			(443,10,1),
			(443,11,2),
			(443,15,1),
			(443,16,1),
			(443,13,1),
			(443,14,1),
			(444,9,1),
			(444,10,1),
			(444,11,2),
			(444,15,1),
			(444,16,1),
			(444,13,1),
			(444,14,1),
			(445,9,1),
			(445,10,1),
			(445,11,2),
			(445,15,1),
			(445,16,1),
			(445,13,1),
			(445,14,1),
			(446,9,1),
			(446,10,1),
			(446,11,2),
			(446,15,1),
			(446,16,1),
			(446,13,1),
			(446,14,1),
			(447,55,1),
			(447,56,1),
			(447,58,1),
			(447,62,1),
			(447,64,1),
			(448,55,1),
			(448,56,1),
			(448,58,1),
			(448,62,1),
			(448,64,1),
			(449,55,1),
			(449,56,1),
			(449,58,1),
			(449,62,1),
			(449,64,1),
			(450,55,1),
			(450,56,1),
			(450,58,1),
			(450,62,1),
			(450,64,1),
			(451,55,1),
			(451,56,1),
			(451,58,1),
			(451,62,1),
			(451,64,1),
			(452,65,1),
			(452,66,1),
			(452,67,1),
			(453,65,1),
			(453,66,1),
			(453,67,1),
			(454,65,1),
			(454,66,1),
			(454,67,1),
			(455,65,1),
			(455,66,1),
			(455,67,1),
			(456,65,1),
			(456,66,1),
			(456,67,1),
			(457,50,1),
			(457,51,1),
			(458,50,1),
			(458,51,1),
			(459,50,1),
			(459,51,1),
			(460,50,1),
			(460,51,1),
			(461,50,1),
			(461,51,1),
			(462,48,1),
			(462,49,1),
			(462,11,1),
			(463,48,1),
			(463,49,1),
			(463,11,1),
			(464,48,1),
			(464,49,1),
			(464,11,1),
			(465,47,1),
			(465,49,1),
			(465,52,1),
			(465,11,1),
			(466,47,1),
			(466,49,1),
			(466,52,1),
			(466,11,1),
			(467,47,1),
			(467,49,1),
			(467,52,1),
			(467,11,1),
			(468,47,1),
			(468,49,1),
			(468,52,1),
			(468,11,1),
			(469,47,1),
			(469,49,1),
			(469,52,1),
			(469,53,1),
			(469,11,1),
			(470,47,1),
			(470,49,1),
			(470,52,1),
			(470,53,1),
			(470,11,1),
			(471,47,1),
			(471,49,1),
			(471,52,1),
			(471,53,1),
			(471,11,1),
			(472,52,1),
			(472,53,1),
			(472,54,1),
			(473,52,1),
			(473,53,1),
			(473,54,1),
			(474,52,1),
			(474,53,1),
			(474,54,1),
			(475,9,1),
			(475,10,1),
			(475,11,2),
			(475,15,1),
			(475,16,1),
			(475,13,1),
			(475,14,1),
			(476,9,1),
			(476,10,1),
			(476,11,2),
			(476,15,1),
			(476,16,1),
			(476,13,1),
			(476,14,1),
			(477,9,1),
			(477,10,1),
			(477,11,2),
			(477,15,1),
			(477,16,1),
			(477,13,1),
			(477,14,1),
			(478,9,1),
			(478,10,1),
			(478,11,2),
			(478,15,1),
			(478,16,1),
			(478,13,1),
			(478,14,1),
			(479,9,1),
			(479,10,1),
			(479,11,2),
			(479,15,1),
			(479,16,1),
			(479,13,1),
			(479,14,1),
			(480,55,1),
			(480,56,1),
			(480,58,1),
			(480,62,1),
			(480,64,1),
			(481,55,1),
			(481,56,1),
			(481,58,1),
			(481,62,1),
			(481,64,1),
			(482,55,1),
			(482,56,1),
			(482,58,1),
			(482,62,1),
			(482,64,1),
			(483,65,1),
			(483,66,1),
			(483,67,1),
			(484,65,1),
			(484,66,1),
			(484,67,1),
			(485,65,1),
			(485,66,1),
			(485,67,1),
			(486,65,1),
			(486,66,1),
			(486,67,1),
			(487,65,1),
			(487,66,1),
			(487,67,1),
			(488,50,1),
			(488,51,1),
			(489,50,1),
			(489,51,1),
			(490,50,1),
			(490,51,1),
			(491,50,1),
			(491,51,1),
			(492,50,1),
			(492,51,1),
			(493,48,1),
			(493,49,1),
			(493,11,1),
			(494,48,1),
			(494,49,1),
			(494,11,1),
			(495,48,1),
			(495,49,1),
			(495,11,1),
			(496,47,1),
			(496,49,1),
			(496,52,1),
			(496,11,1),
			(497,47,1),
			(497,49,1),
			(497,52,1),
			(497,11,1),
			(498,47,1),
			(498,49,1),
			(498,52,1),
			(498,11,1),
			(499,47,1),
			(499,49,1),
			(499,52,1),
			(499,11,1),
			(500,47,1),
			(500,49,1),
			(500,52,1),
			(500,53,1),
			(500,11,1);

INSERT INTO
	shift
		(shift_id, staff_id, hospital_id, shift_date, shift_start, shift_end, clocked_in, clocked_out) VALUES
		(1,1,1,'2024-03-15','05:00:00','17:00:00','05:00:00','17:00:00'),
		(2,2,1,'2024-03-15','05:30:00','17:30:00','05:30:00','17:30:00'),
		(3,3,1,'2024-03-15','06:00:00','18:00:00','06:00:00','18:00:00'),
		(4,4,1,'2024-03-15','06:30:00','18:30:00','07:00:00','18:30:00'),
		(5,5,1,'2024-03-15','07:00:00','19:00:00','07:00:00','19:00:00'),
		(6,6,1,'2024-03-15','07:30:00','19:30:00','07:30:00','19:30:00'),
		(7,7,1,'2024-03-15','08:00:00','20:00:00','08:00:00','20:00:00'),
		(8,8,1,'2024-03-15','08:30:00','20:30:00','08:30:00','20:30:00'),
		(9,9,1,'2024-03-15','09:00:00','21:00:00','09:00:00','21:00:00'),
		(10,10,1,'2024-03-15','05:00:00','21:30:00','05:00:00','21:30:00'),
		(11,11,1,'2024-03-15','05:30:00','22:00:00','06:00:00','22:00:00'),
		(12,12,1,'2024-03-15','06:00:00','22:30:00','06:00:00','22:30:00'),
		(13,13,1,'2024-03-15','06:30:00','23:00:00','06:30:00','23:00:00'),
		(14,14,1,'2024-03-15','07:00:00','23:30:00','07:00:00','23:30:00'),
		(15,15,1,'2024-03-15','07:30:00','00:00:00','08:00:00','00:00:00'),
		(16,16,1,'2024-03-15','08:00:00','17:00:00','08:00:00','17:30:00'),
		(17,17,1,'2024-03-15','08:30:00','17:30:00','08:30:00','17:30:00'),
		(18,18,1,'2024-03-15','09:00:00','18:00:00','09:00:00','18:00:00'),
		(19,19,1,'2024-03-15','05:00:00','18:30:00','05:00:00','18:30:00'),
		(20,20,1,'2024-03-15','05:30:00','19:00:00','05:30:00','19:00:00'),
		(21,21,2,'2024-03-15','06:00:00','19:30:00','06:00:00','19:30:00'),
		(22,22,2,'2024-03-15','06:30:00','20:00:00','07:00:00','20:00:00'),
		(23,23,2,'2024-03-15','07:00:00','20:30:00','07:00:00','20:30:00'),
		(24,24,2,'2024-03-15','07:30:00','21:00:00','07:30:00','21:00:00'),
		(25,25,2,'2024-03-15','08:00:00','21:30:00','08:00:00','21:30:00'),
		(26,26,2,'2024-03-15','08:30:00','22:00:00','08:30:00','22:00:00'),
		(27,27,2,'2024-03-15','09:00:00','22:30:00','09:00:00','22:30:00'),
		(28,28,2,'2024-03-15','05:00:00','23:00:00','05:00:00','23:30:00'),
		(29,29,2,'2024-03-15','05:30:00','23:30:00','05:30:00','23:30:00'),
		(30,30,2,'2024-03-15','06:00:00','00:00:00','06:00:00','00:00:00'),
		(31,31,2,'2024-03-15','06:30:00','17:00:00','06:30:00','17:00:00'),
		(32,32,2,'2024-03-15','07:00:00','17:30:00','07:00:00','17:30:00'),
		(33,33,2,'2024-03-15','07:30:00','18:00:00','08:00:00','18:00:00'),
		(34,34,2,'2024-03-15','08:00:00','18:30:00','08:00:00','18:30:00'),
		(35,35,2,'2024-03-15','08:30:00','19:00:00','08:30:00','19:00:00'),
		(36,36,2,'2024-03-15','09:00:00','19:30:00','09:00:00','19:30:00'),
		(37,37,2,'2024-03-15','05:00:00','20:00:00','05:00:00','20:00:00'),
		(38,38,2,'2024-03-15','05:30:00','20:30:00','05:30:00','20:30:00'),
		(39,39,2,'2024-03-15','06:00:00','21:00:00','06:00:00','21:00:00'),
		(40,40,2,'2024-03-15','06:30:00','21:30:00','07:00:00','21:30:00'),
		(41,41,3,'2024-03-15','07:00:00','22:00:00','07:00:00','22:00:00'),
		(42,42,3,'2024-03-15','07:30:00','22:30:00','07:30:00','22:30:00'),
		(43,43,3,'2024-03-15','08:00:00','23:00:00','08:00:00','23:30:00'),
		(44,44,3,'2024-03-15','08:30:00','23:30:00','08:30:00','23:30:00'),
		(45,45,3,'2024-03-15','09:00:00','00:00:00','09:00:00','00:00:00'),
		(46,46,3,'2024-03-15','05:00:00','17:00:00','05:00:00','17:00:00'),
		(47,47,3,'2024-03-15','05:30:00','17:30:00','06:00:00','17:30:00'),
		(48,48,3,'2024-03-15','06:00:00','18:00:00','06:00:00','18:00:00'),
		(49,49,3,'2024-03-15','06:30:00','18:30:00','06:30:00','18:30:00'),
		(50,50,3,'2024-03-15','07:00:00','19:00:00','07:00:00','19:00:00'),
		(51,51,3,'2024-03-15','07:30:00','19:30:00','07:30:00','19:30:00'),
		(52,52,3,'2024-03-15','08:00:00','20:00:00','08:00:00','20:00:00'),
		(53,53,3,'2024-03-15','08:30:00','20:30:00','08:30:00','20:30:00'),
		(54,54,3,'2024-03-15','09:00:00','21:00:00','09:00:00','21:00:00'),
		(55,55,3,'2024-03-15','05:00:00','21:30:00','05:00:00','21:30:00'),
		(56,56,3,'2024-03-15','05:30:00','22:00:00','06:00:00','22:00:00'),
		(57,57,3,'2024-03-15','06:00:00','22:30:00','06:00:00','22:30:00'),
		(58,58,3,'2024-03-15','06:30:00','23:00:00','06:30:00','23:00:00'),
		(59,59,3,'2024-03-15','07:00:00','23:30:00','07:00:00','23:30:00'),
		(60,60,3,'2024-03-15','07:30:00','00:00:00','08:00:00','00:00:00'),
		(61,61,4,'2024-03-15','08:00:00','17:00:00','08:00:00','17:30:00'),
		(62,62,4,'2024-03-15','08:30:00','17:30:00','08:30:00','17:30:00'),
		(63,63,4,'2024-03-15','09:00:00','18:00:00','09:00:00','18:00:00'),
		(64,64,4,'2024-03-15','05:00:00','18:30:00','05:00:00','18:30:00'),
		(65,65,4,'2024-03-15','05:30:00','19:00:00','05:30:00','19:00:00'),
		(66,66,4,'2024-03-15','06:00:00','19:30:00','06:00:00','19:30:00'),
		(67,67,4,'2024-03-15','06:30:00','20:00:00','07:00:00','20:00:00'),
		(68,68,4,'2024-03-15','07:00:00','20:30:00','07:00:00','20:30:00'),
		(69,69,4,'2024-03-15','07:30:00','21:00:00','07:30:00','21:00:00'),
		(70,70,4,'2024-03-15','08:00:00','21:30:00','08:00:00','21:30:00'),
		(71,71,4,'2024-03-15','08:30:00','22:00:00','08:30:00','22:00:00'),
		(72,72,4,'2024-03-15','09:00:00','22:30:00','09:00:00','22:30:00'),
		(73,73,4,'2024-03-15','05:00:00','23:00:00','05:00:00','23:30:00'),
		(74,74,4,'2024-03-15','05:30:00','23:30:00','05:30:00','23:30:00'),
		(75,75,4,'2024-03-15','06:00:00','00:00:00','06:00:00','00:00:00'),
		(76,76,4,'2024-03-15','06:30:00','17:00:00','06:30:00','17:00:00'),
		(77,77,4,'2024-03-15','07:00:00','17:30:00','07:00:00','17:30:00'),
		(78,78,4,'2024-03-15','07:30:00','18:00:00','08:00:00','18:00:00'),
		(79,79,4,'2024-03-15','08:00:00','18:30:00','08:00:00','18:30:00'),
		(80,80,4,'2024-03-15','08:30:00','19:00:00','08:30:00','19:00:00'),
		(81,81,5,'2024-03-15','09:00:00','19:30:00','09:00:00','19:30:00'),
		(82,82,5,'2024-03-15','05:00:00','20:00:00','05:00:00','20:00:00'),
		(83,83,5,'2024-03-15','05:30:00','20:30:00','06:00:00','20:30:00'),
		(84,84,5,'2024-03-15','06:00:00','21:00:00','06:00:00','21:00:00'),
		(85,85,5,'2024-03-15','06:30:00','21:30:00','06:30:00','21:30:00'),
		(86,86,5,'2024-03-15','07:00:00','22:00:00','07:00:00','22:00:00'),
		(87,87,5,'2024-03-15','07:30:00','22:30:00','07:30:00','22:30:00'),
		(88,88,5,'2024-03-15','08:00:00','23:00:00','08:00:00','23:30:00'),
		(89,89,5,'2024-03-15','08:30:00','23:30:00','08:30:00','23:30:00'),
		(90,90,5,'2024-03-15','09:00:00','00:00:00','09:00:00','00:00:00'),
		(91,91,5,'2024-03-15','05:00:00','17:00:00','05:00:00','17:00:00'),
		(92,92,5,'2024-03-15','05:30:00','17:30:00','05:30:00','17:30:00'),
		(93,93,5,'2024-03-15','06:00:00','18:00:00','06:30:00','18:00:00'),
		(94,94,5,'2024-03-15','06:30:00','18:30:00','06:30:00','18:30:00'),
		(95,95,5,'2024-03-15','07:00:00','19:00:00','07:00:00','19:00:00'),
		(96,96,5,'2024-03-15','07:30:00','19:30:00','07:30:00','19:30:00'),
		(97,97,5,'2024-03-15','08:00:00','20:00:00','08:00:00','20:00:00'),
		(98,98,5,'2024-03-15','08:30:00','20:30:00','08:30:00','20:30:00'),
		(99,99,5,'2024-03-15','09:00:00','21:00:00','09:00:00','21:00:00'),
		(100,100,5,'2024-03-15','05:00:00','21:30:00','05:00:00','21:30:00'),
		(101,101,6,'2024-03-15','05:30:00','22:00:00','06:00:00','22:00:00'),
		(102,102,6,'2024-03-15','06:00:00','22:30:00','06:00:00','22:30:00'),
		(103,103,6,'2024-03-15','06:30:00','23:00:00','06:30:00','23:00:00'),
		(104,104,6,'2024-03-15','07:00:00','23:30:00','07:00:00','23:30:00'),
		(105,105,6,'2024-03-15','07:30:00','00:00:00','08:00:00','00:00:00'),
		(106,106,6,'2024-03-15','08:00:00','17:00:00','08:00:00','17:30:00'),
		(107,107,6,'2024-03-15','08:30:00','17:30:00','08:30:00','17:30:00'),
		(108,108,6,'2024-03-15','09:00:00','18:00:00','09:00:00','18:00:00'),
		(109,109,6,'2024-03-15','05:00:00','18:30:00','05:00:00','18:30:00'),
		(110,110,6,'2024-03-15','05:30:00','19:00:00','05:30:00','19:00:00'),
		(111,111,6,'2024-03-15','06:00:00','19:30:00','06:00:00','19:30:00'),
		(112,112,6,'2024-03-15','06:30:00','20:00:00','07:00:00','20:00:00'),
		(113,113,6,'2024-03-15','07:00:00','20:30:00','07:00:00','20:30:00'),
		(114,114,6,'2024-03-15','07:30:00','21:00:00','07:30:00','21:00:00'),
		(115,115,6,'2024-03-15','08:00:00','21:30:00','08:00:00','21:30:00'),
		(116,116,6,'2024-03-15','08:30:00','22:00:00','08:30:00','22:00:00'),
		(117,117,6,'2024-03-15','09:00:00','22:30:00','09:00:00','22:30:00'),
		(118,118,6,'2024-03-15','05:00:00','23:00:00','05:00:00','23:30:00'),
		(119,119,6,'2024-03-15','05:30:00','23:30:00','05:30:00','23:30:00'),
		(120,120,6,'2024-03-15','06:00:00','00:00:00','06:00:00','00:00:00'),
		(121,121,7,'2024-03-15','06:30:00','17:00:00','06:30:00','17:00:00'),
		(122,122,7,'2024-03-15','07:00:00','17:30:00','07:30:00','17:30:00'),
		(123,123,7,'2024-03-15','07:30:00','18:00:00','07:30:00','18:00:00'),
		(124,124,7,'2024-03-15','08:00:00','18:30:00','08:00:00','18:30:00'),
		(125,125,7,'2024-03-15','08:30:00','19:00:00','08:30:00','19:00:00'),
		(126,126,7,'2024-03-15','09:00:00','19:30:00','09:00:00','19:30:00'),
		(127,127,7,'2024-03-15','05:00:00','20:00:00','05:00:00','20:00:00'),
		(128,128,7,'2024-03-15','05:30:00','20:30:00','05:30:00','20:30:00'),
		(129,129,7,'2024-03-15','06:00:00','21:00:00','06:00:00','21:00:00'),
		(130,130,7,'2024-03-15','06:30:00','21:30:00','07:00:00','21:30:00'),
		(131,131,7,'2024-03-15','07:00:00','22:00:00','07:00:00','22:00:00'),
		(132,132,7,'2024-03-15','07:30:00','22:30:00','07:30:00','22:30:00'),
		(133,133,7,'2024-03-15','08:00:00','23:00:00','08:00:00','23:30:00'),
		(134,134,7,'2024-03-15','08:30:00','23:30:00','08:30:00','23:30:00'),
		(135,135,7,'2024-03-15','09:00:00','00:00:00','09:00:00','00:00:00'),
		(136,136,7,'2024-03-15','05:00:00','17:00:00','05:00:00','17:00:00'),
		(137,137,7,'2024-03-15','05:30:00','17:30:00','06:00:00','17:30:00'),
		(138,138,7,'2024-03-15','06:00:00','18:00:00','06:00:00','18:00:00'),
		(139,139,7,'2024-03-15','06:30:00','18:30:00','06:30:00','18:30:00'),
		(140,140,7,'2024-03-15','07:00:00','19:00:00','07:00:00','19:00:00'),
		(141,141,8,'2024-03-15','07:30:00','19:30:00','07:30:00','19:30:00'),
		(142,142,8,'2024-03-15','08:00:00','20:00:00','08:30:00','20:00:00'),
		(143,143,8,'2024-03-15','08:30:00','20:30:00','08:30:00','20:30:00'),
		(144,144,8,'2024-03-15','09:00:00','21:00:00','09:00:00','21:00:00'),
		(145,145,8,'2024-03-15','05:00:00','21:30:00','05:00:00','21:30:00'),
		(146,146,8,'2024-03-15','05:30:00','22:00:00','05:30:00','22:00:00'),
		(147,147,8,'2024-03-15','06:00:00','22:30:00','06:00:00','22:30:00'),
		(148,148,8,'2024-03-15','06:30:00','23:00:00','07:00:00','23:00:00'),
		(149,149,8,'2024-03-15','07:00:00','23:30:00','07:00:00','23:30:00'),
		(150,150,8,'2024-03-15','07:30:00','00:00:00','07:30:00','00:00:00'),
		(151,151,8,'2024-03-15','08:00:00','17:00:00','08:00:00','17:30:00'),
		(152,152,8,'2024-03-15','08:30:00','17:30:00','08:30:00','17:30:00'),
		(153,153,8,'2024-03-15','09:00:00','18:00:00','09:00:00','18:00:00'),
		(154,154,8,'2024-03-15','05:00:00','18:30:00','05:00:00','18:30:00'),
		(155,155,8,'2024-03-15','05:30:00','19:00:00','05:30:00','19:00:00'),
		(156,156,8,'2024-03-15','06:00:00','19:30:00','06:30:00','19:30:00'),
		(157,157,8,'2024-03-15','06:30:00','20:00:00','06:30:00','20:00:00'),
		(158,158,8,'2024-03-15','07:00:00','20:30:00','07:00:00','20:30:00'),
		(159,159,8,'2024-03-15','07:30:00','21:00:00','07:30:00','21:00:00'),
		(160,160,8,'2024-03-15','08:00:00','21:30:00','08:00:00','21:30:00'),
		(161,161,9,'2024-03-15','08:30:00','22:00:00','08:30:00','22:00:00'),
		(162,162,9,'2024-03-15','09:00:00','22:30:00','09:30:00','22:30:00'),
		(163,163,9,'2024-03-15','05:00:00','23:00:00','05:00:00','23:30:00'),
		(164,164,9,'2024-03-15','05:30:00','23:30:00','05:30:00','23:30:00'),
		(165,165,9,'2024-03-15','06:00:00','00:00:00','06:00:00','00:00:00'),
		(166,166,9,'2024-03-15','06:30:00','17:00:00','06:30:00','17:00:00'),
		(167,167,9,'2024-03-15','07:00:00','17:30:00','07:00:00','17:30:00'),
		(168,168,9,'2024-03-15','07:30:00','18:00:00','08:00:00','18:00:00'),
		(169,169,9,'2024-03-15','08:00:00','18:30:00','08:00:00','18:30:00'),
		(170,170,9,'2024-03-15','08:30:00','19:00:00','08:30:00','19:00:00'),
		(171,171,9,'2024-03-15','09:00:00','19:30:00','09:00:00','19:30:00'),
		(172,172,9,'2024-03-15','05:00:00','20:00:00','05:00:00','20:00:00'),
		(173,173,9,'2024-03-15','05:30:00','20:30:00','05:30:00','20:30:00'),
		(174,174,9,'2024-03-15','06:00:00','21:00:00','06:00:00','21:00:00'),
		(175,175,9,'2024-03-15','06:30:00','21:30:00','07:00:00','21:30:00'),
		(176,176,9,'2024-03-15','07:00:00','22:00:00','07:00:00','22:00:00'),
		(177,177,9,'2024-03-15','07:30:00','22:30:00','07:30:00','22:30:00'),
		(178,178,9,'2024-03-15','08:00:00','23:00:00','08:00:00','23:30:00'),
		(179,179,9,'2024-03-15','08:30:00','23:30:00','08:30:00','23:30:00'),
		(180,180,9,'2024-03-15','09:00:00','00:00:00','09:00:00','00:00:00'),
		(181,181,10,'2024-03-15','05:00:00','17:00:00','05:00:00','17:00:00'),
		(182,182,10,'2024-03-15','05:30:00','17:30:00','06:00:00','17:30:00'),
		(183,183,10,'2024-03-15','06:00:00','18:00:00','06:00:00','18:00:00'),
		(184,184,10,'2024-03-15','06:30:00','18:30:00','06:30:00','18:30:00'),
		(185,185,10,'2024-03-15','07:00:00','19:00:00','07:00:00','19:00:00'),
		(186,186,10,'2024-03-15','07:30:00','19:30:00','07:30:00','19:30:00'),
		(187,187,10,'2024-03-15','08:00:00','20:00:00','08:00:00','20:00:00'),
		(188,188,10,'2024-03-15','08:30:00','20:30:00','08:30:00','20:30:00'),
		(189,189,10,'2024-03-15','09:00:00','21:00:00','09:30:00','21:00:00'),
		(190,190,10,'2024-03-15','05:00:00','21:30:00','05:00:00','21:30:00'),
		(191,191,10,'2024-03-15','05:30:00','22:00:00','05:30:00','22:00:00'),
		(192,192,10,'2024-03-15','06:00:00','22:30:00','06:00:00','22:30:00'),
		(193,193,10,'2024-03-15','06:30:00','23:00:00','07:00:00','23:00:00'),
		(194,194,10,'2024-03-15','07:00:00','23:30:00','07:00:00','23:30:00'),
		(195,195,10,'2024-03-15','07:30:00','00:00:00','07:30:00','00:00:00'),
		(196,196,10,'2024-03-15','08:00:00','17:00:00','08:00:00','17:30:00'),
		(197,197,10,'2024-03-15','08:30:00','17:30:00','08:30:00','17:30:00'),
		(198,198,10,'2024-03-15','09:00:00','18:00:00','09:00:00','18:00:00'),
		(199,199,10,'2024-03-15','05:00:00','18:30:00','05:00:00','18:30:00'),
		(200,200,10,'2024-03-15','05:30:00','19:00:00','05:30:00','19:00:00'),
		(201,201,11,'2024-03-15','06:00:00','19:30:00','06:00:00','19:30:00'),
		(202,202,11,'2024-03-15','06:30:00','20:00:00','07:00:00','20:00:00'),
		(203,203,11,'2024-03-15','07:00:00','20:30:00','07:00:00','20:30:00'),
		(204,204,11,'2024-03-15','07:30:00','21:00:00','07:30:00','21:00:00'),
		(205,205,11,'2024-03-15','08:00:00','21:30:00','08:00:00','21:30:00'),
		(206,206,11,'2024-03-15','08:30:00','22:00:00','08:30:00','22:00:00'),
		(207,207,11,'2024-03-15','09:00:00','22:30:00','09:00:00','22:30:00'),
		(208,208,11,'2024-03-15','05:00:00','23:00:00','05:00:00','23:30:00'),
		(209,209,11,'2024-03-15','05:30:00','23:30:00','05:30:00','23:30:00'),
		(210,210,11,'2024-03-15','06:00:00','00:00:00','06:30:00','00:00:00'),
		(211,211,11,'2024-03-15','06:30:00','17:00:00','06:30:00','17:00:00'),
		(212,212,11,'2024-03-15','07:00:00','17:30:00','07:00:00','17:30:00'),
		(213,213,11,'2024-03-15','07:30:00','18:00:00','07:30:00','18:00:00'),
		(214,214,11,'2024-03-15','08:00:00','18:30:00','08:30:00','18:30:00'),
		(215,215,11,'2024-03-15','08:30:00','19:00:00','08:30:00','19:00:00'),
		(216,216,11,'2024-03-15','09:00:00','19:30:00','09:00:00','19:30:00'),
		(217,217,11,'2024-03-15','05:00:00','20:00:00','05:00:00','20:00:00'),
		(218,218,11,'2024-03-15','05:30:00','20:30:00','05:30:00','20:30:00'),
		(219,219,11,'2024-03-15','06:00:00','21:00:00','06:00:00','21:00:00'),
		(220,220,11,'2024-03-15','06:30:00','21:30:00','07:00:00','21:30:00'),
		(221,221,12,'2024-03-15','07:00:00','22:00:00','07:00:00','22:00:00'),
		(222,222,12,'2024-03-15','07:30:00','22:30:00','07:30:00','22:30:00'),
		(223,223,12,'2024-03-15','08:00:00','23:00:00','08:00:00','23:30:00'),
		(224,224,12,'2024-03-15','08:30:00','23:30:00','08:30:00','23:30:00'),
		(225,225,12,'2024-03-15','09:00:00','00:00:00','09:00:00','00:00:00'),
		(226,226,12,'2024-03-15','05:00:00','17:00:00','05:30:00','17:00:00'),
		(227,227,12,'2024-03-15','05:30:00','17:30:00','05:30:00','17:30:00'),
		(228,228,12,'2024-03-15','06:00:00','18:00:00','06:00:00','18:00:00'),
		(229,229,12,'2024-03-15','06:30:00','18:30:00','06:30:00','18:30:00'),
		(230,230,12,'2024-03-15','07:00:00','19:00:00','07:00:00','19:00:00'),
		(231,231,12,'2024-03-15','07:30:00','19:30:00','07:30:00','19:30:00'),
		(232,232,12,'2024-03-15','08:00:00','20:00:00','08:00:00','20:00:00'),
		(233,233,12,'2024-03-15','08:30:00','20:30:00','08:30:00','20:30:00'),
		(234,234,12,'2024-03-15','09:00:00','21:00:00','09:00:00','21:00:00'),
		(235,235,12,'2024-03-15','05:00:00','21:30:00','05:00:00','21:30:00'),
		(236,236,12,'2024-03-15','05:30:00','22:00:00','06:00:00','22:00:00'),
		(237,237,12,'2024-03-15','06:00:00','22:30:00','06:00:00','22:30:00'),
		(238,238,12,'2024-03-15','06:30:00','23:00:00','06:30:00','23:00:00'),
		(239,239,12,'2024-03-15','07:00:00','23:30:00','07:00:00','23:30:00'),
		(240,240,12,'2024-03-15','07:30:00','00:00:00','08:00:00','00:00:00'),
		(241,241,13,'2024-03-15','08:00:00','17:00:00','08:00:00','17:30:00'),
		(242,242,13,'2024-03-15','08:30:00','17:30:00','08:30:00','17:30:00'),
		(243,243,13,'2024-03-15','09:00:00','18:00:00','09:00:00','18:00:00'),
		(244,244,13,'2024-03-15','05:00:00','18:30:00','05:00:00','18:30:00'),
		(245,245,13,'2024-03-15','05:30:00','19:00:00','05:30:00','19:00:00'),
		(246,246,13,'2024-03-15','06:00:00','19:30:00','06:30:00','19:30:00'),
		(247,247,13,'2024-03-15','06:30:00','20:00:00','06:30:00','20:00:00'),
		(248,248,13,'2024-03-15','07:00:00','20:30:00','07:00:00','20:30:00'),
		(249,249,13,'2024-03-15','07:30:00','21:00:00','07:30:00','21:00:00'),
		(250,250,13,'2024-03-15','08:00:00','21:30:00','08:00:00','21:30:00'),
		(251,251,13,'2024-03-15','08:30:00','22:00:00','08:30:00','22:00:00'),
		(252,252,13,'2024-03-15','09:00:00','22:30:00','09:00:00','22:30:00'),
		(253,253,13,'2024-03-15','05:00:00','23:00:00','05:00:00','23:30:00'),
		(254,254,13,'2024-03-15','05:30:00','23:30:00','05:30:00','23:30:00'),
		(255,255,13,'2024-03-15','06:00:00','00:00:00','06:00:00','00:00:00'),
		(256,256,13,'2024-03-15','06:30:00','17:00:00','07:00:00','17:00:00'),
		(257,257,13,'2024-03-15','07:00:00','17:30:00','07:00:00','17:30:00'),
		(258,258,13,'2024-03-15','07:30:00','18:00:00','07:30:00','18:00:00'),
		(259,259,13,'2024-03-15','08:00:00','18:30:00','08:00:00','18:30:00'),
		(260,260,13,'2024-03-15','08:30:00','19:00:00','08:30:00','19:00:00'),
		(261,261,14,'2024-03-15','09:00:00','19:30:00','09:00:00','19:30:00'),
		(262,262,14,'2024-03-15','05:00:00','20:00:00','05:00:00','20:00:00'),
		(263,263,14,'2024-03-15','05:30:00','20:30:00','06:00:00','20:30:00'),
		(264,264,14,'2024-03-15','06:00:00','21:00:00','06:00:00','21:00:00'),
		(265,265,14,'2024-03-15','06:30:00','21:30:00','06:30:00','21:30:00'),
		(266,266,14,'2024-03-15','07:00:00','22:00:00','07:00:00','22:00:00'),
		(267,267,14,'2024-03-15','07:30:00','22:30:00','07:30:00','22:30:00'),
		(268,268,14,'2024-03-15','08:00:00','23:00:00','08:00:00','23:30:00'),
		(269,269,14,'2024-03-15','08:30:00','23:30:00','08:30:00','23:30:00'),
		(270,270,14,'2024-03-15','09:00:00','00:00:00','09:00:00','00:00:00'),
		(271,271,14,'2024-03-15','05:00:00','17:00:00','05:30:00','17:00:00'),
		(272,272,14,'2024-03-15','05:30:00','17:30:00','05:30:00','17:30:00'),
		(273,273,14,'2024-03-15','06:00:00','18:00:00','06:00:00','18:00:00'),
		(274,274,14,'2024-03-15','06:30:00','18:30:00','06:30:00','18:30:00'),
		(275,275,14,'2024-03-15','07:00:00','19:00:00','07:00:00','19:00:00'),
		(276,276,14,'2024-03-15','07:30:00','19:30:00','07:30:00','19:30:00'),
		(277,277,14,'2024-03-15','08:00:00','20:00:00','08:00:00','20:00:00'),
		(278,278,14,'2024-03-15','08:30:00','20:30:00','08:30:00','20:30:00'),
		(279,279,14,'2024-03-15','09:00:00','21:00:00','09:00:00','21:00:00'),
		(280,280,14,'2024-03-15','05:00:00','21:30:00','05:00:00','21:30:00'),
		(281,281,15,'2024-03-15','05:30:00','22:00:00','06:00:00','22:00:00'),
		(282,282,15,'2024-03-15','06:00:00','22:30:00','06:00:00','22:30:00'),
		(283,283,15,'2024-03-15','06:30:00','23:00:00','06:30:00','23:00:00'),
		(284,284,15,'2024-03-15','07:00:00','23:30:00','07:00:00','23:30:00'),
		(285,285,15,'2024-03-15','07:30:00','00:00:00','08:00:00','00:00:00'),
		(286,286,15,'2024-03-15','08:00:00','17:00:00','08:00:00','17:30:00'),
		(287,287,15,'2024-03-15','08:30:00','17:30:00','08:30:00','17:30:00'),
		(288,288,15,'2024-03-15','09:00:00','18:00:00','09:00:00','18:00:00'),
		(289,289,15,'2024-03-15','05:00:00','18:30:00','05:00:00','18:30:00'),
		(290,290,15,'2024-03-15','05:30:00','19:00:00','05:30:00','19:00:00'),
		(291,291,15,'2024-03-15','06:00:00','19:30:00','06:00:00','19:30:00'),
		(292,292,15,'2024-03-15','06:30:00','20:00:00','07:00:00','20:00:00'),
		(293,293,15,'2024-03-15','07:00:00','20:30:00','07:00:00','20:30:00'),
		(294,294,15,'2024-03-15','07:30:00','21:00:00','07:30:00','21:00:00'),
		(295,295,15,'2024-03-15','08:00:00','21:30:00','08:00:00','21:30:00'),
		(296,296,15,'2024-03-15','08:30:00','22:00:00','08:30:00','22:00:00'),
		(297,297,15,'2024-03-15','09:00:00','22:30:00','09:00:00','22:30:00'),
		(298,298,15,'2024-03-15','05:00:00','23:00:00','05:00:00','23:30:00'),
		(299,299,15,'2024-03-15','05:30:00','23:30:00','05:30:00','23:30:00'),
		(300,300,15,'2024-03-15','06:00:00','00:00:00','06:00:00','00:00:00'),
		(301,301,16,'2024-03-15','06:30:00','17:00:00','06:30:00','17:00:00'),
		(302,302,16,'2024-03-15','07:00:00','17:30:00','07:30:00','17:30:00'),
		(303,303,16,'2024-03-15','07:30:00','18:00:00','07:30:00','18:00:00'),
		(304,304,16,'2024-03-15','08:00:00','18:30:00','08:00:00','18:30:00'),
		(305,305,16,'2024-03-15','08:30:00','19:00:00','08:30:00','19:00:00'),
		(306,306,16,'2024-03-15','09:00:00','19:30:00','09:00:00','19:30:00'),
		(307,307,16,'2024-03-15','05:00:00','20:00:00','05:00:00','20:00:00'),
		(308,308,16,'2024-03-15','05:30:00','20:30:00','05:30:00','20:30:00'),
		(309,309,16,'2024-03-15','06:00:00','21:00:00','06:00:00','21:00:00'),
		(310,310,16,'2024-03-15','06:30:00','21:30:00','07:00:00','21:30:00'),
		(311,311,16,'2024-03-15','07:00:00','22:00:00','07:00:00','22:00:00'),
		(312,312,16,'2024-03-15','07:30:00','22:30:00','07:30:00','22:30:00'),
		(313,313,16,'2024-03-15','08:00:00','23:00:00','08:00:00','23:30:00'),
		(314,314,16,'2024-03-15','08:30:00','23:30:00','08:30:00','23:30:00'),
		(315,315,16,'2024-03-15','09:00:00','00:00:00','09:00:00','00:00:00'),
		(316,316,16,'2024-03-15','05:00:00','17:00:00','05:00:00','17:00:00'),
		(317,317,16,'2024-03-15','05:30:00','17:30:00','06:00:00','17:30:00'),
		(318,318,16,'2024-03-15','06:00:00','18:00:00','06:00:00','18:00:00'),
		(319,319,16,'2024-03-15','06:30:00','18:30:00','06:30:00','18:30:00'),
		(320,320,16,'2024-03-15','07:00:00','19:00:00','07:00:00','19:00:00'),
		(321,321,17,'2024-03-15','07:30:00','19:30:00','07:30:00','19:30:00'),
		(322,322,17,'2024-03-15','08:00:00','20:00:00','08:30:00','20:00:00'),
		(323,323,17,'2024-03-15','08:30:00','20:30:00','08:30:00','20:30:00'),
		(324,324,17,'2024-03-15','09:00:00','21:00:00','09:00:00','21:00:00'),
		(325,325,17,'2024-03-15','05:00:00','21:30:00','05:00:00','21:30:00'),
		(326,326,17,'2024-03-15','05:30:00','22:00:00','05:30:00','22:00:00'),
		(327,327,17,'2024-03-15','06:00:00','22:30:00','06:30:00','22:30:00'),
		(328,328,17,'2024-03-15','06:30:00','23:00:00','06:30:00','23:00:00'),
		(329,329,17,'2024-03-15','07:00:00','23:30:00','07:00:00','23:30:00'),
		(330,330,17,'2024-03-15','07:30:00','00:00:00','07:30:00','00:00:00'),
		(331,331,17,'2024-03-15','08:00:00','17:00:00','08:00:00','17:30:00'),
		(332,332,17,'2024-03-15','08:30:00','17:30:00','08:30:00','17:30:00'),
		(333,333,17,'2024-03-15','09:00:00','18:00:00','09:00:00','18:00:00'),
		(334,334,17,'2024-03-15','05:00:00','18:30:00','05:00:00','18:30:00'),
		(335,335,17,'2024-03-15','05:30:00','19:00:00','05:30:00','19:00:00'),
		(336,336,17,'2024-03-15','06:00:00','19:30:00','06:00:00','19:30:00'),
		(337,337,17,'2024-03-15','06:30:00','20:00:00','07:00:00','20:00:00'),
		(338,338,17,'2024-03-15','07:00:00','20:30:00','07:00:00','20:30:00'),
		(339,339,17,'2024-03-15','07:30:00','21:00:00','07:30:00','21:00:00'),
		(340,340,17,'2024-03-15','08:00:00','21:30:00','08:00:00','21:30:00'),
		(341,341,18,'2024-03-15','08:30:00','22:00:00','08:30:00','22:00:00'),
		(342,342,18,'2024-03-15','09:00:00','22:30:00','09:30:00','22:30:00'),
		(343,343,18,'2024-03-15','05:00:00','23:00:00','05:00:00','23:30:00'),
		(344,344,18,'2024-03-15','05:30:00','23:30:00','05:30:00','23:30:00'),
		(345,345,18,'2024-03-15','06:00:00','00:00:00','06:00:00','00:00:00'),
		(346,346,18,'2024-03-15','06:30:00','17:00:00','06:30:00','17:00:00'),
		(347,347,18,'2024-03-15','07:00:00','17:30:00','07:00:00','17:30:00'),
		(348,348,18,'2024-03-15','07:30:00','18:00:00','08:00:00','18:00:00'),
		(349,349,18,'2024-03-15','08:00:00','18:30:00','08:00:00','18:30:00'),
		(350,350,18,'2024-03-15','08:30:00','19:00:00','08:30:00','19:00:00'),
		(351,351,18,'2024-03-15','09:00:00','19:30:00','09:00:00','19:30:00'),
		(352,352,18,'2024-03-15','05:00:00','20:00:00','05:00:00','20:00:00'),
		(353,353,18,'2024-03-15','05:30:00','20:30:00','05:30:00','20:30:00'),
		(354,354,18,'2024-03-15','06:00:00','21:00:00','06:00:00','21:00:00'),
		(355,355,18,'2024-03-15','06:30:00','21:30:00','07:00:00','21:30:00'),
		(356,356,18,'2024-03-15','07:00:00','22:00:00','07:00:00','22:00:00'),
		(357,357,18,'2024-03-15','07:30:00','22:30:00','07:30:00','22:30:00'),
		(358,358,18,'2024-03-15','08:00:00','23:00:00','08:00:00','23:30:00'),
		(359,359,18,'2024-03-15','08:30:00','23:30:00','08:30:00','23:30:00'),
		(360,360,18,'2024-03-15','09:00:00','00:00:00','09:00:00','00:00:00'),
		(361,361,19,'2024-03-15','05:00:00','17:00:00','05:00:00','17:00:00'),
		(362,362,19,'2024-03-15','05:30:00','17:30:00','06:00:00','17:30:00'),
		(363,363,19,'2024-03-15','06:00:00','18:00:00','06:00:00','18:00:00'),
		(364,364,19,'2024-03-15','06:30:00','18:30:00','06:30:00','18:30:00'),
		(365,365,19,'2024-03-15','07:00:00','19:00:00','07:00:00','19:00:00'),
		(366,366,19,'2024-03-15','07:30:00','19:30:00','07:30:00','19:30:00'),
		(367,367,19,'2024-03-15','08:00:00','20:00:00','08:00:00','20:00:00'),
		(368,368,19,'2024-03-15','08:30:00','20:30:00','08:30:00','20:30:00'),
		(369,369,19,'2024-03-15','09:00:00','21:00:00','09:30:00','21:00:00'),
		(370,370,19,'2024-03-15','05:00:00','21:30:00','05:00:00','21:30:00'),
		(371,371,19,'2024-03-15','05:30:00','22:00:00','05:30:00','22:00:00'),
		(372,372,19,'2024-03-15','06:00:00','22:30:00','06:00:00','22:30:00'),
		(373,373,19,'2024-03-15','06:30:00','23:00:00','07:00:00','23:00:00'),
		(374,374,19,'2024-03-15','07:00:00','23:30:00','07:00:00','23:30:00'),
		(375,375,19,'2024-03-15','07:30:00','00:00:00','07:30:00','00:00:00'),
		(376,376,19,'2024-03-15','08:00:00','17:00:00','08:00:00','17:30:00'),
		(377,377,19,'2024-03-15','08:30:00','17:30:00','08:30:00','17:30:00'),
		(378,378,19,'2024-03-15','09:00:00','18:00:00','09:00:00','18:00:00'),
		(379,379,19,'2024-03-15','05:00:00','18:30:00','05:00:00','18:30:00'),
		(380,380,19,'2024-03-15','05:30:00','19:00:00','05:30:00','19:00:00'),
		(381,381,20,'2024-03-15','06:00:00','19:30:00','06:00:00','19:30:00'),
		(382,382,20,'2024-03-15','06:30:00','20:00:00','07:00:00','20:00:00'),
		(383,383,20,'2024-03-15','07:00:00','20:30:00','07:00:00','20:30:00'),
		(384,384,20,'2024-03-15','07:30:00','21:00:00','07:30:00','21:00:00'),
		(385,385,20,'2024-03-15','08:00:00','21:30:00','08:00:00','21:30:00'),
		(386,386,20,'2024-03-15','08:30:00','22:00:00','08:30:00','22:00:00'),
		(387,387,20,'2024-03-15','09:00:00','22:30:00','09:00:00','22:30:00'),
		(388,388,20,'2024-03-15','05:00:00','23:00:00','05:00:00','23:30:00'),
		(389,389,20,'2024-03-15','05:30:00','23:30:00','05:30:00','23:30:00'),
		(390,390,20,'2024-03-15','06:00:00','00:00:00','06:30:00','00:00:00'),
		(391,391,20,'2024-03-15','06:30:00','17:00:00','06:30:00','17:00:00'),
		(392,392,20,'2024-03-15','07:00:00','17:30:00','07:00:00','17:30:00'),
		(393,393,20,'2024-03-15','07:30:00','18:00:00','07:30:00','18:00:00'),
		(394,394,20,'2024-03-15','08:00:00','18:30:00','08:30:00','18:30:00'),
		(395,395,20,'2024-03-15','08:30:00','19:00:00','08:30:00','19:00:00'),
		(396,396,20,'2024-03-15','09:00:00','19:30:00','09:00:00','19:30:00'),
		(397,397,20,'2024-03-15','05:00:00','20:00:00','05:00:00','20:00:00'),
		(398,398,20,'2024-03-15','05:30:00','20:30:00','05:30:00','20:30:00'),
		(399,399,20,'2024-03-15','06:00:00','21:00:00','06:00:00','21:00:00'),
		(400,400,20,'2024-03-15','06:30:00','21:30:00','07:00:00','21:30:00');
									
-- ******************************** DATA INSERTION ENDS HERE ******************************** --
